Borough,Neighborhood,Season,Day_of_Week,Time_Bucket,Avg_Complaints_Per_Week,Std_Complaints,Num_Weeks
BRONX,Bronx Park and Fordham,Fall,0,afternoon,12.243589743589743,7.010541038157158,78
BRONX,Bronx Park and Fordham,Fall,0,evening,19.102564102564102,20.579014492823447,78
BRONX,Bronx Park and Fordham,Fall,0,morning,7.794871794871795,7.741537439772666,78
BRONX,Bronx Park and Fordham,Fall,0,night,25.26923076923077,23.303571476416302,78
BRONX,Bronx Park and Fordham,Fall,0,overnight,8.636363636363637,8.992554070348087,77
BRONX,Bronx Park and Fordham,Fall,1,afternoon,10.679487179487179,4.836263422255232,78
BRONX,Bronx Park and Fordham,Fall,1,evening,17.28205128205128,6.5483167975024585,78
BRONX,Bronx Park and Fordham,Fall,1,morning,6.415584415584416,3.14705647496133,77
BRONX,Bronx Park and Fordham,Fall,1,night,18.423076923076923,9.279945183964323,78
BRONX,Bronx Park and Fordham,Fall,1,overnight,5.675324675324675,4.892103084621922,77
BRONX,Bronx Park and Fordham,Fall,2,afternoon,10.91025641025641,4.264580481905188,78
BRONX,Bronx Park and Fordham,Fall,2,evening,18.141025641025642,8.188881215268395,78
BRONX,Bronx Park and Fordham,Fall,2,morning,6.282051282051282,3.329901663449701,78
BRONX,Bronx Park and Fordham,Fall,2,night,18.705128205128204,8.238504741332639,78
BRONX,Bronx Park and Fordham,Fall,2,overnight,5.103896103896104,3.1312701962135345,77
BRONX,Bronx Park and Fordham,Fall,3,afternoon,11.871794871794872,5.5837402498822595,78
BRONX,Bronx Park and Fordham,Fall,3,evening,17.03846153846154,8.636140172722829,78
BRONX,Bronx Park and Fordham,Fall,3,morning,6.766233766233766,3.417817493418647,77
BRONX,Bronx Park and Fordham,Fall,3,night,21.115384615384617,11.815662914533831,78
BRONX,Bronx Park and Fordham,Fall,3,overnight,5.333333333333333,3.3754909856107442,78
BRONX,Bronx Park and Fordham,Fall,4,afternoon,12.0,5.3427946381509495,78
BRONX,Bronx Park and Fordham,Fall,4,evening,25.487179487179485,12.901971650134428,78
BRONX,Bronx Park and Fordham,Fall,4,morning,7.407894736842105,3.533374710118538,76
BRONX,Bronx Park and Fordham,Fall,4,night,35.756410256410255,16.883239900676333,78
BRONX,Bronx Park and Fordham,Fall,4,overnight,7.0256410256410255,5.72071732622813,78
BRONX,Bronx Park and Fordham,Fall,5,afternoon,19.153846153846153,7.415457571115284,78
BRONX,Bronx Park and Fordham,Fall,5,evening,35.64102564102564,20.068049400143668,78
BRONX,Bronx Park and Fordham,Fall,5,morning,8.961538461538462,4.3795341853123695,78
BRONX,Bronx Park and Fordham,Fall,5,night,54.333333333333336,27.378381208094787,78
BRONX,Bronx Park and Fordham,Fall,5,overnight,14.948717948717949,9.64283925948934,78
BRONX,Bronx Park and Fordham,Fall,6,afternoon,19.397435897435898,7.13567904392535,78
BRONX,Bronx Park and Fordham,Fall,6,evening,33.782051282051285,20.404129602325725,78
BRONX,Bronx Park and Fordham,Fall,6,morning,11.564102564102564,5.957838324076738,78
BRONX,Bronx Park and Fordham,Fall,6,night,54.34615384615385,27.082282953068226,78
BRONX,Bronx Park and Fordham,Fall,6,overnight,23.487179487179485,11.315709789725434,78
BRONX,Bronx Park and Fordham,Spring,0,afternoon,12.505494505494505,6.059654603969927,91
BRONX,Bronx Park and Fordham,Spring,0,evening,20.714285714285715,15.14103013836224,91
BRONX,Bronx Park and Fordham,Spring,0,morning,6.615384615384615,2.889710599770736,91
BRONX,Bronx Park and Fordham,Spring,0,night,26.582417582417584,19.658792736791643,91
BRONX,Bronx Park and Fordham,Spring,0,overnight,7.813186813186813,5.527531271155502,91
BRONX,Bronx Park and Fordham,Spring,1,afternoon,13.065934065934066,6.835856766268419,91
BRONX,Bronx Park and Fordham,Spring,1,evening,20.89010989010989,12.260551509663966,91
BRONX,Bronx Park and Fordham,Spring,1,morning,6.648351648351649,3.5476866527471933,91
BRONX,Bronx Park and Fordham,Spring,1,night,21.714285714285715,12.921373950238603,91
BRONX,Bronx Park and Fordham,Spring,1,overnight,5.3,4.182494282956797,90
BRONX,Bronx Park and Fordham,Spring,2,afternoon,11.571428571428571,5.205003697603249,91
BRONX,Bronx Park and Fordham,Spring,2,evening,18.373626373626372,12.499465190024335,91
BRONX,Bronx Park and Fordham,Spring,2,morning,6.4945054945054945,3.374326686330265,91
BRONX,Bronx Park and Fordham,Spring,2,night,20.153846153846153,10.619607731741711,91
BRONX,Bronx Park and Fordham,Spring,2,overnight,4.888888888888889,2.7291371828467152,90
BRONX,Bronx Park and Fordham,Spring,3,afternoon,11.755555555555556,5.89860221703892,90
BRONX,Bronx Park and Fordham,Spring,3,evening,20.1,10.473133096353385,90
BRONX,Bronx Park and Fordham,Spring,3,morning,6.449438202247191,3.2578968255994964,89
BRONX,Bronx Park and Fordham,Spring,3,night,21.766666666666666,11.588496814814523,90
BRONX,Bronx Park and Fordham,Spring,3,overnight,5.337209302325581,2.7975218660398835,86
BRONX,Bronx Park and Fordham,Spring,4,afternoon,12.9,6.530911803780851,90
BRONX,Bronx Park and Fordham,Spring,4,evening,25.066666666666666,16.76124475815256,90
BRONX,Bronx Park and Fordham,Spring,4,morning,6.933333333333334,3.5783368178558135,90
BRONX,Bronx Park and Fordham,Spring,4,night,29.560439560439562,15.568635700741975,91
BRONX,Bronx Park and Fordham,Spring,4,overnight,5.876404494382022,3.3905625194296873,89
BRONX,Bronx Park and Fordham,Spring,5,afternoon,18.466666666666665,8.29809779204199,90
BRONX,Bronx Park and Fordham,Spring,5,evening,32.62222222222222,20.748671422352782,90
BRONX,Bronx Park and Fordham,Spring,5,morning,8.488888888888889,3.9526536227796267,90
BRONX,Bronx Park and Fordham,Spring,5,night,49.06666666666667,29.591146565420196,90
BRONX,Bronx Park and Fordham,Spring,5,overnight,11.8,6.732780783498873,90
BRONX,Bronx Park and Fordham,Spring,6,afternoon,21.164835164835164,9.558316607092296,91
BRONX,Bronx Park and Fordham,Spring,6,evening,40.637362637362635,33.80418004511555,91
BRONX,Bronx Park and Fordham,Spring,6,morning,9.659340659340659,4.5465977028488735,91
BRONX,Bronx Park and Fordham,Spring,6,night,52.879120879120876,34.74696954486667,91
BRONX,Bronx Park and Fordham,Spring,6,overnight,19.406593406593405,8.964098792130034,91
BRONX,Bronx Park and Fordham,Summer,0,afternoon,10.620253164556962,5.4779366260185745,79
BRONX,Bronx Park and Fordham,Summer,0,evening,23.050632911392405,12.303740034032609,79
BRONX,Bronx Park and Fordham,Summer,0,morning,7.756410256410256,4.838122146807159,78
BRONX,Bronx Park and Fordham,Summer,0,night,46.848101265822784,26.508386968692026,79
BRONX,Bronx Park and Fordham,Summer,0,overnight,14.683544303797468,11.832749321591637,79
BRONX,Bronx Park and Fordham,Summer,1,afternoon,10.50632911392405,4.971388439711836,79
BRONX,Bronx Park and Fordham,Summer,1,evening,23.670886075949365,12.805969680629962,79
BRONX,Bronx Park and Fordham,Summer,1,morning,5.565789473684211,3.0125759799692555,76
BRONX,Bronx Park and Fordham,Summer,1,night,30.025316455696203,18.91341586224072,79
BRONX,Bronx Park and Fordham,Summer,1,overnight,5.772151898734177,5.004995881267312,79
BRONX,Bronx Park and Fordham,Summer,2,afternoon,10.531645569620252,5.205607043686777,79
BRONX,Bronx Park and Fordham,Summer,2,evening,23.354430379746834,11.294471048877725,79
BRONX,Bronx Park and Fordham,Summer,2,morning,6.671052631578948,6.4423353072101355,76
BRONX,Bronx Park and Fordham,Summer,2,night,30.417721518987342,17.05391720918875,79
BRONX,Bronx Park and Fordham,Summer,2,overnight,6.962025316455696,5.433615781492957,79
BRONX,Bronx Park and Fordham,Summer,3,afternoon,11.316455696202532,6.107045749761391,79
BRONX,Bronx Park and Fordham,Summer,3,evening,25.759493670886076,14.712819449398557,79
BRONX,Bronx Park and Fordham,Summer,3,morning,5.886075949367089,3.5841078773118737,79
BRONX,Bronx Park and Fordham,Summer,3,night,32.9746835443038,18.12419737111936,79
BRONX,Bronx Park and Fordham,Summer,3,overnight,5.884615384615385,4.45753635651246,78
BRONX,Bronx Park and Fordham,Summer,4,afternoon,11.987179487179487,7.322787046146443,78
BRONX,Bronx Park and Fordham,Summer,4,evening,34.44871794871795,13.607338963209287,78
BRONX,Bronx Park and Fordham,Summer,4,morning,5.828947368421052,4.446386271703458,76
BRONX,Bronx Park and Fordham,Summer,4,night,54.717948717948715,22.571040770240998,78
BRONX,Bronx Park and Fordham,Summer,4,overnight,7.090909090909091,6.121966097547546,77
BRONX,Bronx Park and Fordham,Summer,5,afternoon,17.759493670886076,6.693309307355651,79
BRONX,Bronx Park and Fordham,Summer,5,evening,52.88607594936709,19.789914124904147,79
BRONX,Bronx Park and Fordham,Summer,5,morning,8.291139240506329,4.429365581516442,79
BRONX,Bronx Park and Fordham,Summer,5,night,93.9493670886076,37.46961118579695,79
BRONX,Bronx Park and Fordham,Summer,5,overnight,21.240506329113924,14.363607137371664,79
BRONX,Bronx Park and Fordham,Summer,6,afternoon,22.78481012658228,10.70905546132535,79
BRONX,Bronx Park and Fordham,Summer,6,evening,70.25316455696202,26.9003233010933,79
BRONX,Bronx Park and Fordham,Summer,6,morning,10.569620253164556,6.069434866405048,79
BRONX,Bronx Park and Fordham,Summer,6,night,109.36708860759494,47.8941614168719,79
BRONX,Bronx Park and Fordham,Summer,6,overnight,33.43037974683544,20.853385351620354,79
BRONX,Bronx Park and Fordham,Winter,0,afternoon,10.975903614457831,5.0460704431691985,83
BRONX,Bronx Park and Fordham,Winter,0,evening,12.285714285714286,5.126288092190178,84
BRONX,Bronx Park and Fordham,Winter,0,morning,7.036144578313253,3.3219366344396817,83
BRONX,Bronx Park and Fordham,Winter,0,night,15.964285714285714,6.7260443782081,84
BRONX,Bronx Park and Fordham,Winter,0,overnight,6.178571428571429,5.165130339940265,84
BRONX,Bronx Park and Fordham,Winter,1,afternoon,11.035714285714286,6.0984817952126775,84
BRONX,Bronx Park and Fordham,Winter,1,evening,12.94047619047619,4.813012458651767,84
BRONX,Bronx Park and Fordham,Winter,1,morning,6.219512195121951,3.634622232289675,82
BRONX,Bronx Park and Fordham,Winter,1,night,14.869047619047619,6.1109811526716005,84
BRONX,Bronx Park and Fordham,Winter,1,overnight,5.197530864197531,3.52285308055282,81
BRONX,Bronx Park and Fordham,Winter,2,afternoon,10.035294117647059,4.929133650391048,85
BRONX,Bronx Park and Fordham,Winter,2,evening,11.941176470588236,6.8423626892228055,85
BRONX,Bronx Park and Fordham,Winter,2,morning,6.482352941176471,4.5214087688354345,85
BRONX,Bronx Park and Fordham,Winter,2,night,14.8,9.057751218865372,85
BRONX,Bronx Park and Fordham,Winter,2,overnight,5.451219512195122,6.501951158290852,82
BRONX,Bronx Park and Fordham,Winter,3,afternoon,10.790697674418604,7.2357222966738295,86
BRONX,Bronx Park and Fordham,Winter,3,evening,13.781609195402298,5.977526297407108,87
BRONX,Bronx Park and Fordham,Winter,3,morning,6.068965517241379,3.3333867945458913,87
BRONX,Bronx Park and Fordham,Winter,3,night,16.482758620689655,7.615562507229761,87
BRONX,Bronx Park and Fordham,Winter,3,overnight,6.325581395348837,7.450924712394257,86
BRONX,Bronx Park and Fordham,Winter,4,afternoon,10.666666666666666,5.6848772596569175,87
BRONX,Bronx Park and Fordham,Winter,4,evening,13.954022988505747,6.39750686537253,87
BRONX,Bronx Park and Fordham,Winter,4,morning,6.069767441860465,3.2676334220004786,86
BRONX,Bronx Park and Fordham,Winter,4,night,19.42528735632184,7.435978195153061,87
BRONX,Bronx Park and Fordham,Winter,4,overnight,6.0588235294117645,5.127779016987649,85
BRONX,Bronx Park and Fordham,Winter,5,afternoon,14.388235294117647,6.277499725298315,85
BRONX,Bronx Park and Fordham,Winter,5,evening,16.04705882352941,6.946917580160731,85
BRONX,Bronx Park and Fordham,Winter,5,morning,7.8,3.8968852030454126,85
BRONX,Bronx Park and Fordham,Winter,5,night,27.28235294117647,9.352376531059445,85
BRONX,Bronx Park and Fordham,Winter,5,overnight,9.2,5.133457017681258,85
BRONX,Bronx Park and Fordham,Winter,6,afternoon,15.261904761904763,5.661365682272325,84
BRONX,Bronx Park and Fordham,Winter,6,evening,15.047619047619047,5.291285770598565,84
BRONX,Bronx Park and Fordham,Winter,6,morning,9.071428571428571,4.679578073570706,84
BRONX,Bronx Park and Fordham,Winter,6,night,27.202380952380953,9.213373938086216,84
BRONX,Bronx Park and Fordham,Winter,6,overnight,15.523809523809524,7.839467941246772,84
BRONX,Central Bronx,Fall,0,afternoon,9.467532467532468,4.813862699987061,77
BRONX,Central Bronx,Fall,0,evening,17.26923076923077,16.473255047747298,78
BRONX,Central Bronx,Fall,0,morning,5.144736842105263,3.7227371556187743,76
BRONX,Central Bronx,Fall,0,night,23.666666666666668,26.051730090200163,78
BRONX,Central Bronx,Fall,0,overnight,8.657894736842104,12.928060057182021,76
BRONX,Central Bronx,Fall,1,afternoon,8.666666666666666,3.6526690709659615,78
BRONX,Central Bronx,Fall,1,evening,15.538461538461538,7.203340328494266,78
BRONX,Central Bronx,Fall,1,morning,4.5394736842105265,2.4300386250630344,76
BRONX,Central Bronx,Fall,1,night,16.58974358974359,11.45905856997089,78
BRONX,Central Bronx,Fall,1,overnight,4.506849315068493,3.9197622081760732,73
BRONX,Central Bronx,Fall,2,afternoon,8.753246753246753,3.8428191548305706,77
BRONX,Central Bronx,Fall,2,evening,17.102564102564102,8.314577628009804,78
BRONX,Central Bronx,Fall,2,morning,4.48051948051948,2.6238300129992256,77
BRONX,Central Bronx,Fall,2,night,17.166666666666668,10.890740337930437,78
BRONX,Central Bronx,Fall,2,overnight,3.5,2.5783497287884867,72
BRONX,Central Bronx,Fall,3,afternoon,9.448717948717949,4.948166224405662,78
BRONX,Central Bronx,Fall,3,evening,19.346153846153847,8.802046578837448,78
BRONX,Central Bronx,Fall,3,morning,4.948717948717949,2.5680223119627668,78
BRONX,Central Bronx,Fall,3,night,20.166666666666668,9.58003425239473,78
BRONX,Central Bronx,Fall,3,overnight,4.266666666666667,2.8537946920099464,75
BRONX,Central Bronx,Fall,4,afternoon,10.935897435897436,4.582121506009798,78
BRONX,Central Bronx,Fall,4,evening,26.935897435897434,14.75984350706268,78
BRONX,Central Bronx,Fall,4,morning,5.293333333333333,2.700216874840088,75
BRONX,Central Bronx,Fall,4,night,30.653846153846153,15.465778664209234,78
BRONX,Central Bronx,Fall,4,overnight,6.083333333333333,6.626345199597239,72
BRONX,Central Bronx,Fall,5,afternoon,16.064102564102566,5.375122453669441,78
BRONX,Central Bronx,Fall,5,evening,34.38461538461539,17.567850484033915,78
BRONX,Central Bronx,Fall,5,morning,7.454545454545454,4.767062028416991,77
BRONX,Central Bronx,Fall,5,night,54.756410256410255,35.599206870428034,78
BRONX,Central Bronx,Fall,5,overnight,14.428571428571429,10.37130222172877,77
BRONX,Central Bronx,Fall,6,afternoon,18.935897435897434,9.602948334580203,78
BRONX,Central Bronx,Fall,6,evening,33.58974358974359,24.4792177414251,78
BRONX,Central Bronx,Fall,6,morning,11.743589743589743,7.361599024202565,78
BRONX,Central Bronx,Fall,6,night,55.833333333333336,42.935898057352226,78
BRONX,Central Bronx,Fall,6,overnight,24.0,16.42298041508562,78
BRONX,Central Bronx,Spring,0,afternoon,10.527472527472527,5.455559161362451,91
BRONX,Central Bronx,Spring,0,evening,20.296703296703296,16.92893283077131,91
BRONX,Central Bronx,Spring,0,morning,5.694117647058824,3.2257281548282313,85
BRONX,Central Bronx,Spring,0,night,31.725274725274726,31.078061549039855,91
BRONX,Central Bronx,Spring,0,overnight,10.777777777777779,15.075672625743827,90
BRONX,Central Bronx,Spring,1,afternoon,10.87912087912088,5.246872433142465,91
BRONX,Central Bronx,Spring,1,evening,21.263736263736263,15.295486018819163,91
BRONX,Central Bronx,Spring,1,morning,5.224719101123595,2.941678590798597,89
BRONX,Central Bronx,Spring,1,night,22.186813186813186,17.385122687012906,91
BRONX,Central Bronx,Spring,1,overnight,4.181818181818182,2.7773528062240014,88
BRONX,Central Bronx,Spring,2,afternoon,9.780219780219781,5.286885657091513,91
BRONX,Central Bronx,Spring,2,evening,19.24175824175824,13.30859426531147,91
BRONX,Central Bronx,Spring,2,morning,4.8604651162790695,2.4931095193030326,86
BRONX,Central Bronx,Spring,2,night,20.67032967032967,14.2953410787143,91
BRONX,Central Bronx,Spring,2,overnight,4.4772727272727275,3.2055170570324236,88
BRONX,Central Bronx,Spring,3,afternoon,10.455555555555556,4.949545685906829,90
BRONX,Central Bronx,Spring,3,evening,21.633333333333333,14.459124874446289,90
BRONX,Central Bronx,Spring,3,morning,5.122222222222222,2.262681007857902,90
BRONX,Central Bronx,Spring,3,night,23.333333333333332,19.252316364356222,90
BRONX,Central Bronx,Spring,3,overnight,4.640449438202247,4.477842395951719,89
BRONX,Central Bronx,Spring,4,afternoon,12.9,6.9799874440503915,90
BRONX,Central Bronx,Spring,4,evening,26.233333333333334,19.28674808477036,90
BRONX,Central Bronx,Spring,4,morning,5.325842696629214,3.1253191869677903,89
BRONX,Central Bronx,Spring,4,night,31.032967032967033,22.716342892997424,91
BRONX,Central Bronx,Spring,4,overnight,5.523255813953488,5.416156102073189,86
BRONX,Central Bronx,Spring,5,afternoon,16.944444444444443,8.441951304214069,90
BRONX,Central Bronx,Spring,5,evening,32.18888888888889,24.352234719430005,90
BRONX,Central Bronx,Spring,5,morning,7.5777777777777775,3.7355798484298277,90
BRONX,Central Bronx,Spring,5,night,45.44444444444444,32.31311387563222,90
BRONX,Central Bronx,Spring,5,overnight,11.811111111111112,8.375854066053813,90
BRONX,Central Bronx,Spring,6,afternoon,20.681318681318682,10.70189923007347,91
BRONX,Central Bronx,Spring,6,evening,41.472527472527474,35.52756071288275,91
BRONX,Central Bronx,Spring,6,morning,9.835164835164836,6.121480823504021,91
BRONX,Central Bronx,Spring,6,night,56.30769230769231,54.61271571665996,91
BRONX,Central Bronx,Spring,6,overnight,19.956043956043956,18.917899864597427,91
BRONX,Central Bronx,Summer,0,afternoon,9.73076923076923,5.095638769137238,78
BRONX,Central Bronx,Summer,0,evening,22.835443037974684,11.935113439512062,79
BRONX,Central Bronx,Summer,0,morning,7.063291139240507,5.447515952723486,79
BRONX,Central Bronx,Summer,0,night,65.73417721518987,42.135224578443676,79
BRONX,Central Bronx,Summer,0,overnight,24.253164556962027,21.3177838089201,79
BRONX,Central Bronx,Summer,1,afternoon,10.151898734177216,3.886494061770565,79
BRONX,Central Bronx,Summer,1,evening,29.164556962025316,18.744866223504996,79
BRONX,Central Bronx,Summer,1,morning,4.381578947368421,2.337902793891186,76
BRONX,Central Bronx,Summer,1,night,37.88607594936709,29.138038994683505,79
BRONX,Central Bronx,Summer,1,overnight,7.635135135135135,9.261164050513816,74
BRONX,Central Bronx,Summer,2,afternoon,9.632911392405063,4.785601307742154,79
BRONX,Central Bronx,Summer,2,evening,25.759493670886076,12.914129798724066,79
BRONX,Central Bronx,Summer,2,morning,4.448717948717949,2.46875243690788,78
BRONX,Central Bronx,Summer,2,night,38.9746835443038,26.956743451811402,79
BRONX,Central Bronx,Summer,2,overnight,8.166666666666666,9.286796473735642,78
BRONX,Central Bronx,Summer,3,afternoon,9.60759493670886,5.157562835092051,79
BRONX,Central Bronx,Summer,3,evening,29.455696202531644,16.715413943158545,79
BRONX,Central Bronx,Summer,3,morning,4.87012987012987,3.298128054991551,77
BRONX,Central Bronx,Summer,3,night,42.075949367088604,29.007855767059585,79
BRONX,Central Bronx,Summer,3,overnight,6.909090909090909,6.483139708387355,77
BRONX,Central Bronx,Summer,4,afternoon,11.538461538461538,6.553857410185772,78
BRONX,Central Bronx,Summer,4,evening,40.205128205128204,16.53045907578121,78
BRONX,Central Bronx,Summer,4,morning,5.315789473684211,3.5822172884617687,76
BRONX,Central Bronx,Summer,4,night,65.11538461538461,36.03929340776078,78
BRONX,Central Bronx,Summer,4,overnight,10.5,13.922164582659791,76
BRONX,Central Bronx,Summer,5,afternoon,18.27848101265823,6.911411427451461,79
BRONX,Central Bronx,Summer,5,evening,55.81012658227848,20.647888045826917,79
BRONX,Central Bronx,Summer,5,morning,9.848101265822784,5.294139497147273,79
BRONX,Central Bronx,Summer,5,night,113.41772151898734,51.38008383853404,79
BRONX,Central Bronx,Summer,5,overnight,30.531645569620252,28.426168624033725,79
BRONX,Central Bronx,Summer,6,afternoon,25.924050632911392,12.030700207576567,79
BRONX,Central Bronx,Summer,6,evening,81.9113924050633,40.248009943929006,79
BRONX,Central Bronx,Summer,6,morning,15.632911392405063,9.260028818681791,79
BRONX,Central Bronx,Summer,6,night,143.86075949367088,73.40714249067688,79
BRONX,Central Bronx,Summer,6,overnight,54.24050632911393,36.041719127825495,79
BRONX,Central Bronx,Winter,0,afternoon,8.035714285714286,3.819564185608907,84
BRONX,Central Bronx,Winter,0,evening,11.0,4.955221172406924,84
BRONX,Central Bronx,Winter,0,morning,5.457831325301205,3.0012241600731464,83
BRONX,Central Bronx,Winter,0,night,12.904761904761905,6.0849786361883496,84
BRONX,Central Bronx,Winter,0,overnight,4.75,4.001581965654096,80
BRONX,Central Bronx,Winter,1,afternoon,7.738095238095238,4.009383714980765,84
BRONX,Central Bronx,Winter,1,evening,10.607142857142858,4.477568878720159,84
BRONX,Central Bronx,Winter,1,morning,4.575,2.2262814543368163,80
BRONX,Central Bronx,Winter,1,night,12.226190476190476,5.114004373714012,84
BRONX,Central Bronx,Winter,1,overnight,3.0533333333333332,1.7925772879665005,75
BRONX,Central Bronx,Winter,2,afternoon,8.505882352941176,4.539833040279505,85
BRONX,Central Bronx,Winter,2,evening,11.364705882352942,5.364892620466104,85
BRONX,Central Bronx,Winter,2,morning,5.048780487804878,3.731422920676227,82
BRONX,Central Bronx,Winter,2,night,12.2,7.065678277689235,85
BRONX,Central Bronx,Winter,2,overnight,4.371794871794871,6.16042875544247,78
BRONX,Central Bronx,Winter,3,afternoon,8.25287356321839,3.971463296618262,87
BRONX,Central Bronx,Winter,3,evening,11.057471264367816,5.026340667711013,87
BRONX,Central Bronx,Winter,3,morning,5.188235294117647,2.909320480501127,85
BRONX,Central Bronx,Winter,3,night,12.64367816091954,6.171911263085465,87
BRONX,Central Bronx,Winter,3,overnight,4.1,4.274149556388937,80
BRONX,Central Bronx,Winter,4,afternoon,9.430232558139535,4.976511174979134,86
BRONX,Central Bronx,Winter,4,evening,13.022988505747126,5.187141999962343,87
BRONX,Central Bronx,Winter,4,morning,5.337349397590361,3.0931754479890596,83
BRONX,Central Bronx,Winter,4,night,15.862068965517242,5.122164363101824,87
BRONX,Central Bronx,Winter,4,overnight,3.7790697674418605,3.2409191244993805,86
BRONX,Central Bronx,Winter,5,afternoon,12.223529411764705,4.904751026612179,85
BRONX,Central Bronx,Winter,5,evening,14.788235294117648,5.859656494171981,85
BRONX,Central Bronx,Winter,5,morning,6.678571428571429,3.2971718961723515,84
BRONX,Central Bronx,Winter,5,night,22.647058823529413,7.8599434784605045,85
BRONX,Central Bronx,Winter,5,overnight,7.7176470588235295,4.3850714407653895,85
BRONX,Central Bronx,Winter,6,afternoon,13.964285714285714,6.498278601664728,84
BRONX,Central Bronx,Winter,6,evening,13.452380952380953,7.112528843661864,84
BRONX,Central Bronx,Winter,6,morning,7.559523809523809,3.856933017389736,84
BRONX,Central Bronx,Winter,6,night,23.0,7.710109151790921,84
BRONX,Central Bronx,Winter,6,overnight,12.488095238095237,5.693991861262326,84
BRONX,High Bridge and Morrisania,Fall,0,afternoon,10.487179487179487,6.56188045138549,78
BRONX,High Bridge and Morrisania,Fall,0,evening,17.564102564102566,13.373349873778329,78
BRONX,High Bridge and Morrisania,Fall,0,morning,6.884615384615385,3.970608802908474,78
BRONX,High Bridge and Morrisania,Fall,0,night,23.871794871794872,19.541071614767706,78
BRONX,High Bridge and Morrisania,Fall,0,overnight,7.909090909090909,7.992071429962748,77
BRONX,High Bridge and Morrisania,Fall,1,afternoon,10.256410256410257,5.089933782224078,78
BRONX,High Bridge and Morrisania,Fall,1,evening,15.756410256410257,6.9678033159872586,78
BRONX,High Bridge and Morrisania,Fall,1,morning,5.82051282051282,3.2383400820245067,78
BRONX,High Bridge and Morrisania,Fall,1,night,17.935897435897434,9.30764208229996,78
BRONX,High Bridge and Morrisania,Fall,1,overnight,5.894736842105263,3.8037838963096418,76
BRONX,High Bridge and Morrisania,Fall,2,afternoon,9.961538461538462,4.148046974938171,78
BRONX,High Bridge and Morrisania,Fall,2,evening,17.28205128205128,7.446602007082255,78
BRONX,High Bridge and Morrisania,Fall,2,morning,6.243589743589744,3.7074368834935343,78
BRONX,High Bridge and Morrisania,Fall,2,night,17.474358974358974,8.754552595203887,78
BRONX,High Bridge and Morrisania,Fall,2,overnight,5.44,3.054637590748011,75
BRONX,High Bridge and Morrisania,Fall,3,afternoon,11.320512820512821,5.948902746678911,78
BRONX,High Bridge and Morrisania,Fall,3,evening,17.82051282051282,8.336656014244172,78
BRONX,High Bridge and Morrisania,Fall,3,morning,7.053333333333334,3.552286410009578,75
BRONX,High Bridge and Morrisania,Fall,3,night,20.73076923076923,10.879115076840801,78
BRONX,High Bridge and Morrisania,Fall,3,overnight,5.473684210526316,3.9949090409687718,76
BRONX,High Bridge and Morrisania,Fall,4,afternoon,12.551282051282051,5.966676805495007,78
BRONX,High Bridge and Morrisania,Fall,4,evening,27.41025641025641,13.007925553528018,78
BRONX,High Bridge and Morrisania,Fall,4,morning,7.078947368421052,3.408863575620618,76
BRONX,High Bridge and Morrisania,Fall,4,night,35.3974358974359,16.664247243639192,78
BRONX,High Bridge and Morrisania,Fall,4,overnight,7.256410256410256,6.182160966774823,78
BRONX,High Bridge and Morrisania,Fall,5,afternoon,18.55128205128205,7.881669405697798,78
BRONX,High Bridge and Morrisania,Fall,5,evening,30.28205128205128,14.718040379775854,78
BRONX,High Bridge and Morrisania,Fall,5,morning,9.884615384615385,5.578206128889788,78
BRONX,High Bridge and Morrisania,Fall,5,night,48.8974358974359,25.264620169340212,78
BRONX,High Bridge and Morrisania,Fall,5,overnight,14.102564102564102,9.423085417979548,78
BRONX,High Bridge and Morrisania,Fall,6,afternoon,18.064102564102566,7.438649059708346,78
BRONX,High Bridge and Morrisania,Fall,6,evening,27.397435897435898,17.790512387290338,78
BRONX,High Bridge and Morrisania,Fall,6,morning,11.35064935064935,5.718773869702809,77
BRONX,High Bridge and Morrisania,Fall,6,night,47.12820512820513,26.41347500181794,78
BRONX,High Bridge and Morrisania,Fall,6,overnight,24.192307692307693,15.300503083408556,78
BRONX,High Bridge and Morrisania,Spring,0,afternoon,12.087912087912088,7.487245972909683,91
BRONX,High Bridge and Morrisania,Spring,0,evening,19.296703296703296,16.469834044562607,91
BRONX,High Bridge and Morrisania,Spring,0,morning,5.714285714285714,3.222441152934679,91
BRONX,High Bridge and Morrisania,Spring,0,night,25.164835164835164,19.42064407689447,91
BRONX,High Bridge and Morrisania,Spring,0,overnight,8.07865168539326,6.894043408989062,89
BRONX,High Bridge and Morrisania,Spring,1,afternoon,11.626373626373626,6.1058229978500425,91
BRONX,High Bridge and Morrisania,Spring,1,evening,19.0,12.019428716318703,91
BRONX,High Bridge and Morrisania,Spring,1,morning,6.211111111111111,3.6519794369273666,90
BRONX,High Bridge and Morrisania,Spring,1,night,21.87912087912088,13.74921021152784,91
BRONX,High Bridge and Morrisania,Spring,1,overnight,4.629213483146067,4.006761394737849,89
BRONX,High Bridge and Morrisania,Spring,2,afternoon,11.923076923076923,6.354754596591908,91
BRONX,High Bridge and Morrisania,Spring,2,evening,20.384615384615383,14.556990860269952,91
BRONX,High Bridge and Morrisania,Spring,2,morning,6.736263736263736,3.59887378938086,91
BRONX,High Bridge and Morrisania,Spring,2,night,20.956043956043956,15.480390526162148,91
BRONX,High Bridge and Morrisania,Spring,2,overnight,5.886363636363637,3.643390546022536,88
BRONX,High Bridge and Morrisania,Spring,3,afternoon,12.0561797752809,6.8263519316386185,89
BRONX,High Bridge and Morrisania,Spring,3,evening,20.7,13.338674024021321,90
BRONX,High Bridge and Morrisania,Spring,3,morning,6.6022727272727275,5.2161107031286855,88
BRONX,High Bridge and Morrisania,Spring,3,night,22.066666666666666,15.93300581049613,90
BRONX,High Bridge and Morrisania,Spring,3,overnight,5.179775280898877,3.3796240974162455,89
BRONX,High Bridge and Morrisania,Spring,4,afternoon,14.28888888888889,6.737859568182563,90
BRONX,High Bridge and Morrisania,Spring,4,evening,25.57777777777778,16.422085552165615,90
BRONX,High Bridge and Morrisania,Spring,4,morning,7.404494382022472,4.939909598739443,89
BRONX,High Bridge and Morrisania,Spring,4,night,30.98901098901099,16.251150048531272,91
BRONX,High Bridge and Morrisania,Spring,4,overnight,6.155555555555556,3.871274537128919,90
BRONX,High Bridge and Morrisania,Spring,5,afternoon,19.633333333333333,12.853058919786585,90
BRONX,High Bridge and Morrisania,Spring,5,evening,30.033333333333335,20.91687668695015,90
BRONX,High Bridge and Morrisania,Spring,5,morning,9.0,5.869364378043605,90
BRONX,High Bridge and Morrisania,Spring,5,night,46.044444444444444,28.94314888994316,90
BRONX,High Bridge and Morrisania,Spring,5,overnight,13.155555555555555,9.509204424609546,90
BRONX,High Bridge and Morrisania,Spring,6,afternoon,21.087912087912088,11.83089021882814,91
BRONX,High Bridge and Morrisania,Spring,6,evening,31.32967032967033,23.399931122906676,91
BRONX,High Bridge and Morrisania,Spring,6,morning,10.956043956043956,6.41510732206422,91
BRONX,High Bridge and Morrisania,Spring,6,night,47.76923076923077,37.44420350425918,91
BRONX,High Bridge and Morrisania,Spring,6,overnight,19.076923076923077,13.952483466100036,91
BRONX,High Bridge and Morrisania,Summer,0,afternoon,10.443037974683545,5.601617979273393,79
BRONX,High Bridge and Morrisania,Summer,0,evening,23.632911392405063,13.091568254561517,79
BRONX,High Bridge and Morrisania,Summer,0,morning,5.576923076923077,3.746926812664018,78
BRONX,High Bridge and Morrisania,Summer,0,night,52.55696202531646,29.041856105232,79
BRONX,High Bridge and Morrisania,Summer,0,overnight,16.68354430379747,12.071947035403033,79
BRONX,High Bridge and Morrisania,Summer,1,afternoon,10.240506329113924,4.990285922319271,79
BRONX,High Bridge and Morrisania,Summer,1,evening,24.075949367088608,12.753855276255095,79
BRONX,High Bridge and Morrisania,Summer,1,morning,4.9480519480519485,3.008304750345301,77
BRONX,High Bridge and Morrisania,Summer,1,night,32.51898734177215,17.94354448555151,79
BRONX,High Bridge and Morrisania,Summer,1,overnight,7.076923076923077,7.367477199131349,78
BRONX,High Bridge and Morrisania,Summer,2,afternoon,11.151898734177216,6.447198969608145,79
BRONX,High Bridge and Morrisania,Summer,2,evening,24.746835443037973,12.73745572391628,79
BRONX,High Bridge and Morrisania,Summer,2,morning,5.090909090909091,3.0095541643144723,77
BRONX,High Bridge and Morrisania,Summer,2,night,32.56962025316456,18.119039104187387,79
BRONX,High Bridge and Morrisania,Summer,2,overnight,7.227848101265823,7.462640914081851,79
BRONX,High Bridge and Morrisania,Summer,3,afternoon,10.113924050632912,4.579741739925314,79
BRONX,High Bridge and Morrisania,Summer,3,evening,25.734177215189874,12.179963433863149,79
BRONX,High Bridge and Morrisania,Summer,3,morning,5.089743589743589,3.4685447280959965,78
BRONX,High Bridge and Morrisania,Summer,3,night,35.58227848101266,18.88535424603884,79
BRONX,High Bridge and Morrisania,Summer,3,overnight,8.935897435897436,7.72639218504576,78
BRONX,High Bridge and Morrisania,Summer,4,afternoon,12.461538461538462,5.593809908345947,78
BRONX,High Bridge and Morrisania,Summer,4,evening,39.02564102564103,16.65850616069242,78
BRONX,High Bridge and Morrisania,Summer,4,morning,5.8311688311688314,3.92831354401203,77
BRONX,High Bridge and Morrisania,Summer,4,night,57.294871794871796,28.348988838495956,78
BRONX,High Bridge and Morrisania,Summer,4,overnight,9.233766233766234,7.044774293004082,77
BRONX,High Bridge and Morrisania,Summer,5,afternoon,19.911392405063292,10.284653582809835,79
BRONX,High Bridge and Morrisania,Summer,5,evening,48.59493670886076,18.463768392859933,79
BRONX,High Bridge and Morrisania,Summer,5,morning,9.367088607594937,7.859629428189239,79
BRONX,High Bridge and Morrisania,Summer,5,night,92.77215189873418,33.7133274137983,79
BRONX,High Bridge and Morrisania,Summer,5,overnight,24.949367088607595,17.68665927361508,79
BRONX,High Bridge and Morrisania,Summer,6,afternoon,24.531645569620252,12.853050563809571,79
BRONX,High Bridge and Morrisania,Summer,6,evening,60.822784810126585,29.48870252759167,79
BRONX,High Bridge and Morrisania,Summer,6,morning,12.645569620253164,7.177311071888619,79
BRONX,High Bridge and Morrisania,Summer,6,night,112.27848101265823,46.869413980696024,79
BRONX,High Bridge and Morrisania,Summer,6,overnight,43.79746835443038,27.049043656650237,79
BRONX,High Bridge and Morrisania,Winter,0,afternoon,10.047619047619047,6.898410436609435,84
BRONX,High Bridge and Morrisania,Winter,0,evening,10.0,5.461806047563828,84
BRONX,High Bridge and Morrisania,Winter,0,morning,6.795180722891566,4.8734197842757405,83
BRONX,High Bridge and Morrisania,Winter,0,night,13.666666666666666,6.923564325684245,84
BRONX,High Bridge and Morrisania,Winter,0,overnight,5.271604938271605,4.123143053784976,81
BRONX,High Bridge and Morrisania,Winter,1,afternoon,8.952380952380953,4.8790300287866115,84
BRONX,High Bridge and Morrisania,Winter,1,evening,9.821428571428571,5.601550375502689,84
BRONX,High Bridge and Morrisania,Winter,1,morning,6.023809523809524,3.865124229915422,84
BRONX,High Bridge and Morrisania,Winter,1,night,11.75,5.645928269478492,84
BRONX,High Bridge and Morrisania,Winter,1,overnight,4.3580246913580245,3.6445460690438143,81
BRONX,High Bridge and Morrisania,Winter,2,afternoon,9.294117647058824,7.508445291821744,85
BRONX,High Bridge and Morrisania,Winter,2,evening,9.647058823529411,5.072582422886276,85
BRONX,High Bridge and Morrisania,Winter,2,morning,7.168674698795181,5.064990494557891,83
BRONX,High Bridge and Morrisania,Winter,2,night,13.188235294117646,7.871730791780375,85
BRONX,High Bridge and Morrisania,Winter,2,overnight,5.219512195121951,7.289472182358632,82
BRONX,High Bridge and Morrisania,Winter,3,afternoon,8.724137931034482,5.57754979791267,87
BRONX,High Bridge and Morrisania,Winter,3,evening,10.540229885057471,5.756300082884211,87
BRONX,High Bridge and Morrisania,Winter,3,morning,6.093023255813954,3.6706399729771246,86
BRONX,High Bridge and Morrisania,Winter,3,night,13.057471264367816,5.865461225820738,87
BRONX,High Bridge and Morrisania,Winter,3,overnight,5.626506024096385,6.446233241910318,83
BRONX,High Bridge and Morrisania,Winter,4,afternoon,10.195402298850574,6.449876653696693,87
BRONX,High Bridge and Morrisania,Winter,4,evening,12.850574712643677,7.197429669813473,87
BRONX,High Bridge and Morrisania,Winter,4,morning,6.758620689655173,4.337413003594769,87
BRONX,High Bridge and Morrisania,Winter,4,night,17.67816091954023,6.495963420809993,87
BRONX,High Bridge and Morrisania,Winter,4,overnight,5.6117647058823525,4.896777651941021,85
BRONX,High Bridge and Morrisania,Winter,5,afternoon,13.341176470588236,8.079298857451136,85
BRONX,High Bridge and Morrisania,Winter,5,evening,14.705882352941176,6.135035082392346,85
BRONX,High Bridge and Morrisania,Winter,5,morning,9.458823529411765,5.821865478268871,85
BRONX,High Bridge and Morrisania,Winter,5,night,26.28235294117647,10.602798108569853,85
BRONX,High Bridge and Morrisania,Winter,5,overnight,9.529411764705882,7.2021627626278875,85
BRONX,High Bridge and Morrisania,Winter,6,afternoon,16.083333333333332,10.968968643057076,84
BRONX,High Bridge and Morrisania,Winter,6,evening,12.988095238095237,6.340715720345939,84
BRONX,High Bridge and Morrisania,Winter,6,morning,9.869047619047619,6.22428156575145,84
BRONX,High Bridge and Morrisania,Winter,6,night,25.392857142857142,8.975224072972711,84
BRONX,High Bridge and Morrisania,Winter,6,overnight,14.94047619047619,8.560699203619292,84
BRONX,Hunts Point and Mott Haven,Fall,0,afternoon,5.181818181818182,3.115019948940399,77
BRONX,Hunts Point and Mott Haven,Fall,0,evening,8.615384615384615,5.527336478942506,78
BRONX,Hunts Point and Mott Haven,Fall,0,morning,3.074626865671642,1.7347904670944687,67
BRONX,Hunts Point and Mott Haven,Fall,0,night,12.844155844155845,8.52097247826755,77
BRONX,Hunts Point and Mott Haven,Fall,0,overnight,4.214285714285714,3.2920319135881444,70
BRONX,Hunts Point and Mott Haven,Fall,1,afternoon,4.819444444444445,2.8300519523867647,72
BRONX,Hunts Point and Mott Haven,Fall,1,evening,8.974025974025974,5.018319140839538,77
BRONX,Hunts Point and Mott Haven,Fall,1,morning,3.08955223880597,1.8235109598559063,67
BRONX,Hunts Point and Mott Haven,Fall,1,night,9.679487179487179,4.6612344102293575,78
BRONX,Hunts Point and Mott Haven,Fall,1,overnight,2.725806451612903,2.5745880131265166,62
BRONX,Hunts Point and Mott Haven,Fall,2,afternoon,5.038961038961039,2.8857251138444546,77
BRONX,Hunts Point and Mott Haven,Fall,2,evening,9.155844155844155,5.008059123644544,77
BRONX,Hunts Point and Mott Haven,Fall,2,morning,3.3134328358208953,2.1405815920536186,67
BRONX,Hunts Point and Mott Haven,Fall,2,night,10.217948717948717,5.213985777277083,78
BRONX,Hunts Point and Mott Haven,Fall,2,overnight,2.9705882352941178,1.6478895434228022,68
BRONX,Hunts Point and Mott Haven,Fall,3,afternoon,5.12,3.044534314010796,75
BRONX,Hunts Point and Mott Haven,Fall,3,evening,9.7012987012987,4.469383965159473,77
BRONX,Hunts Point and Mott Haven,Fall,3,morning,3.0588235294117645,2.1081388335514473,68
BRONX,Hunts Point and Mott Haven,Fall,3,night,11.0,5.524443910429403,78
BRONX,Hunts Point and Mott Haven,Fall,3,overnight,2.6417910447761193,1.9124907806259344,67
BRONX,Hunts Point and Mott Haven,Fall,4,afternoon,5.394736842105263,2.7908371378180705,76
BRONX,Hunts Point and Mott Haven,Fall,4,evening,14.038461538461538,7.42834568933889,78
BRONX,Hunts Point and Mott Haven,Fall,4,morning,2.588235294117647,1.5476057012355982,68
BRONX,Hunts Point and Mott Haven,Fall,4,night,19.153846153846153,9.816599939166025,78
BRONX,Hunts Point and Mott Haven,Fall,4,overnight,3.5652173913043477,2.9826866140009,69
BRONX,Hunts Point and Mott Haven,Fall,5,afternoon,9.294871794871796,4.925705103086335,78
BRONX,Hunts Point and Mott Haven,Fall,5,evening,16.44871794871795,9.222568923883278,78
BRONX,Hunts Point and Mott Haven,Fall,5,morning,5.068493150684931,3.4933618284591947,73
BRONX,Hunts Point and Mott Haven,Fall,5,night,28.615384615384617,14.461979503126502,78
BRONX,Hunts Point and Mott Haven,Fall,5,overnight,7.833333333333333,4.4820469195161925,78
BRONX,Hunts Point and Mott Haven,Fall,6,afternoon,9.205128205128204,4.046351489052869,78
BRONX,Hunts Point and Mott Haven,Fall,6,evening,16.564102564102566,11.051931421484127,78
BRONX,Hunts Point and Mott Haven,Fall,6,morning,5.173333333333333,3.12519548938092,75
BRONX,Hunts Point and Mott Haven,Fall,6,night,24.78205128205128,13.548036169470613,78
BRONX,Hunts Point and Mott Haven,Fall,6,overnight,12.564102564102564,6.127624788430307,78
BRONX,Hunts Point and Mott Haven,Spring,0,afternoon,5.223529411764706,3.26371272147095,85
BRONX,Hunts Point and Mott Haven,Spring,0,evening,10.934065934065934,8.221654602061827,91
BRONX,Hunts Point and Mott Haven,Spring,0,morning,3.341463414634146,2.29448890026947,82
BRONX,Hunts Point and Mott Haven,Spring,0,night,14.67032967032967,10.253514243153628,91
BRONX,Hunts Point and Mott Haven,Spring,0,overnight,4.597560975609756,3.4313721694639714,82
BRONX,Hunts Point and Mott Haven,Spring,1,afternoon,5.752808988764045,3.042430618004761,89
BRONX,Hunts Point and Mott Haven,Spring,1,evening,10.593406593406593,6.723058202894841,91
BRONX,Hunts Point and Mott Haven,Spring,1,morning,3.341463414634146,2.4303610065382837,82
BRONX,Hunts Point and Mott Haven,Spring,1,night,12.175824175824175,6.757043085376269,91
BRONX,Hunts Point and Mott Haven,Spring,1,overnight,3.05,2.0861204984797053,80
BRONX,Hunts Point and Mott Haven,Spring,2,afternoon,5.375,2.825631858947455,88
BRONX,Hunts Point and Mott Haven,Spring,2,evening,9.11111111111111,5.174363000353349,90
BRONX,Hunts Point and Mott Haven,Spring,2,morning,3.0941176470588236,1.7969784786304661,85
BRONX,Hunts Point and Mott Haven,Spring,2,night,11.791208791208792,6.462741907815364,91
BRONX,Hunts Point and Mott Haven,Spring,2,overnight,3.0987654320987654,2.053076583274507,81
BRONX,Hunts Point and Mott Haven,Spring,3,afternoon,5.741573033707865,3.8094621723940136,89
BRONX,Hunts Point and Mott Haven,Spring,3,evening,10.044943820224718,6.182655564266332,89
BRONX,Hunts Point and Mott Haven,Spring,3,morning,3.125,2.1721773478194053,80
BRONX,Hunts Point and Mott Haven,Spring,3,night,11.822222222222223,6.201807959985084,90
BRONX,Hunts Point and Mott Haven,Spring,3,overnight,3.1066666666666665,2.203028218914441,75
BRONX,Hunts Point and Mott Haven,Spring,4,afternoon,6.101123595505618,3.122662557891847,89
BRONX,Hunts Point and Mott Haven,Spring,4,evening,12.911111111111111,7.627043022588404,90
BRONX,Hunts Point and Mott Haven,Spring,4,morning,2.892857142857143,1.5601811536991472,84
BRONX,Hunts Point and Mott Haven,Spring,4,night,16.36263736263736,10.413150322246368,91
BRONX,Hunts Point and Mott Haven,Spring,4,overnight,3.6506024096385543,2.451648200898679,83
BRONX,Hunts Point and Mott Haven,Spring,5,afternoon,8.844444444444445,4.568851824174311,90
BRONX,Hunts Point and Mott Haven,Spring,5,evening,14.822222222222223,8.35931530148331,90
BRONX,Hunts Point and Mott Haven,Spring,5,morning,5.348314606741573,3.421526518687189,89
BRONX,Hunts Point and Mott Haven,Spring,5,night,23.92222222222222,12.486602058258216,90
BRONX,Hunts Point and Mott Haven,Spring,5,overnight,7.386363636363637,4.503974791639043,88
BRONX,Hunts Point and Mott Haven,Spring,6,afternoon,9.23076923076923,5.066396753944175,91
BRONX,Hunts Point and Mott Haven,Spring,6,evening,14.648351648351648,9.556119187170802,91
BRONX,Hunts Point and Mott Haven,Spring,6,morning,4.775280898876405,2.7582636542049914,89
BRONX,Hunts Point and Mott Haven,Spring,6,night,23.54945054945055,14.288506442641802,91
BRONX,Hunts Point and Mott Haven,Spring,6,overnight,10.604395604395604,5.691863824558156,91
BRONX,Hunts Point and Mott Haven,Summer,0,afternoon,5.1645569620253164,3.023117679867774,79
BRONX,Hunts Point and Mott Haven,Summer,0,evening,11.379746835443038,9.708975225794225,79
BRONX,Hunts Point and Mott Haven,Summer,0,morning,2.887323943661972,1.9679524948872107,71
BRONX,Hunts Point and Mott Haven,Summer,0,night,20.50632911392405,12.31308811452011,79
BRONX,Hunts Point and Mott Haven,Summer,0,overnight,5.615384615384615,4.169246620508,78
BRONX,Hunts Point and Mott Haven,Summer,1,afternoon,4.75,3.1754264805429413,76
BRONX,Hunts Point and Mott Haven,Summer,1,evening,10.151898734177216,5.933582408186641,79
BRONX,Hunts Point and Mott Haven,Summer,1,morning,2.9714285714285715,1.9632229385421867,70
BRONX,Hunts Point and Mott Haven,Summer,1,night,14.759493670886076,10.070539911013629,79
BRONX,Hunts Point and Mott Haven,Summer,1,overnight,3.540983606557377,2.8376855034329376,61
BRONX,Hunts Point and Mott Haven,Summer,2,afternoon,5.051282051282051,3.3840628616917643,78
BRONX,Hunts Point and Mott Haven,Summer,2,evening,9.556962025316455,4.425296847765937,79
BRONX,Hunts Point and Mott Haven,Summer,2,morning,2.9859154929577465,2.0318391228953065,71
BRONX,Hunts Point and Mott Haven,Summer,2,night,14.164556962025317,7.357937245337793,79
BRONX,Hunts Point and Mott Haven,Summer,2,overnight,3.408450704225352,3.0546333181332086,71
BRONX,Hunts Point and Mott Haven,Summer,3,afternoon,4.708860759493671,3.0556878395332223,79
BRONX,Hunts Point and Mott Haven,Summer,3,evening,11.666666666666666,5.780995884786065,78
BRONX,Hunts Point and Mott Haven,Summer,3,morning,2.8358208955223883,2.2935813924513746,67
BRONX,Hunts Point and Mott Haven,Summer,3,night,16.468354430379748,10.694877090239638,79
BRONX,Hunts Point and Mott Haven,Summer,3,overnight,4.483870967741935,4.337189297168291,62
BRONX,Hunts Point and Mott Haven,Summer,4,afternoon,6.285714285714286,3.5461511487702855,77
BRONX,Hunts Point and Mott Haven,Summer,4,evening,16.41025641025641,6.451489101107715,78
BRONX,Hunts Point and Mott Haven,Summer,4,morning,2.7313432835820897,2.0639920832611764,67
BRONX,Hunts Point and Mott Haven,Summer,4,night,25.5,9.259253006250894,78
BRONX,Hunts Point and Mott Haven,Summer,4,overnight,4.413333333333333,3.9184019540973427,75
BRONX,Hunts Point and Mott Haven,Summer,5,afternoon,9.683544303797468,4.439173819522624,79
BRONX,Hunts Point and Mott Haven,Summer,5,evening,22.481012658227847,13.75319147996032,79
BRONX,Hunts Point and Mott Haven,Summer,5,morning,4.64,3.029762277714121,75
BRONX,Hunts Point and Mott Haven,Summer,5,night,40.164556962025316,14.418142399418823,79
BRONX,Hunts Point and Mott Haven,Summer,5,overnight,11.20253164556962,7.663399103289181,79
BRONX,Hunts Point and Mott Haven,Summer,6,afternoon,10.102564102564102,6.6461388919554025,78
BRONX,Hunts Point and Mott Haven,Summer,6,evening,20.556962025316455,8.428807190367186,79
BRONX,Hunts Point and Mott Haven,Summer,6,morning,5.3544303797468356,5.111670846018902,79
BRONX,Hunts Point and Mott Haven,Summer,6,night,43.21518987341772,17.43608907430436,79
BRONX,Hunts Point and Mott Haven,Summer,6,overnight,17.0126582278481,8.672818828557201,79
BRONX,Hunts Point and Mott Haven,Winter,0,afternoon,4.451219512195122,2.936162099943638,82
BRONX,Hunts Point and Mott Haven,Winter,0,evening,5.309523809523809,3.139243215057046,84
BRONX,Hunts Point and Mott Haven,Winter,0,morning,2.857142857142857,2.0092951701393558,70
BRONX,Hunts Point and Mott Haven,Winter,0,night,7.666666666666667,4.257759276453391,84
BRONX,Hunts Point and Mott Haven,Winter,0,overnight,3.513888888888889,2.7269807663708394,72
BRONX,Hunts Point and Mott Haven,Winter,1,afternoon,4.209876543209877,2.6158939647026793,81
BRONX,Hunts Point and Mott Haven,Winter,1,evening,5.463414634146342,3.0558388634365805,82
BRONX,Hunts Point and Mott Haven,Winter,1,morning,3.0657894736842106,2.0870107894037626,76
BRONX,Hunts Point and Mott Haven,Winter,1,night,7.662650602409639,4.013018778662265,83
BRONX,Hunts Point and Mott Haven,Winter,1,overnight,2.323943661971831,1.4518426507355988,71
BRONX,Hunts Point and Mott Haven,Winter,2,afternoon,4.7176470588235295,2.6753360478989694,85
BRONX,Hunts Point and Mott Haven,Winter,2,evening,5.470588235294118,2.9341512737892343,85
BRONX,Hunts Point and Mott Haven,Winter,2,morning,3.3424657534246576,2.819668903347577,73
BRONX,Hunts Point and Mott Haven,Winter,2,night,7.345238095238095,4.286414649218774,84
BRONX,Hunts Point and Mott Haven,Winter,2,overnight,3.2318840579710146,2.701551447160294,69
BRONX,Hunts Point and Mott Haven,Winter,3,afternoon,4.348837209302325,2.556502398661868,86
BRONX,Hunts Point and Mott Haven,Winter,3,evening,5.488372093023256,2.7812150795545194,86
BRONX,Hunts Point and Mott Haven,Winter,3,morning,3.1232876712328768,2.1791002569833218,73
BRONX,Hunts Point and Mott Haven,Winter,3,night,7.344827586206897,3.62750342171844,87
BRONX,Hunts Point and Mott Haven,Winter,3,overnight,2.588235294117647,1.537931292427679,68
BRONX,Hunts Point and Mott Haven,Winter,4,afternoon,4.7023809523809526,2.149697439651091,84
BRONX,Hunts Point and Mott Haven,Winter,4,evening,6.6395348837209305,3.325172408436536,86
BRONX,Hunts Point and Mott Haven,Winter,4,morning,2.54320987654321,1.6586845896375944,81
BRONX,Hunts Point and Mott Haven,Winter,4,night,9.597701149425287,4.053306918975823,87
BRONX,Hunts Point and Mott Haven,Winter,4,overnight,2.9315068493150687,2.1365130413004456,73
BRONX,Hunts Point and Mott Haven,Winter,5,afternoon,6.238095238095238,3.11474939570575,84
BRONX,Hunts Point and Mott Haven,Winter,5,evening,7.369047619047619,3.698843068568586,84
BRONX,Hunts Point and Mott Haven,Winter,5,morning,4.205479452054795,2.4662100033902057,73
BRONX,Hunts Point and Mott Haven,Winter,5,night,12.8,5.658537586607305,85
BRONX,Hunts Point and Mott Haven,Winter,5,overnight,5.1647058823529415,3.05834945690649,85
BRONX,Hunts Point and Mott Haven,Winter,6,afternoon,6.607142857142857,3.8213662388147496,84
BRONX,Hunts Point and Mott Haven,Winter,6,evening,5.928571428571429,3.281146267108766,84
BRONX,Hunts Point and Mott Haven,Winter,6,morning,4.345679012345679,3.042040819200001,81
BRONX,Hunts Point and Mott Haven,Winter,6,night,14.214285714285714,8.554673813884557,84
BRONX,Hunts Point and Mott Haven,Winter,6,overnight,7.7023809523809526,3.981220258249103,84
BRONX,Kingsbridge and Riverdale,Fall,0,afternoon,3.420289855072464,2.165272684236664,69
BRONX,Kingsbridge and Riverdale,Fall,0,evening,4.791666666666667,2.896999419020103,72
BRONX,Kingsbridge and Riverdale,Fall,0,morning,2.8970588235294117,1.9404546773107338,68
BRONX,Kingsbridge and Riverdale,Fall,0,night,7.17948717948718,7.009721616169727,78
BRONX,Kingsbridge and Riverdale,Fall,0,overnight,3.3968253968253967,4.857782855940933,63
BRONX,Kingsbridge and Riverdale,Fall,1,afternoon,3.323943661971831,1.9840409549871698,71
BRONX,Kingsbridge and Riverdale,Fall,1,evening,5.12987012987013,3.732329064547996,77
BRONX,Kingsbridge and Riverdale,Fall,1,morning,2.5428571428571427,1.682697233401204,70
BRONX,Kingsbridge and Riverdale,Fall,1,night,4.921052631578948,3.7974137089857587,76
BRONX,Kingsbridge and Riverdale,Fall,1,overnight,2.2291666666666665,1.4766203985515165,48
BRONX,Kingsbridge and Riverdale,Fall,2,afternoon,2.8115942028985508,1.3533766303196282,69
BRONX,Kingsbridge and Riverdale,Fall,2,evening,4.597222222222222,2.7304218433933425,72
BRONX,Kingsbridge and Riverdale,Fall,2,morning,2.75,1.6242104855875477,68
BRONX,Kingsbridge and Riverdale,Fall,2,night,5.376623376623376,3.869716979447631,77
BRONX,Kingsbridge and Riverdale,Fall,2,overnight,2.2653061224489797,2.782201692635421,49
BRONX,Kingsbridge and Riverdale,Fall,3,afternoon,3.943661971830986,4.400932771076285,71
BRONX,Kingsbridge and Riverdale,Fall,3,evening,5.0,4.026936331284146,75
BRONX,Kingsbridge and Riverdale,Fall,3,morning,2.8333333333333335,1.5940594847826857,66
BRONX,Kingsbridge and Riverdale,Fall,3,night,6.376623376623376,4.9365419417979775,77
BRONX,Kingsbridge and Riverdale,Fall,3,overnight,2.0535714285714284,1.5065872675703833,56
BRONX,Kingsbridge and Riverdale,Fall,4,afternoon,4.012987012987013,2.745779088430222,77
BRONX,Kingsbridge and Riverdale,Fall,4,evening,6.881578947368421,4.460095978827237,76
BRONX,Kingsbridge and Riverdale,Fall,4,morning,2.5483870967741935,1.6760357145813116,62
BRONX,Kingsbridge and Riverdale,Fall,4,night,9.923076923076923,5.790204964115994,78
BRONX,Kingsbridge and Riverdale,Fall,4,overnight,3.0,5.333333333333333,55
BRONX,Kingsbridge and Riverdale,Fall,5,afternoon,6.090909090909091,3.360693138804217,77
BRONX,Kingsbridge and Riverdale,Fall,5,evening,9.051948051948052,6.514954666999253,77
BRONX,Kingsbridge and Riverdale,Fall,5,morning,3.1884057971014492,2.116290889037876,69
BRONX,Kingsbridge and Riverdale,Fall,5,night,17.076923076923077,10.702310990597336,78
BRONX,Kingsbridge and Riverdale,Fall,5,overnight,4.152777777777778,2.560038084125952,72
BRONX,Kingsbridge and Riverdale,Fall,6,afternoon,6.0,4.055175020198813,73
BRONX,Kingsbridge and Riverdale,Fall,6,evening,11.153846153846153,11.174038699554465,78
BRONX,Kingsbridge and Riverdale,Fall,6,morning,2.9166666666666665,1.6762634503351728,72
BRONX,Kingsbridge and Riverdale,Fall,6,night,15.564102564102564,11.515759662858576,78
BRONX,Kingsbridge and Riverdale,Fall,6,overnight,5.355263157894737,3.152581787967532,76
BRONX,Kingsbridge and Riverdale,Spring,0,afternoon,3.7349397590361444,2.837399777318447,83
BRONX,Kingsbridge and Riverdale,Spring,0,evening,5.793103448275862,5.227694433861373,87
BRONX,Kingsbridge and Riverdale,Spring,0,morning,2.6623376623376624,1.803581156961642,77
BRONX,Kingsbridge and Riverdale,Spring,0,night,8.10344827586207,7.943162165059519,87
BRONX,Kingsbridge and Riverdale,Spring,0,overnight,2.4262295081967213,1.5964441361292352,61
BRONX,Kingsbridge and Riverdale,Spring,1,afternoon,3.586206896551724,2.2902814092246957,87
BRONX,Kingsbridge and Riverdale,Spring,1,evening,5.517241379310345,3.5169426103903763,87
BRONX,Kingsbridge and Riverdale,Spring,1,morning,2.625,1.6481957698570422,72
BRONX,Kingsbridge and Riverdale,Spring,1,night,4.945054945054945,3.5881367413638623,91
BRONX,Kingsbridge and Riverdale,Spring,1,overnight,1.8387096774193548,1.4394164162079972,62
BRONX,Kingsbridge and Riverdale,Spring,2,afternoon,3.909090909090909,2.374102701309199,77
BRONX,Kingsbridge and Riverdale,Spring,2,evening,5.275862068965517,4.553786196665348,87
BRONX,Kingsbridge and Riverdale,Spring,2,morning,2.725,1.7134981614717562,80
BRONX,Kingsbridge and Riverdale,Spring,2,night,5.573033707865169,5.563451431296613,89
BRONX,Kingsbridge and Riverdale,Spring,2,overnight,2.3448275862068964,2.164722940320183,58
BRONX,Kingsbridge and Riverdale,Spring,3,afternoon,3.8160919540229883,2.7002529409176663,87
BRONX,Kingsbridge and Riverdale,Spring,3,evening,5.7011494252873565,4.409595621729945,87
BRONX,Kingsbridge and Riverdale,Spring,3,morning,2.7160493827160495,1.614268935936904,81
BRONX,Kingsbridge and Riverdale,Spring,3,night,7.0,4.4048040649471245,88
BRONX,Kingsbridge and Riverdale,Spring,3,overnight,2.3225806451612905,2.7566562873946334,62
BRONX,Kingsbridge and Riverdale,Spring,4,afternoon,4.325581395348837,2.8385657541011233,86
BRONX,Kingsbridge and Riverdale,Spring,4,evening,7.177777777777778,5.347639987247505,90
BRONX,Kingsbridge and Riverdale,Spring,4,morning,2.84,1.6525165084835949,75
BRONX,Kingsbridge and Riverdale,Spring,4,night,8.411111111111111,4.531771597040205,90
BRONX,Kingsbridge and Riverdale,Spring,4,overnight,2.098360655737705,1.3748323295683111,61
BRONX,Kingsbridge and Riverdale,Spring,5,afternoon,7.090909090909091,5.077868055753374,88
BRONX,Kingsbridge and Riverdale,Spring,5,evening,11.011363636363637,7.3897946375923675,88
BRONX,Kingsbridge and Riverdale,Spring,5,morning,3.3855421686746987,2.240597292433126,83
BRONX,Kingsbridge and Riverdale,Spring,5,night,13.6,8.581139496371085,90
BRONX,Kingsbridge and Riverdale,Spring,5,overnight,3.4444444444444446,2.3291629397704234,81
BRONX,Kingsbridge and Riverdale,Spring,6,afternoon,7.122222222222222,5.9921817560262145,90
BRONX,Kingsbridge and Riverdale,Spring,6,evening,11.544444444444444,11.082085058257398,90
BRONX,Kingsbridge and Riverdale,Spring,6,morning,3.3333333333333335,2.5769541401997516,78
BRONX,Kingsbridge and Riverdale,Spring,6,night,15.263736263736265,12.045132871215072,91
BRONX,Kingsbridge and Riverdale,Spring,6,overnight,4.341463414634147,2.699883455166999,82
BRONX,Kingsbridge and Riverdale,Summer,0,afternoon,3.2465753424657535,2.145931693006613,73
BRONX,Kingsbridge and Riverdale,Summer,0,evening,6.012820512820513,4.16383186950384,78
BRONX,Kingsbridge and Riverdale,Summer,0,morning,2.4126984126984126,1.652319197418807,63
BRONX,Kingsbridge and Riverdale,Summer,0,night,10.844155844155845,7.83726747336578,77
BRONX,Kingsbridge and Riverdale,Summer,0,overnight,3.1587301587301586,2.8409809142342937,63
BRONX,Kingsbridge and Riverdale,Summer,1,afternoon,3.420289855072464,2.103259355084034,69
BRONX,Kingsbridge and Riverdale,Summer,1,evening,6.973684210526316,5.106789426402271,76
BRONX,Kingsbridge and Riverdale,Summer,1,morning,1.9824561403508771,1.2318863014292851,57
BRONX,Kingsbridge and Riverdale,Summer,1,night,7.802631578947368,5.78277842527184,76
BRONX,Kingsbridge and Riverdale,Summer,1,overnight,1.9622641509433962,1.3722842292344233,53
BRONX,Kingsbridge and Riverdale,Summer,2,afternoon,3.1780821917808217,2.468369152077636,73
BRONX,Kingsbridge and Riverdale,Summer,2,evening,5.822784810126582,3.5036958277081705,79
BRONX,Kingsbridge and Riverdale,Summer,2,morning,2.2033898305084745,1.374392166803442,59
BRONX,Kingsbridge and Riverdale,Summer,2,night,7.012658227848101,4.93156674248057,79
BRONX,Kingsbridge and Riverdale,Summer,2,overnight,1.9807692307692308,1.2908484003786738,52
BRONX,Kingsbridge and Riverdale,Summer,3,afternoon,3.3026315789473686,2.9303912678098367,76
BRONX,Kingsbridge and Riverdale,Summer,3,evening,6.805194805194805,4.550994573309054,77
BRONX,Kingsbridge and Riverdale,Summer,3,morning,2.3384615384615386,1.4607032026232591,65
BRONX,Kingsbridge and Riverdale,Summer,3,night,8.455696202531646,7.016094078021763,79
BRONX,Kingsbridge and Riverdale,Summer,3,overnight,2.1538461538461537,1.6613792449272724,52
BRONX,Kingsbridge and Riverdale,Summer,4,afternoon,3.2337662337662336,2.1144621307862317,77
BRONX,Kingsbridge and Riverdale,Summer,4,evening,9.282051282051283,5.819576090014278,78
BRONX,Kingsbridge and Riverdale,Summer,4,morning,2.2950819672131146,1.5635884187245053,61
BRONX,Kingsbridge and Riverdale,Summer,4,night,12.525641025641026,8.807795188198696,78
BRONX,Kingsbridge and Riverdale,Summer,4,overnight,2.125,1.4530532118142252,56
BRONX,Kingsbridge and Riverdale,Summer,5,afternoon,6.4935064935064934,4.678122027118914,77
BRONX,Kingsbridge and Riverdale,Summer,5,evening,16.40506329113924,9.344570598771783,79
BRONX,Kingsbridge and Riverdale,Summer,5,morning,3.03125,2.0390532350181774,64
BRONX,Kingsbridge and Riverdale,Summer,5,night,24.139240506329113,15.970111649028663,79
BRONX,Kingsbridge and Riverdale,Summer,5,overnight,4.418918918918919,3.6639927198167364,74
BRONX,Kingsbridge and Riverdale,Summer,6,afternoon,9.090909090909092,5.862866682914323,77
BRONX,Kingsbridge and Riverdale,Summer,6,evening,20.531645569620252,11.191612522202846,79
BRONX,Kingsbridge and Riverdale,Summer,6,morning,3.242857142857143,3.3337784381911524,70
BRONX,Kingsbridge and Riverdale,Summer,6,night,27.68354430379747,16.042047557620588,79
BRONX,Kingsbridge and Riverdale,Summer,6,overnight,8.215189873417721,6.653841932559406,79
BRONX,Kingsbridge and Riverdale,Winter,0,afternoon,2.767123287671233,1.911373473194992,73
BRONX,Kingsbridge and Riverdale,Winter,0,evening,3.2658227848101267,1.677214271278983,79
BRONX,Kingsbridge and Riverdale,Winter,0,morning,2.5303030303030303,1.6568709802581025,66
BRONX,Kingsbridge and Riverdale,Winter,0,night,4.7407407407407405,2.940143609493326,81
BRONX,Kingsbridge and Riverdale,Winter,0,overnight,2.5,2.902366071597331,60
BRONX,Kingsbridge and Riverdale,Winter,1,afternoon,3.0277777777777777,2.0690354439283083,72
BRONX,Kingsbridge and Riverdale,Winter,1,evening,3.1298701298701297,1.757320398479408,77
BRONX,Kingsbridge and Riverdale,Winter,1,morning,2.5294117647058822,1.688155296627407,68
BRONX,Kingsbridge and Riverdale,Winter,1,night,3.923076923076923,2.4269548595122017,78
BRONX,Kingsbridge and Riverdale,Winter,1,overnight,1.894736842105263,1.304993302203882,57
BRONX,Kingsbridge and Riverdale,Winter,2,afternoon,2.7027027027027026,1.7495966637331073,74
BRONX,Kingsbridge and Riverdale,Winter,2,evening,3.1466666666666665,1.9079728405719933,75
BRONX,Kingsbridge and Riverdale,Winter,2,morning,2.2028985507246377,1.3126052915181312,69
BRONX,Kingsbridge and Riverdale,Winter,2,night,4.871794871794871,3.9783797993034584,78
BRONX,Kingsbridge and Riverdale,Winter,2,overnight,2.7777777777777777,3.9413945748895216,54
BRONX,Kingsbridge and Riverdale,Winter,3,afternoon,2.8181818181818183,1.7526466657396262,77
BRONX,Kingsbridge and Riverdale,Winter,3,evening,3.6419753086419755,2.2820420787931837,81
BRONX,Kingsbridge and Riverdale,Winter,3,morning,2.028985507246377,1.070610250562921,69
BRONX,Kingsbridge and Riverdale,Winter,3,night,4.3580246913580245,3.202766936475821,81
BRONX,Kingsbridge and Riverdale,Winter,3,overnight,2.056603773584906,1.1834612589873603,53
BRONX,Kingsbridge and Riverdale,Winter,4,afternoon,2.717948717948718,1.6348274137231342,78
BRONX,Kingsbridge and Riverdale,Winter,4,evening,3.8271604938271606,2.268204815800318,81
BRONX,Kingsbridge and Riverdale,Winter,4,morning,2.1,1.3529356165792574,70
BRONX,Kingsbridge and Riverdale,Winter,4,night,6.880952380952381,7.105749855557351,84
BRONX,Kingsbridge and Riverdale,Winter,4,overnight,2.0483870967741935,1.7408064774586303,62
BRONX,Kingsbridge and Riverdale,Winter,5,afternoon,4.45,2.5749523775859324,80
BRONX,Kingsbridge and Riverdale,Winter,5,evening,4.716049382716049,2.6656826888305485,81
BRONX,Kingsbridge and Riverdale,Winter,5,morning,2.52,1.5969565649291375,75
BRONX,Kingsbridge and Riverdale,Winter,5,night,8.91764705882353,4.402952917958482,85
BRONX,Kingsbridge and Riverdale,Winter,5,overnight,3.9740259740259742,4.445500463135453,77
BRONX,Kingsbridge and Riverdale,Winter,6,afternoon,3.6315789473684212,1.8391454918931445,76
BRONX,Kingsbridge and Riverdale,Winter,6,evening,3.9367088607594938,2.4876194580356144,79
BRONX,Kingsbridge and Riverdale,Winter,6,morning,2.971830985915493,1.731818457872001,71
BRONX,Kingsbridge and Riverdale,Winter,6,night,8.380952380952381,4.398534153158333,84
BRONX,Kingsbridge and Riverdale,Winter,6,overnight,3.783132530120482,2.2363307969620867,83
BRONX,Northeast Bronx,Fall,0,afternoon,81.14666666666666,197.21696745526802,75
BRONX,Northeast Bronx,Fall,0,evening,59.17333333333333,133.84040247000652,75
BRONX,Northeast Bronx,Fall,0,morning,69.27536231884058,202.8210515278961,69
BRONX,Northeast Bronx,Fall,0,night,63.0,116.3742284140309,78
BRONX,Northeast Bronx,Fall,0,overnight,43.94202898550725,134.603435413939,69
BRONX,Northeast Bronx,Fall,1,afternoon,61.95890410958904,159.9576713415289,73
BRONX,Northeast Bronx,Fall,1,evening,69.28571428571429,155.18993940727307,77
BRONX,Northeast Bronx,Fall,1,morning,37.55882352941177,114.7717244226707,68
BRONX,Northeast Bronx,Fall,1,night,56.1025641025641,121.24544064193455,78
BRONX,Northeast Bronx,Fall,1,overnight,27.482142857142858,91.68265248253766,56
BRONX,Northeast Bronx,Fall,2,afternoon,65.18055555555556,156.32832246691837,72
BRONX,Northeast Bronx,Fall,2,evening,48.87012987012987,106.70006543792087,77
BRONX,Northeast Bronx,Fall,2,morning,51.904761904761905,194.33108713886054,63
BRONX,Northeast Bronx,Fall,2,night,51.243589743589745,103.53268959858917,78
BRONX,Northeast Bronx,Fall,2,overnight,35.672413793103445,147.88157755459704,58
BRONX,Northeast Bronx,Fall,3,afternoon,49.54054054054054,127.97101439674226,74
BRONX,Northeast Bronx,Fall,3,evening,57.0,129.7654767161452,77
BRONX,Northeast Bronx,Fall,3,morning,24.217391304347824,94.69220564936529,69
BRONX,Northeast Bronx,Fall,3,night,46.36363636363637,90.82587578943932,77
BRONX,Northeast Bronx,Fall,3,overnight,28.442622950819672,83.59894827690994,61
BRONX,Northeast Bronx,Fall,4,afternoon,48.9078947368421,125.53875126898242,76
BRONX,Northeast Bronx,Fall,4,evening,61.103896103896105,127.42496082995426,77
BRONX,Northeast Bronx,Fall,4,morning,27.966666666666665,102.01328704861577,60
BRONX,Northeast Bronx,Fall,4,night,59.33766233766234,110.99936111594357,77
BRONX,Northeast Bronx,Fall,4,overnight,26.083333333333332,77.30904121192646,60
BRONX,Northeast Bronx,Fall,5,afternoon,63.311688311688314,140.51187061112813,77
BRONX,Northeast Bronx,Fall,5,evening,101.7051282051282,167.90474332341782,78
BRONX,Northeast Bronx,Fall,5,morning,28.742857142857144,112.34311904836686,70
BRONX,Northeast Bronx,Fall,5,night,87.51282051282051,129.99517909040543,78
BRONX,Northeast Bronx,Fall,5,overnight,32.178082191780824,105.63884261242713,73
BRONX,Northeast Bronx,Fall,6,afternoon,114.83333333333333,231.9816056672713,78
BRONX,Northeast Bronx,Fall,6,evening,94.78205128205128,150.49145874161482,78
BRONX,Northeast Bronx,Fall,6,morning,81.3013698630137,228.2275719132786,73
BRONX,Northeast Bronx,Fall,6,night,111.35897435897436,174.16964221432008,78
BRONX,Northeast Bronx,Fall,6,overnight,64.79220779220779,133.6343536101341,77
BRONX,Northeast Bronx,Spring,0,afternoon,24.813953488372093,83.65369955996208,86
BRONX,Northeast Bronx,Spring,0,evening,30.252747252747252,84.58153113437594,91
BRONX,Northeast Bronx,Spring,0,morning,17.67948717948718,80.75801493571382,78
BRONX,Northeast Bronx,Spring,0,night,27.38888888888889,69.10221942230683,90
BRONX,Northeast Bronx,Spring,0,overnight,10.432835820895523,46.39429950634839,67
BRONX,Northeast Bronx,Spring,1,afternoon,31.289156626506024,100.71131528943918,83
BRONX,Northeast Bronx,Spring,1,evening,27.370786516853933,73.42256001184204,89
BRONX,Northeast Bronx,Spring,1,morning,12.45,59.94172275287288,80
BRONX,Northeast Bronx,Spring,1,night,21.9,60.70911487753287,90
BRONX,Northeast Bronx,Spring,1,overnight,13.96923076923077,62.43470820354283,65
BRONX,Northeast Bronx,Spring,2,afternoon,7.172413793103448,21.696214918281772,87
BRONX,Northeast Bronx,Spring,2,evening,14.50561797752809,53.61121058041737,89
BRONX,Northeast Bronx,Spring,2,morning,13.307692307692308,56.10502852484995,78
BRONX,Northeast Bronx,Spring,2,night,14.134831460674157,44.29657051450227,89
BRONX,Northeast Bronx,Spring,2,overnight,7.048387096774194,35.031801673671275,62
BRONX,Northeast Bronx,Spring,3,afternoon,12.592592592592593,49.2409326114407,81
BRONX,Northeast Bronx,Spring,3,evening,13.876404494382022,45.05825023453708,89
BRONX,Northeast Bronx,Spring,3,morning,5.6455696202531644,29.81568937127219,79
BRONX,Northeast Bronx,Spring,3,night,11.50561797752809,25.736480826880747,89
BRONX,Northeast Bronx,Spring,3,overnight,9.916666666666666,43.439531970926055,60
BRONX,Northeast Bronx,Spring,4,afternoon,20.627906976744185,66.28051732405372,86
BRONX,Northeast Bronx,Spring,4,evening,27.44943820224719,67.61992902108933,89
BRONX,Northeast Bronx,Spring,4,morning,10.346153846153847,69.60068422620029,78
BRONX,Northeast Bronx,Spring,4,night,26.956043956043956,47.73792158765564,91
BRONX,Northeast Bronx,Spring,4,overnight,6.6891891891891895,34.72984807451344,74
BRONX,Northeast Bronx,Spring,5,afternoon,18.689655172413794,41.23650176465856,87
BRONX,Northeast Bronx,Spring,5,evening,33.833333333333336,72.09657225095435,90
BRONX,Northeast Bronx,Spring,5,morning,16.583333333333332,90.44111554777564,84
BRONX,Northeast Bronx,Spring,5,night,33.5,55.70351894155261,90
BRONX,Northeast Bronx,Spring,5,overnight,14.036144578313253,60.09980434673167,83
BRONX,Northeast Bronx,Spring,6,afternoon,21.54945054945055,55.88067917670924,91
BRONX,Northeast Bronx,Spring,6,evening,38.91011235955056,104.20223349218554,89
BRONX,Northeast Bronx,Spring,6,morning,12.227272727272727,56.50139399617476,88
BRONX,Northeast Bronx,Spring,6,night,32.56043956043956,63.764707896594146,91
BRONX,Northeast Bronx,Spring,6,overnight,8.831460674157304,16.06608225357226,89
BRONX,Northeast Bronx,Summer,0,afternoon,53.136986301369866,127.78327084347991,73
BRONX,Northeast Bronx,Summer,0,evening,66.08974358974359,135.32291211317667,78
BRONX,Northeast Bronx,Summer,0,morning,33.582089552238806,120.99413324792279,67
BRONX,Northeast Bronx,Summer,0,night,59.31645569620253,99.90553798769211,79
BRONX,Northeast Bronx,Summer,0,overnight,34.859154929577464,83.23019640467857,71
BRONX,Northeast Bronx,Summer,1,afternoon,28.253333333333334,110.46536614304554,75
BRONX,Northeast Bronx,Summer,1,evening,43.896103896103895,94.26077830532647,77
BRONX,Northeast Bronx,Summer,1,morning,24.928571428571427,98.55482126730816,70
BRONX,Northeast Bronx,Summer,1,night,38.65384615384615,75.40536804810071,78
BRONX,Northeast Bronx,Summer,1,overnight,32.186440677966104,92.13585819158034,59
BRONX,Northeast Bronx,Summer,2,afternoon,30.513513513513512,84.54507482933039,74
BRONX,Northeast Bronx,Summer,2,evening,51.756410256410255,106.65007545585044,78
BRONX,Northeast Bronx,Summer,2,morning,29.676470588235293,102.37689238700311,68
BRONX,Northeast Bronx,Summer,2,night,43.78481012658228,84.47950303461963,79
BRONX,Northeast Bronx,Summer,2,overnight,20.8125,67.36111520209445,64
BRONX,Northeast Bronx,Summer,3,afternoon,19.773333333333333,78.68987594714187,75
BRONX,Northeast Bronx,Summer,3,evening,34.91139240506329,87.20462083049381,79
BRONX,Northeast Bronx,Summer,3,morning,22.0,86.23804264940155,61
BRONX,Northeast Bronx,Summer,3,night,33.31645569620253,72.23014221007122,79
BRONX,Northeast Bronx,Summer,3,overnight,15.189655172413794,50.74375145926549,58
BRONX,Northeast Bronx,Summer,4,afternoon,27.405405405405407,84.53999927389788,74
BRONX,Northeast Bronx,Summer,4,evening,48.62820512820513,104.04820423500256,78
BRONX,Northeast Bronx,Summer,4,morning,17.416666666666668,76.21697210043307,60
BRONX,Northeast Bronx,Summer,4,night,49.064935064935064,74.01303897613289,77
BRONX,Northeast Bronx,Summer,4,overnight,13.014925373134329,52.072936185209414,67
BRONX,Northeast Bronx,Summer,5,afternoon,81.72151898734177,151.2128688653304,79
BRONX,Northeast Bronx,Summer,5,evening,88.53164556962025,142.50513579976217,79
BRONX,Northeast Bronx,Summer,5,morning,42.31944444444444,120.00760848988557,72
BRONX,Northeast Bronx,Summer,5,night,103.0886075949367,131.98146624678688,79
BRONX,Northeast Bronx,Summer,5,overnight,46.276315789473685,121.95185921056017,76
BRONX,Northeast Bronx,Summer,6,afternoon,76.9367088607595,165.28703408066642,79
BRONX,Northeast Bronx,Summer,6,evening,85.79746835443038,144.5609958874459,79
BRONX,Northeast Bronx,Summer,6,morning,64.45945945945945,160.5583740719721,74
BRONX,Northeast Bronx,Summer,6,night,97.79746835443038,132.32277743988766,79
BRONX,Northeast Bronx,Summer,6,overnight,60.47435897435897,118.17999966581623,78
BRONX,Northeast Bronx,Winter,0,afternoon,76.77215189873418,228.5800061565769,79
BRONX,Northeast Bronx,Winter,0,evening,46.3855421686747,129.6351193877102,83
BRONX,Northeast Bronx,Winter,0,morning,89.0923076923077,268.98854082684244,65
BRONX,Northeast Bronx,Winter,0,night,47.25925925925926,132.41910528486605,81
BRONX,Northeast Bronx,Winter,0,overnight,59.767857142857146,171.62866798796952,56
BRONX,Northeast Bronx,Winter,1,afternoon,88.10810810810811,233.94769158748164,74
BRONX,Northeast Bronx,Winter,1,evening,71.76543209876543,178.13009793441273,81
BRONX,Northeast Bronx,Winter,1,morning,49.06578947368421,165.97375981572637,76
BRONX,Northeast Bronx,Winter,1,night,43.63414634146341,112.95202873318074,82
BRONX,Northeast Bronx,Winter,1,overnight,43.36065573770492,131.75001996038878,61
BRONX,Northeast Bronx,Winter,2,afternoon,52.69230769230769,166.65091500657138,78
BRONX,Northeast Bronx,Winter,2,evening,30.59493670886076,90.25725611676167,79
BRONX,Northeast Bronx,Winter,2,morning,39.04054054054054,155.63915406849227,74
BRONX,Northeast Bronx,Winter,2,night,25.691358024691358,68.54973413064937,81
BRONX,Northeast Bronx,Winter,2,overnight,27.21212121212121,106.34074624693166,66
BRONX,Northeast Bronx,Winter,3,afternoon,64.61538461538461,184.4591413434824,78
BRONX,Northeast Bronx,Winter,3,evening,44.1625,136.77584394673562,80
BRONX,Northeast Bronx,Winter,3,morning,35.5,146.55058970357555,74
BRONX,Northeast Bronx,Winter,3,night,39.08433734939759,124.96245336776036,83
BRONX,Northeast Bronx,Winter,3,overnight,30.772727272727273,116.97544718766945,66
BRONX,Northeast Bronx,Winter,4,afternoon,55.5875,180.45131141429601,80
BRONX,Northeast Bronx,Winter,4,evening,37.864197530864196,129.09616116353146,81
BRONX,Northeast Bronx,Winter,4,morning,54.0945945945946,179.69252040134992,74
BRONX,Northeast Bronx,Winter,4,night,34.724137931034484,99.08731053096469,87
BRONX,Northeast Bronx,Winter,4,overnight,35.293103448275865,123.83775585888397,58
BRONX,Northeast Bronx,Winter,5,afternoon,43.34567901234568,145.90811839080678,81
BRONX,Northeast Bronx,Winter,5,evening,53.666666666666664,136.6333880533001,84
BRONX,Northeast Bronx,Winter,5,morning,46.391891891891895,164.4213446104094,74
BRONX,Northeast Bronx,Winter,5,night,49.89411764705882,131.61804619440912,85
BRONX,Northeast Bronx,Winter,5,overnight,32.753246753246756,117.9480434058457,77
BRONX,Northeast Bronx,Winter,6,afternoon,63.5,209.12033965087235,80
BRONX,Northeast Bronx,Winter,6,evening,48.392405063291136,134.00750244224454,79
BRONX,Northeast Bronx,Winter,6,morning,58.2,207.8194445161168,80
BRONX,Northeast Bronx,Winter,6,night,54.95238095238095,151.94314922586148,84
BRONX,Northeast Bronx,Winter,6,overnight,51.03658536585366,177.15742076302138,82
BRONX,Southeast Bronx,Fall,0,afternoon,8.883116883116884,3.953592723127801,77
BRONX,Southeast Bronx,Fall,0,evening,14.205128205128204,7.660590622442156,78
BRONX,Southeast Bronx,Fall,0,morning,4.947368421052632,2.8232120564685665,76
BRONX,Southeast Bronx,Fall,0,night,18.025641025641026,17.217458942622525,78
BRONX,Southeast Bronx,Fall,0,overnight,5.931506849315069,6.307686596357581,73
BRONX,Southeast Bronx,Fall,1,afternoon,8.142857142857142,3.549330128475267,77
BRONX,Southeast Bronx,Fall,1,evening,12.923076923076923,5.729325861318662,78
BRONX,Southeast Bronx,Fall,1,morning,4.9605263157894735,3.1683467380688586,76
BRONX,Southeast Bronx,Fall,1,night,12.987179487179487,7.38284003662053,78
BRONX,Southeast Bronx,Fall,1,overnight,3.1857142857142855,2.5948268331424083,70
BRONX,Southeast Bronx,Fall,2,afternoon,8.58974358974359,4.259247837493393,78
BRONX,Southeast Bronx,Fall,2,evening,14.76923076923077,6.500595531006545,78
BRONX,Southeast Bronx,Fall,2,morning,4.858974358974359,2.7194554409730434,78
BRONX,Southeast Bronx,Fall,2,night,12.487179487179487,6.563859313258404,78
BRONX,Southeast Bronx,Fall,2,overnight,3.1506849315068495,1.688780237633004,73
BRONX,Southeast Bronx,Fall,3,afternoon,8.58974358974359,4.568201491666592,78
BRONX,Southeast Bronx,Fall,3,evening,15.14102564102564,8.259939874273098,78
BRONX,Southeast Bronx,Fall,3,morning,4.9868421052631575,2.5999662615894668,76
BRONX,Southeast Bronx,Fall,3,night,16.987179487179485,9.110424441255933,78
BRONX,Southeast Bronx,Fall,3,overnight,4.066666666666666,4.662482036291264,75
BRONX,Southeast Bronx,Fall,4,afternoon,9.371794871794872,5.0197246635284385,78
BRONX,Southeast Bronx,Fall,4,evening,21.153846153846153,11.449581088096938,78
BRONX,Southeast Bronx,Fall,4,morning,5.153846153846154,2.7163617908189948,78
BRONX,Southeast Bronx,Fall,4,night,23.41025641025641,10.37033218097615,78
BRONX,Southeast Bronx,Fall,4,overnight,5.084507042253521,3.8200466671541347,71
BRONX,Southeast Bronx,Fall,5,afternoon,15.192307692307692,7.595380845606768,78
BRONX,Southeast Bronx,Fall,5,evening,30.064102564102566,15.37778777901285,78
BRONX,Southeast Bronx,Fall,5,morning,8.435897435897436,3.7298018595391778,78
BRONX,Southeast Bronx,Fall,5,night,47.5,28.598769385930062,78
BRONX,Southeast Bronx,Fall,5,overnight,11.64102564102564,8.23040665700023,78
BRONX,Southeast Bronx,Fall,6,afternoon,16.576923076923077,6.425434910277575,78
BRONX,Southeast Bronx,Fall,6,evening,29.884615384615383,23.331590962965578,78
BRONX,Southeast Bronx,Fall,6,morning,8.397435897435898,4.185130585216907,78
BRONX,Southeast Bronx,Fall,6,night,42.333333333333336,28.42792968450546,78
BRONX,Southeast Bronx,Fall,6,overnight,20.82051282051282,17.940553778060192,78
BRONX,Southeast Bronx,Spring,0,afternoon,10.912087912087912,5.813104643147721,91
BRONX,Southeast Bronx,Spring,0,evening,17.714285714285715,13.52551967725021,91
BRONX,Southeast Bronx,Spring,0,morning,5.366666666666666,2.428528939294067,90
BRONX,Southeast Bronx,Spring,0,night,22.47252747252747,17.829651120996708,91
BRONX,Southeast Bronx,Spring,0,overnight,6.137931034482759,5.046694552096966,87
BRONX,Southeast Bronx,Spring,1,afternoon,9.296703296703297,3.384587634473874,91
BRONX,Southeast Bronx,Spring,1,evening,18.63736263736264,10.874553869282265,91
BRONX,Southeast Bronx,Spring,1,morning,5.379310344827586,3.02793727973484,87
BRONX,Southeast Bronx,Spring,1,night,16.13186813186813,9.035988282920925,91
BRONX,Southeast Bronx,Spring,1,overnight,3.2771084337349397,2.3285777770365526,83
BRONX,Southeast Bronx,Spring,2,afternoon,9.188888888888888,4.436555107678779,90
BRONX,Southeast Bronx,Spring,2,evening,16.35164835164835,10.355217285529308,91
BRONX,Southeast Bronx,Spring,2,morning,4.8791208791208796,2.6197335099211263,91
BRONX,Southeast Bronx,Spring,2,night,17.10989010989011,11.787423193529003,91
BRONX,Southeast Bronx,Spring,2,overnight,3.5348837209302326,2.027445070953063,86
BRONX,Southeast Bronx,Spring,3,afternoon,9.50561797752809,5.866165689601255,89
BRONX,Southeast Bronx,Spring,3,evening,16.966666666666665,9.30440272733073,90
BRONX,Southeast Bronx,Spring,3,morning,5.174418604651163,2.7746408796354003,86
BRONX,Southeast Bronx,Spring,3,night,17.5,10.493711332416662,90
BRONX,Southeast Bronx,Spring,3,overnight,3.2142857142857144,2.5745343645972674,84
BRONX,Southeast Bronx,Spring,4,afternoon,9.522222222222222,5.106127136302513,90
BRONX,Southeast Bronx,Spring,4,evening,19.444444444444443,11.035296904831231,90
BRONX,Southeast Bronx,Spring,4,morning,5.134831460674158,3.141333718039185,89
BRONX,Southeast Bronx,Spring,4,night,21.65934065934066,11.38539003403512,91
BRONX,Southeast Bronx,Spring,4,overnight,4.069767441860465,2.6336764626632334,86
BRONX,Southeast Bronx,Spring,5,afternoon,15.38888888888889,6.336437244525328,90
BRONX,Southeast Bronx,Spring,5,evening,27.11111111111111,18.05450203399088,90
BRONX,Southeast Bronx,Spring,5,morning,7.355555555555555,3.9556846056183614,90
BRONX,Southeast Bronx,Spring,5,night,36.611111111111114,21.62691542179959,90
BRONX,Southeast Bronx,Spring,5,overnight,8.488888888888889,5.504328112044529,90
BRONX,Southeast Bronx,Spring,6,afternoon,18.0989010989011,9.70802067600113,91
BRONX,Southeast Bronx,Spring,6,evening,30.978021978021978,19.356869594239676,91
BRONX,Southeast Bronx,Spring,6,morning,7.855555555555555,3.642943343608856,90
BRONX,Southeast Bronx,Spring,6,night,40.120879120879124,24.042940828089307,91
BRONX,Southeast Bronx,Spring,6,overnight,15.274725274725276,10.362395619703152,91
BRONX,Southeast Bronx,Summer,0,afternoon,7.430379746835443,3.5614875324346027,79
BRONX,Southeast Bronx,Summer,0,evening,18.72151898734177,10.591405210346883,79
BRONX,Southeast Bronx,Summer,0,morning,4.5064935064935066,2.3542982898216787,77
BRONX,Southeast Bronx,Summer,0,night,32.9746835443038,20.07101155164493,79
BRONX,Southeast Bronx,Summer,0,overnight,9.556962025316455,9.649959260499948,79
BRONX,Southeast Bronx,Summer,1,afternoon,7.69620253164557,3.663242330055638,79
BRONX,Southeast Bronx,Summer,1,evening,18.518987341772153,10.320331886302274,79
BRONX,Southeast Bronx,Summer,1,morning,4.584415584415584,2.8160753267747864,77
BRONX,Southeast Bronx,Summer,1,night,21.303797468354432,11.822788111426416,79
BRONX,Southeast Bronx,Summer,1,overnight,3.9722222222222223,3.2500150475154235,72
BRONX,Southeast Bronx,Summer,2,afternoon,7.151898734177215,3.2936948607555627,79
BRONX,Southeast Bronx,Summer,2,evening,18.468354430379748,8.87063065869755,79
BRONX,Southeast Bronx,Summer,2,morning,4.518987341772152,2.165349261185049,79
BRONX,Southeast Bronx,Summer,2,night,20.481012658227847,9.591476931662136,79
BRONX,Southeast Bronx,Summer,2,overnight,4.125,3.642230782147465,72
BRONX,Southeast Bronx,Summer,3,afternoon,8.08860759493671,4.552232119204937,79
BRONX,Southeast Bronx,Summer,3,evening,19.645569620253166,11.409665240020042,79
BRONX,Southeast Bronx,Summer,3,morning,4.2105263157894735,2.5209299314535185,76
BRONX,Southeast Bronx,Summer,3,night,24.40506329113924,13.220534714487478,79
BRONX,Southeast Bronx,Summer,3,overnight,3.8194444444444446,3.4368606248459637,72
BRONX,Southeast Bronx,Summer,4,afternoon,8.166666666666666,3.6730562194638394,78
BRONX,Southeast Bronx,Summer,4,evening,25.371794871794872,10.051954612998985,78
BRONX,Southeast Bronx,Summer,4,morning,4.094594594594595,2.1207966900479467,74
BRONX,Southeast Bronx,Summer,4,night,37.01282051282051,17.949781020799076,78
BRONX,Southeast Bronx,Summer,4,overnight,4.386666666666667,4.474834538186205,75
BRONX,Southeast Bronx,Summer,5,afternoon,14.89873417721519,6.050206473927173,79
BRONX,Southeast Bronx,Summer,5,evening,40.46835443037975,14.718587100389186,79
BRONX,Southeast Bronx,Summer,5,morning,6.3544303797468356,3.3780512311228907,79
BRONX,Southeast Bronx,Summer,5,night,72.12658227848101,29.0050248027898,79
BRONX,Southeast Bronx,Summer,5,overnight,12.594936708860759,7.9122089809029506,79
BRONX,Southeast Bronx,Summer,6,afternoon,17.60759493670886,7.303700715494337,79
BRONX,Southeast Bronx,Summer,6,evening,39.848101265822784,16.710267538863132,79
BRONX,Southeast Bronx,Summer,6,morning,8.050632911392405,4.346819450802772,79
BRONX,Southeast Bronx,Summer,6,night,74.11392405063292,30.053365928547567,79
BRONX,Southeast Bronx,Summer,6,overnight,24.29113924050633,12.733110380717783,79
BRONX,Southeast Bronx,Winter,0,afternoon,8.369047619047619,5.29100113947692,84
BRONX,Southeast Bronx,Winter,0,evening,10.952380952380953,4.809390317558013,84
BRONX,Southeast Bronx,Winter,0,morning,4.962962962962963,2.717740074236517,81
BRONX,Southeast Bronx,Winter,0,night,11.892857142857142,5.906944773540651,84
BRONX,Southeast Bronx,Winter,0,overnight,4.814814814814815,6.601346663960149,81
BRONX,Southeast Bronx,Winter,1,afternoon,7.4523809523809526,4.6215961408664175,84
BRONX,Southeast Bronx,Winter,1,evening,11.654761904761905,5.151895305985214,84
BRONX,Southeast Bronx,Winter,1,morning,4.975609756097561,2.9937202165062886,82
BRONX,Southeast Bronx,Winter,1,night,10.214285714285714,5.066001556731454,84
BRONX,Southeast Bronx,Winter,1,overnight,3.1866666666666665,1.8866052261348372,75
BRONX,Southeast Bronx,Winter,2,afternoon,7.576470588235294,3.935118049261629,85
BRONX,Southeast Bronx,Winter,2,evening,11.305882352941177,7.892165387889686,85
BRONX,Southeast Bronx,Winter,2,morning,4.795180722891566,2.48781928282866,83
BRONX,Southeast Bronx,Winter,2,night,11.235294117647058,8.439768472935185,85
BRONX,Southeast Bronx,Winter,2,overnight,4.4875,5.772027154159484,80
BRONX,Southeast Bronx,Winter,3,afternoon,8.022988505747126,7.389459827780239,87
BRONX,Southeast Bronx,Winter,3,evening,12.275862068965518,6.490941192319427,87
BRONX,Southeast Bronx,Winter,3,morning,4.619047619047619,2.12219914299398,84
BRONX,Southeast Bronx,Winter,3,night,11.735632183908047,5.920912425983131,87
BRONX,Southeast Bronx,Winter,3,overnight,3.4166666666666665,3.5709953839410815,84
BRONX,Southeast Bronx,Winter,4,afternoon,7.586206896551724,3.9695109069527694,87
BRONX,Southeast Bronx,Winter,4,evening,13.816091954022989,6.150304843328072,87
BRONX,Southeast Bronx,Winter,4,morning,5.129411764705883,3.0968041717924906,85
BRONX,Southeast Bronx,Winter,4,night,14.873563218390805,7.3227974666268105,87
BRONX,Southeast Bronx,Winter,4,overnight,4.35064935064935,4.764910762311885,77
BRONX,Southeast Bronx,Winter,5,afternoon,12.635294117647058,6.546258580331229,85
BRONX,Southeast Bronx,Winter,5,evening,14.833333333333334,5.454816227914675,84
BRONX,Southeast Bronx,Winter,5,morning,6.305882352941176,3.1283021768690955,85
BRONX,Southeast Bronx,Winter,5,night,23.16470588235294,8.53403139651775,85
BRONX,Southeast Bronx,Winter,5,overnight,6.8,4.490200971215516,85
BRONX,Southeast Bronx,Winter,6,afternoon,11.928571428571429,5.126791698062094,84
BRONX,Southeast Bronx,Winter,6,evening,11.785714285714286,5.034989449915195,84
BRONX,Southeast Bronx,Winter,6,morning,6.975903614457831,3.6758138425701974,83
BRONX,Southeast Bronx,Winter,6,night,22.607142857142858,8.416876129929374,84
BRONX,Southeast Bronx,Winter,6,overnight,10.869047619047619,5.131475660620094,84
BROOKLYN,Borough Park,Fall,0,afternoon,4.961538461538462,3.064002592706457,78
BROOKLYN,Borough Park,Fall,0,evening,6.671052631578948,3.6235826025072173,76
BROOKLYN,Borough Park,Fall,0,morning,3.710526315789474,2.243900113485056,76
BROOKLYN,Borough Park,Fall,0,night,10.012820512820513,6.495740042107495,78
BROOKLYN,Borough Park,Fall,0,overnight,2.7413793103448274,1.7825700431855893,58
BROOKLYN,Borough Park,Fall,1,afternoon,4.328947368421052,3.4113073071565467,76
BROOKLYN,Borough Park,Fall,1,evening,7.623376623376624,4.239659125569565,77
BROOKLYN,Borough Park,Fall,1,morning,3.546666666666667,1.7343378932399325,75
BROOKLYN,Borough Park,Fall,1,night,10.128205128205128,6.097389209994319,78
BROOKLYN,Borough Park,Fall,1,overnight,2.3225806451612905,1.4573071230069485,62
BROOKLYN,Borough Park,Fall,2,afternoon,4.8441558441558445,3.0046671374666403,77
BROOKLYN,Borough Park,Fall,2,evening,8.025641025641026,5.106589476084412,78
BROOKLYN,Borough Park,Fall,2,morning,4.0,2.3607908279501033,76
BROOKLYN,Borough Park,Fall,2,night,9.91025641025641,5.6250504123245095,78
BROOKLYN,Borough Park,Fall,2,overnight,2.3666666666666667,1.5400491590950527,60
BROOKLYN,Borough Park,Fall,3,afternoon,4.44,3.0324372500804824,75
BROOKLYN,Borough Park,Fall,3,evening,7.1688311688311686,5.118086087084234,77
BROOKLYN,Borough Park,Fall,3,morning,4.2631578947368425,2.4460494465028386,76
BROOKLYN,Borough Park,Fall,3,night,10.807692307692308,7.747739833491606,78
BROOKLYN,Borough Park,Fall,3,overnight,2.65625,1.711017055753497,64
BROOKLYN,Borough Park,Fall,4,afternoon,6.142857142857143,3.633594297496213,77
BROOKLYN,Borough Park,Fall,4,evening,6.103896103896104,3.567338738229676,77
BROOKLYN,Borough Park,Fall,4,morning,4.223684210526316,2.2306870942112655,76
BROOKLYN,Borough Park,Fall,4,night,12.128205128205128,5.569767591409091,78
BROOKLYN,Borough Park,Fall,4,overnight,2.5074626865671643,1.8121904904249477,67
BROOKLYN,Borough Park,Fall,5,afternoon,6.115384615384615,3.0662840543723124,78
BROOKLYN,Borough Park,Fall,5,evening,10.217948717948717,5.931749125312677,78
BROOKLYN,Borough Park,Fall,5,morning,5.17948717948718,3.3136615669607816,78
BROOKLYN,Borough Park,Fall,5,night,16.94871794871795,8.544607832447491,78
BROOKLYN,Borough Park,Fall,5,overnight,4.106060606060606,2.347691421727952,66
BROOKLYN,Borough Park,Fall,6,afternoon,6.6103896103896105,4.404411198344355,77
BROOKLYN,Borough Park,Fall,6,evening,7.435897435897436,3.8260547093180253,78
BROOKLYN,Borough Park,Fall,6,morning,5.578947368421052,2.976634152393099,76
BROOKLYN,Borough Park,Fall,6,night,16.923076923076923,8.387946253859901,78
BROOKLYN,Borough Park,Fall,6,overnight,5.12987012987013,3.1386833031780488,77
BROOKLYN,Borough Park,Spring,0,afternoon,5.582417582417582,3.6668664614231106,91
BROOKLYN,Borough Park,Spring,0,evening,8.744444444444444,7.771398311138225,90
BROOKLYN,Borough Park,Spring,0,morning,4.127906976744186,2.712916865784249,86
BROOKLYN,Borough Park,Spring,0,night,13.428571428571429,16.245438920333473,91
BROOKLYN,Borough Park,Spring,0,overnight,2.5833333333333335,1.5225876304401915,84
BROOKLYN,Borough Park,Spring,1,afternoon,6.855555555555555,7.790171149713125,90
BROOKLYN,Borough Park,Spring,1,evening,7.923076923076923,4.693330419579515,91
BROOKLYN,Borough Park,Spring,1,morning,4.3604651162790695,3.2062908410798205,86
BROOKLYN,Borough Park,Spring,1,night,10.32967032967033,7.050697278449284,91
BROOKLYN,Borough Park,Spring,1,overnight,2.4875,1.583089032896113,80
BROOKLYN,Borough Park,Spring,2,afternoon,4.866666666666666,2.7240089425516065,90
BROOKLYN,Borough Park,Spring,2,evening,7.741573033707865,4.766187941893015,89
BROOKLYN,Borough Park,Spring,2,morning,4.317647058823529,2.1503696509796506,85
BROOKLYN,Borough Park,Spring,2,night,10.428571428571429,8.05280193768722,91
BROOKLYN,Borough Park,Spring,2,overnight,2.6,2.0,75
BROOKLYN,Borough Park,Spring,3,afternoon,5.51685393258427,3.529461585099715,89
BROOKLYN,Borough Park,Spring,3,evening,7.844444444444444,5.371399732020374,90
BROOKLYN,Borough Park,Spring,3,morning,3.8850574712643677,1.949509701964572,87
BROOKLYN,Borough Park,Spring,3,night,11.0,11.032128768671049,90
BROOKLYN,Borough Park,Spring,3,overnight,2.5135135135135136,1.7060989969770566,74
BROOKLYN,Borough Park,Spring,4,afternoon,6.5777777777777775,4.083339065959439,90
BROOKLYN,Borough Park,Spring,4,evening,7.247191011235955,4.259430443349962,89
BROOKLYN,Borough Park,Spring,4,morning,4.517241379310345,2.214445539115763,87
BROOKLYN,Borough Park,Spring,4,night,11.175824175824175,5.652125276966193,91
BROOKLYN,Borough Park,Spring,4,overnight,2.632911392405063,1.812896925166681,79
BROOKLYN,Borough Park,Spring,5,afternoon,5.932584269662922,3.8576893484695223,89
BROOKLYN,Borough Park,Spring,5,evening,7.377777777777778,4.180150467099302,90
BROOKLYN,Borough Park,Spring,5,morning,5.238636363636363,3.169518322235152,88
BROOKLYN,Borough Park,Spring,5,night,14.755555555555556,7.66769248958619,90
BROOKLYN,Borough Park,Spring,5,overnight,3.1627906976744184,1.9575522838260155,86
BROOKLYN,Borough Park,Spring,6,afternoon,7.604395604395604,4.984150704157956,91
BROOKLYN,Borough Park,Spring,6,evening,8.0,5.7638721552635275,91
BROOKLYN,Borough Park,Spring,6,morning,4.633333333333334,2.5897377421340777,90
BROOKLYN,Borough Park,Spring,6,night,15.076923076923077,8.241130948858858,91
BROOKLYN,Borough Park,Spring,6,overnight,4.6,3.0597229877727106,85
BROOKLYN,Borough Park,Summer,0,afternoon,4.302631578947368,2.8752726796699024,76
BROOKLYN,Borough Park,Summer,0,evening,5.779220779220779,4.336574492868088,77
BROOKLYN,Borough Park,Summer,0,morning,3.5774647887323945,2.0047227940254766,71
BROOKLYN,Borough Park,Summer,0,night,9.846153846153847,5.624798808700774,78
BROOKLYN,Borough Park,Summer,0,overnight,2.338709677419355,1.6980562502712155,62
BROOKLYN,Borough Park,Summer,1,afternoon,4.12987012987013,2.6771481750797577,77
BROOKLYN,Borough Park,Summer,1,evening,6.481012658227848,3.748027718932853,79
BROOKLYN,Borough Park,Summer,1,morning,3.1842105263157894,1.8163004620439467,76
BROOKLYN,Borough Park,Summer,1,night,8.620253164556962,4.321395185046423,79
BROOKLYN,Borough Park,Summer,1,overnight,1.7333333333333334,1.205449021996687,60
BROOKLYN,Borough Park,Summer,2,afternoon,4.171052631578948,2.5053976817782138,76
BROOKLYN,Borough Park,Summer,2,evening,5.56,3.1289407585108204,75
BROOKLYN,Borough Park,Summer,2,morning,3.5714285714285716,2.0289261576960995,77
BROOKLYN,Borough Park,Summer,2,night,7.860759493670886,4.286933567921726,79
BROOKLYN,Borough Park,Summer,2,overnight,2.2280701754385963,1.451815905533101,57
BROOKLYN,Borough Park,Summer,3,afternoon,4.333333333333333,2.042344528029287,75
BROOKLYN,Borough Park,Summer,3,evening,6.443037974683544,4.0406487021809845,79
BROOKLYN,Borough Park,Summer,3,morning,3.6575342465753424,2.4222302514773433,73
BROOKLYN,Borough Park,Summer,3,night,8.063291139240507,4.498836807362481,79
BROOKLYN,Borough Park,Summer,3,overnight,1.8928571428571428,1.3708467380494362,56
BROOKLYN,Borough Park,Summer,4,afternoon,5.064102564102564,2.3373852834673965,78
BROOKLYN,Borough Park,Summer,4,evening,6.337662337662338,3.9021262409452375,77
BROOKLYN,Borough Park,Summer,4,morning,3.9583333333333335,2.591630624872041,72
BROOKLYN,Borough Park,Summer,4,night,9.73076923076923,4.424468790253139,78
BROOKLYN,Borough Park,Summer,4,overnight,2.25,1.609630109965979,56
BROOKLYN,Borough Park,Summer,5,afternoon,5.0,3.2484814265972597,77
BROOKLYN,Borough Park,Summer,5,evening,7.461538461538462,4.151958723152393,78
BROOKLYN,Borough Park,Summer,5,morning,3.7866666666666666,2.516396680225964,75
BROOKLYN,Borough Park,Summer,5,night,15.405063291139241,6.092279661202517,79
BROOKLYN,Borough Park,Summer,5,overnight,3.352112676056338,3.1536762744875375,71
BROOKLYN,Borough Park,Summer,6,afternoon,6.2727272727272725,3.23482840851503,77
BROOKLYN,Borough Park,Summer,6,evening,8.329113924050633,4.741311943797137,79
BROOKLYN,Borough Park,Summer,6,morning,3.779220779220779,2.7797357722943867,77
BROOKLYN,Borough Park,Summer,6,night,15.924050632911392,7.647309149509561,79
BROOKLYN,Borough Park,Summer,6,overnight,4.3896103896103895,3.317243006171827,77
BROOKLYN,Borough Park,Winter,0,afternoon,4.468354430379747,2.4170093994172115,79
BROOKLYN,Borough Park,Winter,0,evening,4.674698795180723,2.3741927189480316,83
BROOKLYN,Borough Park,Winter,0,morning,3.54320987654321,1.8374532831887824,81
BROOKLYN,Borough Park,Winter,0,night,7.369047619047619,4.115149097431422,84
BROOKLYN,Borough Park,Winter,0,overnight,2.4705882352941178,1.6703792422662143,68
BROOKLYN,Borough Park,Winter,1,afternoon,3.6666666666666665,1.8907670401189038,81
BROOKLYN,Borough Park,Winter,1,evening,4.936708860759493,2.8525372068941275,79
BROOKLYN,Borough Park,Winter,1,morning,3.4375,2.011635457827753,80
BROOKLYN,Borough Park,Winter,1,night,6.785714285714286,3.509269750595423,84
BROOKLYN,Borough Park,Winter,1,overnight,2.343283582089552,1.5911901283075316,67
BROOKLYN,Borough Park,Winter,2,afternoon,3.6547619047619047,2.002973979337915,84
BROOKLYN,Borough Park,Winter,2,evening,4.9523809523809526,3.623566644429321,84
BROOKLYN,Borough Park,Winter,2,morning,3.576923076923077,2.0418938927698154,78
BROOKLYN,Borough Park,Winter,2,night,7.0588235294117645,3.9320203857209957,85
BROOKLYN,Borough Park,Winter,2,overnight,2.7205882352941178,3.4591241589920148,68
BROOKLYN,Borough Park,Winter,3,afternoon,4.059523809523809,2.3457276748862985,84
BROOKLYN,Borough Park,Winter,3,evening,5.011494252873563,2.9234188844234748,87
BROOKLYN,Borough Park,Winter,3,morning,4.036585365853658,2.3277452766292144,82
BROOKLYN,Borough Park,Winter,3,night,8.282352941176471,6.999339704752227,85
BROOKLYN,Borough Park,Winter,3,overnight,2.338235294117647,1.388764017408705,68
BROOKLYN,Borough Park,Winter,4,afternoon,4.337349397590361,2.5864426480311735,83
BROOKLYN,Borough Park,Winter,4,evening,4.345238095238095,2.002973979337915,84
BROOKLYN,Borough Park,Winter,4,morning,3.268292682926829,1.6633209417470944,82
BROOKLYN,Borough Park,Winter,4,night,8.873563218390805,5.444870847980649,87
BROOKLYN,Borough Park,Winter,4,overnight,2.3552631578947367,1.6305741104974532,76
BROOKLYN,Borough Park,Winter,5,afternoon,4.621951219512195,2.848609120872327,82
BROOKLYN,Borough Park,Winter,5,evening,5.892857142857143,3.2376469856119803,84
BROOKLYN,Borough Park,Winter,5,morning,3.675,2.0792829825492696,80
BROOKLYN,Borough Park,Winter,5,night,11.235294117647058,4.941676645352962,85
BROOKLYN,Borough Park,Winter,5,overnight,3.054054054054054,2.5314021881427746,74
BROOKLYN,Borough Park,Winter,6,afternoon,5.807228915662651,3.354857531507808,83
BROOKLYN,Borough Park,Winter,6,evening,4.771084337349397,2.8810791558991515,83
BROOKLYN,Borough Park,Winter,6,morning,4.580246913580247,2.7561939224720025,81
BROOKLYN,Borough Park,Winter,6,night,10.785714285714286,5.003785142140811,84
BROOKLYN,Borough Park,Winter,6,overnight,3.8292682926829267,2.3402272657854075,82
BROOKLYN,Bushwick and Williamsburg,Fall,0,afternoon,9.538461538461538,5.143883791410966,78
BROOKLYN,Bushwick and Williamsburg,Fall,0,evening,12.717948717948717,7.608773875825191,78
BROOKLYN,Bushwick and Williamsburg,Fall,0,morning,5.597402597402597,3.1299055823145356,77
BROOKLYN,Bushwick and Williamsburg,Fall,0,night,21.192307692307693,13.085193071646964,78
BROOKLYN,Bushwick and Williamsburg,Fall,0,overnight,5.053333333333334,3.7122635818191707,75
BROOKLYN,Bushwick and Williamsburg,Fall,1,afternoon,9.525641025641026,4.91148761809603,78
BROOKLYN,Bushwick and Williamsburg,Fall,1,evening,12.384615384615385,5.56480304835966,78
BROOKLYN,Bushwick and Williamsburg,Fall,1,morning,5.4743589743589745,2.7194554409730447,78
BROOKLYN,Bushwick and Williamsburg,Fall,1,night,17.307692307692307,7.180977201358709,78
BROOKLYN,Bushwick and Williamsburg,Fall,1,overnight,3.776315789473684,2.441850032034598,76
BROOKLYN,Bushwick and Williamsburg,Fall,2,afternoon,8.41025641025641,4.091282774215777,78
BROOKLYN,Bushwick and Williamsburg,Fall,2,evening,13.051282051282051,7.241470461093827,78
BROOKLYN,Bushwick and Williamsburg,Fall,2,morning,5.571428571428571,2.6578016807948805,77
BROOKLYN,Bushwick and Williamsburg,Fall,2,night,19.94871794871795,9.167839660971609,78
BROOKLYN,Bushwick and Williamsburg,Fall,2,overnight,3.9864864864864864,2.4410487485844214,74
BROOKLYN,Bushwick and Williamsburg,Fall,3,afternoon,8.871794871794872,3.6408896242645503,78
BROOKLYN,Bushwick and Williamsburg,Fall,3,evening,13.717948717948717,6.48253885629003,78
BROOKLYN,Bushwick and Williamsburg,Fall,3,morning,6.285714285714286,3.22350390780111,77
BROOKLYN,Bushwick and Williamsburg,Fall,3,night,22.166666666666668,8.707985090077056,78
BROOKLYN,Bushwick and Williamsburg,Fall,3,overnight,4.373333333333333,2.0780274777293486,75
BROOKLYN,Bushwick and Williamsburg,Fall,4,afternoon,10.064102564102564,4.545126528291061,78
BROOKLYN,Bushwick and Williamsburg,Fall,4,evening,21.397435897435898,10.008230046550121,78
BROOKLYN,Bushwick and Williamsburg,Fall,4,morning,6.311688311688312,3.3176550860499594,77
BROOKLYN,Bushwick and Williamsburg,Fall,4,night,38.80769230769231,16.240927691105963,78
BROOKLYN,Bushwick and Williamsburg,Fall,4,overnight,5.269230769230769,3.8025045639737183,78
BROOKLYN,Bushwick and Williamsburg,Fall,5,afternoon,16.243589743589745,7.925277491042396,78
BROOKLYN,Bushwick and Williamsburg,Fall,5,evening,29.96153846153846,16.641711253550625,78
BROOKLYN,Bushwick and Williamsburg,Fall,5,morning,9.756410256410257,7.041963084910633,78
BROOKLYN,Bushwick and Williamsburg,Fall,5,night,66.61538461538461,26.44535201801336,78
BROOKLYN,Bushwick and Williamsburg,Fall,5,overnight,16.923076923076923,8.624593693827922,78
BROOKLYN,Bushwick and Williamsburg,Fall,6,afternoon,14.91025641025641,6.851269476519912,78
BROOKLYN,Bushwick and Williamsburg,Fall,6,evening,20.897435897435898,12.267145164334302,78
BROOKLYN,Bushwick and Williamsburg,Fall,6,morning,8.987179487179487,4.358879844619888,78
BROOKLYN,Bushwick and Williamsburg,Fall,6,night,57.14102564102564,24.13260141141959,78
BROOKLYN,Bushwick and Williamsburg,Fall,6,overnight,25.615384615384617,14.528280320496608,78
BROOKLYN,Bushwick and Williamsburg,Spring,0,afternoon,10.978021978021978,5.902876929426536,91
BROOKLYN,Bushwick and Williamsburg,Spring,0,evening,15.31868131868132,11.708381727899154,91
BROOKLYN,Bushwick and Williamsburg,Spring,0,morning,5.967032967032967,2.8341196926443373,91
BROOKLYN,Bushwick and Williamsburg,Spring,0,night,21.54945054945055,17.20094554007213,91
BROOKLYN,Bushwick and Williamsburg,Spring,0,overnight,4.840909090909091,4.02830891656446,88
BROOKLYN,Bushwick and Williamsburg,Spring,1,afternoon,11.477777777777778,5.943985304354061,90
BROOKLYN,Bushwick and Williamsburg,Spring,1,evening,15.945054945054945,7.458570964352409,91
BROOKLYN,Bushwick and Williamsburg,Spring,1,morning,5.9222222222222225,3.002724522297042,90
BROOKLYN,Bushwick and Williamsburg,Spring,1,night,18.78021978021978,9.135768772373295,91
BROOKLYN,Bushwick and Williamsburg,Spring,1,overnight,4.0602409638554215,2.898062420805816,83
BROOKLYN,Bushwick and Williamsburg,Spring,2,afternoon,9.43956043956044,5.132053501082502,91
BROOKLYN,Bushwick and Williamsburg,Spring,2,evening,13.076923076923077,7.316998123442532,91
BROOKLYN,Bushwick and Williamsburg,Spring,2,morning,5.877777777777778,2.6471429490601848,90
BROOKLYN,Bushwick and Williamsburg,Spring,2,night,18.10989010989011,7.7236297590224146,91
BROOKLYN,Bushwick and Williamsburg,Spring,2,overnight,4.2727272727272725,2.769817923088762,88
BROOKLYN,Bushwick and Williamsburg,Spring,3,afternoon,10.044444444444444,7.291539057203328,90
BROOKLYN,Bushwick and Williamsburg,Spring,3,evening,16.0,9.534090224268612,90
BROOKLYN,Bushwick and Williamsburg,Spring,3,morning,6.144444444444445,3.4267982603450147,90
BROOKLYN,Bushwick and Williamsburg,Spring,3,night,22.08888888888889,10.071256735616796,90
BROOKLYN,Bushwick and Williamsburg,Spring,3,overnight,4.2555555555555555,3.31004976747647,90
BROOKLYN,Bushwick and Williamsburg,Spring,4,afternoon,12.71111111111111,8.327893355484601,90
BROOKLYN,Bushwick and Williamsburg,Spring,4,evening,19.3,11.254412368169609,90
BROOKLYN,Bushwick and Williamsburg,Spring,4,morning,6.797752808988764,3.6187007188696474,89
BROOKLYN,Bushwick and Williamsburg,Spring,4,night,30.692307692307693,12.971500647952379,91
BROOKLYN,Bushwick and Williamsburg,Spring,4,overnight,5.191011235955056,3.4241004276318594,89
BROOKLYN,Bushwick and Williamsburg,Spring,5,afternoon,17.544444444444444,9.140797682487005,90
BROOKLYN,Bushwick and Williamsburg,Spring,5,evening,24.77777777777778,15.467092852193558,90
BROOKLYN,Bushwick and Williamsburg,Spring,5,morning,8.144444444444444,4.101414146669034,90
BROOKLYN,Bushwick and Williamsburg,Spring,5,night,50.3,22.244024573208044,90
BROOKLYN,Bushwick and Williamsburg,Spring,5,overnight,12.655555555555555,6.411298157932807,90
BROOKLYN,Bushwick and Williamsburg,Spring,6,afternoon,15.901098901098901,8.181354064857132,91
BROOKLYN,Bushwick and Williamsburg,Spring,6,evening,21.505494505494507,15.37557487732744,91
BROOKLYN,Bushwick and Williamsburg,Spring,6,morning,9.175824175824175,5.231514347561551,91
BROOKLYN,Bushwick and Williamsburg,Spring,6,night,48.285714285714285,24.054237655896497,91
BROOKLYN,Bushwick and Williamsburg,Spring,6,overnight,18.36263736263736,8.417595966540677,91
BROOKLYN,Bushwick and Williamsburg,Summer,0,afternoon,8.291139240506329,4.221896216139223,79
BROOKLYN,Bushwick and Williamsburg,Summer,0,evening,14.987341772151899,6.824716901963822,79
BROOKLYN,Bushwick and Williamsburg,Summer,0,morning,4.802631578947368,2.5561415549853272,76
BROOKLYN,Bushwick and Williamsburg,Summer,0,night,27.873417721518987,17.575746027575494,79
BROOKLYN,Bushwick and Williamsburg,Summer,0,overnight,5.753246753246753,6.083099634396587,77
BROOKLYN,Bushwick and Williamsburg,Summer,1,afternoon,7.6075949367088604,3.51340919073092,79
BROOKLYN,Bushwick and Williamsburg,Summer,1,evening,14.177215189873417,7.372435657909993,79
BROOKLYN,Bushwick and Williamsburg,Summer,1,morning,4.858974358974359,2.2373706679554695,78
BROOKLYN,Bushwick and Williamsburg,Summer,1,night,21.632911392405063,10.794320937050557,79
BROOKLYN,Bushwick and Williamsburg,Summer,1,overnight,3.96,2.5332384998845443,75
BROOKLYN,Bushwick and Williamsburg,Summer,2,afternoon,7.987341772151899,4.155606873160448,79
BROOKLYN,Bushwick and Williamsburg,Summer,2,evening,15.810126582278482,8.232325199413571,79
BROOKLYN,Bushwick and Williamsburg,Summer,2,morning,4.166666666666667,2.3210872209906044,78
BROOKLYN,Bushwick and Williamsburg,Summer,2,night,22.443037974683545,10.680376008269867,79
BROOKLYN,Bushwick and Williamsburg,Summer,2,overnight,3.986666666666667,2.733640940722243,75
BROOKLYN,Bushwick and Williamsburg,Summer,3,afternoon,7.936708860759493,4.873638592684111,79
BROOKLYN,Bushwick and Williamsburg,Summer,3,evening,16.455696202531644,9.792458464467375,79
BROOKLYN,Bushwick and Williamsburg,Summer,3,morning,5.493670886075949,2.688405388203386,79
BROOKLYN,Bushwick and Williamsburg,Summer,3,night,25.82278481012658,13.286545627419867,79
BROOKLYN,Bushwick and Williamsburg,Summer,3,overnight,4.246753246753247,2.3291959543101663,77
BROOKLYN,Bushwick and Williamsburg,Summer,4,afternoon,8.74025974025974,5.237523011889146,77
BROOKLYN,Bushwick and Williamsburg,Summer,4,evening,20.256410256410255,9.45589336942414,78
BROOKLYN,Bushwick and Williamsburg,Summer,4,morning,4.794871794871795,2.688885127725473,78
BROOKLYN,Bushwick and Williamsburg,Summer,4,night,42.217948717948715,15.322208172129214,78
BROOKLYN,Bushwick and Williamsburg,Summer,4,overnight,5.8108108108108105,3.4509306891404505,74
BROOKLYN,Bushwick and Williamsburg,Summer,5,afternoon,17.89873417721519,7.277635106002817,79
BROOKLYN,Bushwick and Williamsburg,Summer,5,evening,36.18987341772152,13.739402395624772,79
BROOKLYN,Bushwick and Williamsburg,Summer,5,morning,7.620253164556962,3.64552341382236,79
BROOKLYN,Bushwick and Williamsburg,Summer,5,night,76.16455696202532,21.342404149141757,79
BROOKLYN,Bushwick and Williamsburg,Summer,5,overnight,16.59493670886076,6.982613916817074,79
BROOKLYN,Bushwick and Williamsburg,Summer,6,afternoon,18.40506329113924,10.527764254021392,79
BROOKLYN,Bushwick and Williamsburg,Summer,6,evening,33.29113924050633,15.92462365109711,79
BROOKLYN,Bushwick and Williamsburg,Summer,6,morning,7.949367088607595,4.3231598551001,79
BROOKLYN,Bushwick and Williamsburg,Summer,6,night,70.51898734177215,25.596905241371182,79
BROOKLYN,Bushwick and Williamsburg,Summer,6,overnight,23.088607594936708,11.004882218894323,79
BROOKLYN,Bushwick and Williamsburg,Winter,0,afternoon,7.2023809523809526,4.121000468960782,84
BROOKLYN,Bushwick and Williamsburg,Winter,0,evening,7.821428571428571,4.539414309351475,84
BROOKLYN,Bushwick and Williamsburg,Winter,0,morning,4.901234567901234,2.6438841610006523,81
BROOKLYN,Bushwick and Williamsburg,Winter,0,night,12.095238095238095,5.467580349879338,84
BROOKLYN,Bushwick and Williamsburg,Winter,0,overnight,4.097560975609756,3.0696030872932125,82
BROOKLYN,Bushwick and Williamsburg,Winter,1,afternoon,5.988095238095238,3.605531385126702,84
BROOKLYN,Bushwick and Williamsburg,Winter,1,evening,8.107142857142858,4.874368311604825,84
BROOKLYN,Bushwick and Williamsburg,Winter,1,morning,4.927710843373494,2.7398732947832367,83
BROOKLYN,Bushwick and Williamsburg,Winter,1,night,11.321428571428571,4.754606426608297,84
BROOKLYN,Bushwick and Williamsburg,Winter,1,overnight,3.4074074074074074,2.3493497918454893,81
BROOKLYN,Bushwick and Williamsburg,Winter,2,afternoon,6.588235294117647,3.519652707593866,85
BROOKLYN,Bushwick and Williamsburg,Winter,2,evening,8.117647058823529,3.636494140769972,85
BROOKLYN,Bushwick and Williamsburg,Winter,2,morning,4.666666666666667,3.074705719421645,84
BROOKLYN,Bushwick and Williamsburg,Winter,2,night,13.117647058823529,6.24959382433672,85
BROOKLYN,Bushwick and Williamsburg,Winter,2,overnight,4.512820512820513,4.356644692920571,78
BROOKLYN,Bushwick and Williamsburg,Winter,3,afternoon,6.895348837209302,3.3921330085167973,86
BROOKLYN,Bushwick and Williamsburg,Winter,3,evening,7.604651162790698,3.776955106548262,86
BROOKLYN,Bushwick and Williamsburg,Winter,3,morning,4.72093023255814,1.9861352527292955,86
BROOKLYN,Bushwick and Williamsburg,Winter,3,night,13.689655172413794,4.830403577023416,87
BROOKLYN,Bushwick and Williamsburg,Winter,3,overnight,4.186046511627907,3.43172612340299,86
BROOKLYN,Bushwick and Williamsburg,Winter,4,afternoon,6.781609195402299,3.279340856048212,87
BROOKLYN,Bushwick and Williamsburg,Winter,4,evening,9.563218390804598,4.481748904439932,87
BROOKLYN,Bushwick and Williamsburg,Winter,4,morning,5.651162790697675,2.7813134512966875,86
BROOKLYN,Bushwick and Williamsburg,Winter,4,night,19.632183908045977,6.054241147556092,87
BROOKLYN,Bushwick and Williamsburg,Winter,4,overnight,5.034883720930233,3.663645482523415,86
BROOKLYN,Bushwick and Williamsburg,Winter,5,afternoon,9.8,5.181928304442367,85
BROOKLYN,Bushwick and Williamsburg,Winter,5,evening,10.929411764705883,4.548124247826731,85
BROOKLYN,Bushwick and Williamsburg,Winter,5,morning,7.141176470588236,4.024191551983929,85
BROOKLYN,Bushwick and Williamsburg,Winter,5,night,29.105882352941176,9.847677426697125,85
BROOKLYN,Bushwick and Williamsburg,Winter,5,overnight,10.364705882352942,6.684821219291774,85
BROOKLYN,Bushwick and Williamsburg,Winter,6,afternoon,9.023809523809524,5.483768360640446,84
BROOKLYN,Bushwick and Williamsburg,Winter,6,evening,9.397590361445783,4.1258842630521135,83
BROOKLYN,Bushwick and Williamsburg,Winter,6,morning,6.690476190476191,4.398729801533183,84
BROOKLYN,Bushwick and Williamsburg,Winter,6,night,24.964285714285715,8.881341519978402,84
BROOKLYN,Bushwick and Williamsburg,Winter,6,overnight,11.869047619047619,6.001565582703253,84
BROOKLYN,Canarsie and Flatlands,Fall,0,afternoon,3.8805970149253732,2.760777163637747,67
BROOKLYN,Canarsie and Flatlands,Fall,0,evening,4.786666666666667,4.214817277733957,75
BROOKLYN,Canarsie and Flatlands,Fall,0,morning,2.2830188679245285,1.306453780432506,53
BROOKLYN,Canarsie and Flatlands,Fall,0,night,7.51948051948052,10.139306513203676,77
BROOKLYN,Canarsie and Flatlands,Fall,0,overnight,4.0,5.930633506894811,59
BROOKLYN,Canarsie and Flatlands,Fall,1,afternoon,2.796875,1.524193125079523,64
BROOKLYN,Canarsie and Flatlands,Fall,1,evening,4.175675675675675,2.967209417784539,74
BROOKLYN,Canarsie and Flatlands,Fall,1,morning,2.4516129032258065,1.4785617663391535,62
BROOKLYN,Canarsie and Flatlands,Fall,1,night,4.697368421052632,4.156985243633836,76
BROOKLYN,Canarsie and Flatlands,Fall,1,overnight,2.210526315789474,1.729335567135366,57
BROOKLYN,Canarsie and Flatlands,Fall,2,afternoon,3.2222222222222223,2.425964686366685,63
BROOKLYN,Canarsie and Flatlands,Fall,2,evening,3.9078947368421053,2.461314724987155,76
BROOKLYN,Canarsie and Flatlands,Fall,2,morning,2.507936507936508,1.6448650878397475,63
BROOKLYN,Canarsie and Flatlands,Fall,2,night,4.75,3.1246333118196983,76
BROOKLYN,Canarsie and Flatlands,Fall,2,overnight,1.9411764705882353,1.6662744636569615,51
BROOKLYN,Canarsie and Flatlands,Fall,3,afternoon,3.014925373134328,2.7879205746774933,67
BROOKLYN,Canarsie and Flatlands,Fall,3,evening,3.835616438356164,3.175486395945846,73
BROOKLYN,Canarsie and Flatlands,Fall,3,morning,2.15625,1.4498905267924678,64
BROOKLYN,Canarsie and Flatlands,Fall,3,night,5.746666666666667,5.133602426549398,75
BROOKLYN,Canarsie and Flatlands,Fall,3,overnight,2.142857142857143,1.7119800162492742,63
BROOKLYN,Canarsie and Flatlands,Fall,4,afternoon,2.925373134328358,1.7607972784028652,67
BROOKLYN,Canarsie and Flatlands,Fall,4,evening,5.148648648648648,3.579555464986673,74
BROOKLYN,Canarsie and Flatlands,Fall,4,morning,2.6271186440677967,1.4251231656965744,59
BROOKLYN,Canarsie and Flatlands,Fall,4,night,8.23076923076923,5.536005116268648,78
BROOKLYN,Canarsie and Flatlands,Fall,4,overnight,2.5483870967741935,2.0218269562804463,62
BROOKLYN,Canarsie and Flatlands,Fall,5,afternoon,4.921052631578948,3.0188879095664207,76
BROOKLYN,Canarsie and Flatlands,Fall,5,evening,8.337662337662337,5.761967841874834,77
BROOKLYN,Canarsie and Flatlands,Fall,5,morning,2.953846153846154,2.1464415991266894,65
BROOKLYN,Canarsie and Flatlands,Fall,5,night,16.615384615384617,11.475813944740725,78
BROOKLYN,Canarsie and Flatlands,Fall,5,overnight,4.876712328767123,3.782067356029019,73
BROOKLYN,Canarsie and Flatlands,Fall,6,afternoon,5.297297297297297,3.191296939643645,74
BROOKLYN,Canarsie and Flatlands,Fall,6,evening,7.078947368421052,5.145258420189049,76
BROOKLYN,Canarsie and Flatlands,Fall,6,morning,2.7222222222222223,1.7459992273865503,72
BROOKLYN,Canarsie and Flatlands,Fall,6,night,18.233766233766232,14.601636627713766,77
BROOKLYN,Canarsie and Flatlands,Fall,6,overnight,7.054794520547945,4.821509707546959,73
BROOKLYN,Canarsie and Flatlands,Spring,0,afternoon,3.551282051282051,2.566757699558937,78
BROOKLYN,Canarsie and Flatlands,Spring,0,evening,4.8625,4.700508321555516,80
BROOKLYN,Canarsie and Flatlands,Spring,0,morning,2.5285714285714285,1.6216061868588187,70
BROOKLYN,Canarsie and Flatlands,Spring,0,night,6.168539325842697,6.29977624973549,89
BROOKLYN,Canarsie and Flatlands,Spring,0,overnight,2.433333333333333,2.0366694869001343,60
BROOKLYN,Canarsie and Flatlands,Spring,1,afternoon,3.3875,2.492996519365725,80
BROOKLYN,Canarsie and Flatlands,Spring,1,evening,4.232558139534884,2.9292617765238322,86
BROOKLYN,Canarsie and Flatlands,Spring,1,morning,2.7532467532467533,1.5824351999358135,77
BROOKLYN,Canarsie and Flatlands,Spring,1,night,4.290697674418604,3.4636474452765826,86
BROOKLYN,Canarsie and Flatlands,Spring,1,overnight,2.292307692307692,1.4760915126936247,65
BROOKLYN,Canarsie and Flatlands,Spring,2,afternoon,3.2531645569620253,2.238751680727109,79
BROOKLYN,Canarsie and Flatlands,Spring,2,evening,4.204819277108434,2.861685654297849,83
BROOKLYN,Canarsie and Flatlands,Spring,2,morning,2.0921052631578947,1.3777046764232879,76
BROOKLYN,Canarsie and Flatlands,Spring,2,night,4.583333333333333,2.5279561406393087,84
BROOKLYN,Canarsie and Flatlands,Spring,2,overnight,2.126984126984127,1.539711572194752,63
BROOKLYN,Canarsie and Flatlands,Spring,3,afternoon,3.717948717948718,2.5528056167316215,78
BROOKLYN,Canarsie and Flatlands,Spring,3,evening,3.5402298850574714,2.55089859999738,87
BROOKLYN,Canarsie and Flatlands,Spring,3,morning,2.5072463768115942,1.4814856256454305,69
BROOKLYN,Canarsie and Flatlands,Spring,3,night,5.134831460674158,3.324123299444242,89
BROOKLYN,Canarsie and Flatlands,Spring,3,overnight,1.953125,1.290129653875735,64
BROOKLYN,Canarsie and Flatlands,Spring,4,afternoon,3.3780487804878048,2.6276790862483828,82
BROOKLYN,Canarsie and Flatlands,Spring,4,evening,4.168674698795181,2.7041940195421725,83
BROOKLYN,Canarsie and Flatlands,Spring,4,morning,2.5142857142857142,1.3804311145840642,70
BROOKLYN,Canarsie and Flatlands,Spring,4,night,6.314606741573034,3.6884201644470345,89
BROOKLYN,Canarsie and Flatlands,Spring,4,overnight,2.353846153846154,1.7715703594442809,65
BROOKLYN,Canarsie and Flatlands,Spring,5,afternoon,4.375,3.8199178200451813,80
BROOKLYN,Canarsie and Flatlands,Spring,5,evening,5.448275862068965,3.993479047116615,87
BROOKLYN,Canarsie and Flatlands,Spring,5,morning,2.8987341772151898,1.8369074953249673,79
BROOKLYN,Canarsie and Flatlands,Spring,5,night,9.488888888888889,5.57733060962757,90
BROOKLYN,Canarsie and Flatlands,Spring,5,overnight,3.3424657534246576,2.292616034154189,73
BROOKLYN,Canarsie and Flatlands,Spring,6,afternoon,4.595238095238095,2.630310108699896,84
BROOKLYN,Canarsie and Flatlands,Spring,6,evening,5.353658536585366,3.6119552901116774,82
BROOKLYN,Canarsie and Flatlands,Spring,6,morning,2.36,1.4671170479659872,75
BROOKLYN,Canarsie and Flatlands,Spring,6,night,10.426966292134832,8.281808707327158,89
BROOKLYN,Canarsie and Flatlands,Spring,6,overnight,4.364705882352941,3.157934296277844,85
BROOKLYN,Canarsie and Flatlands,Summer,0,afternoon,2.6056338028169015,1.571885794101527,71
BROOKLYN,Canarsie and Flatlands,Summer,0,evening,4.223684210526316,2.7597037725597837,76
BROOKLYN,Canarsie and Flatlands,Summer,0,morning,2.1403508771929824,1.6737318919454482,57
BROOKLYN,Canarsie and Flatlands,Summer,0,night,11.164556962025317,7.920163135698198,79
BROOKLYN,Canarsie and Flatlands,Summer,0,overnight,2.573529411764706,2.59917424585503,68
BROOKLYN,Canarsie and Flatlands,Summer,1,afternoon,2.7246376811594204,1.7895452755560928,69
BROOKLYN,Canarsie and Flatlands,Summer,1,evening,5.066666666666666,3.243843788242973,75
BROOKLYN,Canarsie and Flatlands,Summer,1,morning,2.0377358490566038,1.2241522050750597,53
BROOKLYN,Canarsie and Flatlands,Summer,1,night,7.6835443037974684,5.362606292766338,79
BROOKLYN,Canarsie and Flatlands,Summer,1,overnight,2.517857142857143,1.595346316675433,56
BROOKLYN,Canarsie and Flatlands,Summer,2,afternoon,2.8260869565217392,1.8546961201797232,69
BROOKLYN,Canarsie and Flatlands,Summer,2,evening,4.573333333333333,3.760295177219445,75
BROOKLYN,Canarsie and Flatlands,Summer,2,morning,2.1403508771929824,1.301628053236573,57
BROOKLYN,Canarsie and Flatlands,Summer,2,night,7.141025641025641,3.959943456812507,78
BROOKLYN,Canarsie and Flatlands,Summer,2,overnight,2.1333333333333333,1.35847508091041,45
BROOKLYN,Canarsie and Flatlands,Summer,3,afternoon,2.925373134328358,1.933072862567413,67
BROOKLYN,Canarsie and Flatlands,Summer,3,evening,4.8133333333333335,2.966904535458214,75
BROOKLYN,Canarsie and Flatlands,Summer,3,morning,2.1578947368421053,1.3064328981211522,57
BROOKLYN,Canarsie and Flatlands,Summer,3,night,6.714285714285714,3.919778265939968,77
BROOKLYN,Canarsie and Flatlands,Summer,3,overnight,2.0,1.5536386656646635,59
BROOKLYN,Canarsie and Flatlands,Summer,4,afternoon,3.5833333333333335,2.6629963003681865,72
BROOKLYN,Canarsie and Flatlands,Summer,4,evening,5.935897435897436,4.599095742826154,78
BROOKLYN,Canarsie and Flatlands,Summer,4,morning,2.2857142857142856,1.3975860450243314,56
BROOKLYN,Canarsie and Flatlands,Summer,4,night,11.220779220779221,6.574719078696296,77
BROOKLYN,Canarsie and Flatlands,Summer,4,overnight,2.306122448979592,1.4463183379511848,49
BROOKLYN,Canarsie and Flatlands,Summer,5,afternoon,5.363636363636363,3.989819580768201,77
BROOKLYN,Canarsie and Flatlands,Summer,5,evening,11.113924050632912,4.994836671881586,79
BROOKLYN,Canarsie and Flatlands,Summer,5,morning,2.875,1.8473490229781733,64
BROOKLYN,Canarsie and Flatlands,Summer,5,night,26.379746835443036,16.480994335720776,79
BROOKLYN,Canarsie and Flatlands,Summer,5,overnight,4.723684210526316,3.602216666482001,76
BROOKLYN,Canarsie and Flatlands,Summer,6,afternoon,5.373333333333333,3.212195230399018,75
BROOKLYN,Canarsie and Flatlands,Summer,6,evening,11.220779220779221,6.898938470257918,77
BROOKLYN,Canarsie and Flatlands,Summer,6,morning,2.9206349206349205,1.9201947759200257,63
BROOKLYN,Canarsie and Flatlands,Summer,6,night,31.670886075949365,14.008899661201948,79
BROOKLYN,Canarsie and Flatlands,Summer,6,overnight,9.746835443037975,5.328848325161248,79
BROOKLYN,Canarsie and Flatlands,Winter,0,afternoon,2.9384615384615387,2.178566924873745,65
BROOKLYN,Canarsie and Flatlands,Winter,0,evening,2.9863013698630136,2.1245466881518484,73
BROOKLYN,Canarsie and Flatlands,Winter,0,morning,2.28125,1.3028509642014452,64
BROOKLYN,Canarsie and Flatlands,Winter,0,night,4.467532467532467,3.0156801431693108,77
BROOKLYN,Canarsie and Flatlands,Winter,0,overnight,2.6031746031746033,1.996284310830293,63
BROOKLYN,Canarsie and Flatlands,Winter,1,afternoon,2.9705882352941178,2.1646452829629053,68
BROOKLYN,Canarsie and Flatlands,Winter,1,evening,2.9473684210526314,1.832264441191866,76
BROOKLYN,Canarsie and Flatlands,Winter,1,morning,2.253731343283582,1.5603348861808535,67
BROOKLYN,Canarsie and Flatlands,Winter,1,night,3.5324675324675323,2.2395042660117044,77
BROOKLYN,Canarsie and Flatlands,Winter,1,overnight,2.85,2.4894693464910636,60
BROOKLYN,Canarsie and Flatlands,Winter,2,afternoon,2.5942028985507246,1.5654245860779614,69
BROOKLYN,Canarsie and Flatlands,Winter,2,evening,3.041095890410959,2.226347009018632,73
BROOKLYN,Canarsie and Flatlands,Winter,2,morning,2.292307692307692,1.8601333699082314,65
BROOKLYN,Canarsie and Flatlands,Winter,2,night,3.871794871794872,2.9025692799498204,78
BROOKLYN,Canarsie and Flatlands,Winter,2,overnight,2.272727272727273,1.6937198318160145,55
BROOKLYN,Canarsie and Flatlands,Winter,3,afternoon,2.56,1.6043858806577844,75
BROOKLYN,Canarsie and Flatlands,Winter,3,evening,3.085714285714286,1.9835764591661644,70
BROOKLYN,Canarsie and Flatlands,Winter,3,morning,2.25,1.4076019620553568,68
BROOKLYN,Canarsie and Flatlands,Winter,3,night,3.876543209876543,2.712852355222187,81
BROOKLYN,Canarsie and Flatlands,Winter,3,overnight,2.0615384615384613,1.344862017514751,65
BROOKLYN,Canarsie and Flatlands,Winter,4,afternoon,3.0285714285714285,2.2776254388620516,70
BROOKLYN,Canarsie and Flatlands,Winter,4,evening,3.0921052631578947,1.729567434005373,76
BROOKLYN,Canarsie and Flatlands,Winter,4,morning,2.0634920634920637,1.2164599070997602,63
BROOKLYN,Canarsie and Flatlands,Winter,4,night,4.607142857142857,2.8412531476842178,84
BROOKLYN,Canarsie and Flatlands,Winter,4,overnight,2.0535714285714284,1.6227882050475837,56
BROOKLYN,Canarsie and Flatlands,Winter,5,afternoon,3.1125,1.9551538513064595,80
BROOKLYN,Canarsie and Flatlands,Winter,5,evening,3.287671232876712,2.3122827348675408,73
BROOKLYN,Canarsie and Flatlands,Winter,5,morning,2.4383561643835616,1.3640859920134454,73
BROOKLYN,Canarsie and Flatlands,Winter,5,night,5.809523809523809,3.367012871095843,84
BROOKLYN,Canarsie and Flatlands,Winter,5,overnight,2.63768115942029,1.878445966693445,69
BROOKLYN,Canarsie and Flatlands,Winter,6,afternoon,3.3417721518987342,2.2468557857100317,79
BROOKLYN,Canarsie and Flatlands,Winter,6,evening,3.2337662337662336,2.4273447909409156,77
BROOKLYN,Canarsie and Flatlands,Winter,6,morning,2.235294117647059,1.4363889950286823,68
BROOKLYN,Canarsie and Flatlands,Winter,6,night,5.795180722891566,4.264885084502759,83
BROOKLYN,Canarsie and Flatlands,Winter,6,overnight,3.3766233766233764,2.5651457383392517,77
BROOKLYN,Central Brooklyn,Fall,0,afternoon,14.012820512820513,7.00184315204272,78
BROOKLYN,Central Brooklyn,Fall,0,evening,23.064102564102566,19.750613828100292,78
BROOKLYN,Central Brooklyn,Fall,0,morning,10.64102564102564,6.945005416347798,78
BROOKLYN,Central Brooklyn,Fall,0,night,27.833333333333332,27.201707674940202,78
BROOKLYN,Central Brooklyn,Fall,0,overnight,7.2894736842105265,9.943595311520792,76
BROOKLYN,Central Brooklyn,Fall,1,afternoon,12.102564102564102,6.401277761225252,78
BROOKLYN,Central Brooklyn,Fall,1,evening,19.243589743589745,8.601096120777541,78
BROOKLYN,Central Brooklyn,Fall,1,morning,9.448717948717949,6.276419352898585,78
BROOKLYN,Central Brooklyn,Fall,1,night,22.55128205128205,9.90690096077914,78
BROOKLYN,Central Brooklyn,Fall,1,overnight,4.92,3.8300377529717884,75
BROOKLYN,Central Brooklyn,Fall,2,afternoon,12.782051282051283,5.349226029456889,78
BROOKLYN,Central Brooklyn,Fall,2,evening,19.166666666666668,7.172126179829376,78
BROOKLYN,Central Brooklyn,Fall,2,morning,10.14102564102564,5.464702220887278,78
BROOKLYN,Central Brooklyn,Fall,2,night,24.0,8.778663626369054,78
BROOKLYN,Central Brooklyn,Fall,2,overnight,5.454545454545454,3.4737567050576543,77
BROOKLYN,Central Brooklyn,Fall,3,afternoon,13.294871794871796,6.460889276492072,78
BROOKLYN,Central Brooklyn,Fall,3,evening,19.76923076923077,8.878579324935426,78
BROOKLYN,Central Brooklyn,Fall,3,morning,10.692307692307692,7.170117810091365,78
BROOKLYN,Central Brooklyn,Fall,3,night,24.17948717948718,11.188750832338041,78
BROOKLYN,Central Brooklyn,Fall,3,overnight,5.538461538461538,3.234121280895394,78
BROOKLYN,Central Brooklyn,Fall,4,afternoon,15.256410256410257,7.73663220370969,78
BROOKLYN,Central Brooklyn,Fall,4,evening,24.474358974358974,10.184944783016757,78
BROOKLYN,Central Brooklyn,Fall,4,morning,10.346153846153847,8.289920218118942,78
BROOKLYN,Central Brooklyn,Fall,4,night,36.282051282051285,14.48769960668152,78
BROOKLYN,Central Brooklyn,Fall,4,overnight,5.730769230769231,4.250815282911099,78
BROOKLYN,Central Brooklyn,Fall,5,afternoon,20.166666666666668,8.303366031067608,78
BROOKLYN,Central Brooklyn,Fall,5,evening,30.692307692307693,16.014042289489264,78
BROOKLYN,Central Brooklyn,Fall,5,morning,12.974358974358974,7.362548893360654,78
BROOKLYN,Central Brooklyn,Fall,5,night,58.3974358974359,25.997672095381045,78
BROOKLYN,Central Brooklyn,Fall,5,overnight,12.948717948717949,7.503933922218687,78
BROOKLYN,Central Brooklyn,Fall,6,afternoon,19.23076923076923,9.300081101340378,78
BROOKLYN,Central Brooklyn,Fall,6,evening,24.0,14.360841418028622,78
BROOKLYN,Central Brooklyn,Fall,6,morning,13.58974358974359,12.022096428277496,78
BROOKLYN,Central Brooklyn,Fall,6,night,50.35897435897436,23.231737337392996,78
BROOKLYN,Central Brooklyn,Fall,6,overnight,18.21794871794872,9.706936114171596,78
BROOKLYN,Central Brooklyn,Spring,0,afternoon,15.923076923076923,7.327620152137875,91
BROOKLYN,Central Brooklyn,Spring,0,evening,21.87912087912088,13.20423767401559,91
BROOKLYN,Central Brooklyn,Spring,0,morning,10.10989010989011,5.896233354063234,91
BROOKLYN,Central Brooklyn,Spring,0,night,27.89010989010989,19.384673527443475,91
BROOKLYN,Central Brooklyn,Spring,0,overnight,6.021978021978022,4.317864755171941,91
BROOKLYN,Central Brooklyn,Spring,1,afternoon,15.868131868131869,7.868656233166558,91
BROOKLYN,Central Brooklyn,Spring,1,evening,21.967032967032967,11.675663720796491,91
BROOKLYN,Central Brooklyn,Spring,1,morning,11.846153846153847,7.026810683095737,91
BROOKLYN,Central Brooklyn,Spring,1,night,25.78021978021978,13.675446121345612,91
BROOKLYN,Central Brooklyn,Spring,1,overnight,5.943181818181818,4.202784940241231,88
BROOKLYN,Central Brooklyn,Spring,2,afternoon,15.021978021978022,6.014755969886841,91
BROOKLYN,Central Brooklyn,Spring,2,evening,18.373626373626372,9.795291784716836,91
BROOKLYN,Central Brooklyn,Spring,2,morning,11.868131868131869,7.072966988956051,91
BROOKLYN,Central Brooklyn,Spring,2,night,23.395604395604394,11.104432669363389,91
BROOKLYN,Central Brooklyn,Spring,2,overnight,5.822222222222222,3.5555867664048373,90
BROOKLYN,Central Brooklyn,Spring,3,afternoon,16.466666666666665,8.018517893818231,90
BROOKLYN,Central Brooklyn,Spring,3,evening,20.533333333333335,10.927956108948331,90
BROOKLYN,Central Brooklyn,Spring,3,morning,10.255555555555556,5.9161958455916395,90
BROOKLYN,Central Brooklyn,Spring,3,night,24.788888888888888,10.87776253889945,90
BROOKLYN,Central Brooklyn,Spring,3,overnight,5.688888888888889,4.021415828836218,90
BROOKLYN,Central Brooklyn,Spring,4,afternoon,17.7,8.69773314132785,90
BROOKLYN,Central Brooklyn,Spring,4,evening,22.711111111111112,11.033396132299188,90
BROOKLYN,Central Brooklyn,Spring,4,morning,11.247191011235955,6.592490388306856,89
BROOKLYN,Central Brooklyn,Spring,4,night,31.32967032967033,14.477611025346034,91
BROOKLYN,Central Brooklyn,Spring,4,overnight,6.264367816091954,4.849981467514204,87
BROOKLYN,Central Brooklyn,Spring,5,afternoon,18.855555555555554,7.85051506377396,90
BROOKLYN,Central Brooklyn,Spring,5,evening,25.833333333333332,14.81970294930428,90
BROOKLYN,Central Brooklyn,Spring,5,morning,12.244444444444444,6.63716318024113,90
BROOKLYN,Central Brooklyn,Spring,5,night,43.477777777777774,21.01162213321864,90
BROOKLYN,Central Brooklyn,Spring,5,overnight,10.822222222222223,5.916227498603394,90
BROOKLYN,Central Brooklyn,Spring,6,afternoon,19.791208791208792,8.47940836971344,91
BROOKLYN,Central Brooklyn,Spring,6,evening,25.505494505494507,14.92080845767162,91
BROOKLYN,Central Brooklyn,Spring,6,morning,10.692307692307692,5.231724397456365,91
BROOKLYN,Central Brooklyn,Spring,6,night,39.879120879120876,19.92197846312524,91
BROOKLYN,Central Brooklyn,Spring,6,overnight,12.76923076923077,7.060180864974627,91
BROOKLYN,Central Brooklyn,Summer,0,afternoon,12.79746835443038,6.58159778519145,79
BROOKLYN,Central Brooklyn,Summer,0,evening,19.974683544303797,8.742725450110383,79
BROOKLYN,Central Brooklyn,Summer,0,morning,8.525641025641026,5.644729432219967,78
BROOKLYN,Central Brooklyn,Summer,0,night,37.037974683544306,19.619092635631873,79
BROOKLYN,Central Brooklyn,Summer,0,overnight,7.435897435897436,5.495192098292488,78
BROOKLYN,Central Brooklyn,Summer,1,afternoon,11.860759493670885,6.38052762309728,79
BROOKLYN,Central Brooklyn,Summer,1,evening,20.265822784810126,7.680659795308543,79
BROOKLYN,Central Brooklyn,Summer,1,morning,8.102564102564102,5.45010364154937,78
BROOKLYN,Central Brooklyn,Summer,1,night,32.12658227848101,13.476824445832355,79
BROOKLYN,Central Brooklyn,Summer,1,overnight,5.794871794871795,4.926364203859095,78
BROOKLYN,Central Brooklyn,Summer,2,afternoon,12.49367088607595,6.139141796119344,79
BROOKLYN,Central Brooklyn,Summer,2,evening,20.151898734177216,8.72527805389713,79
BROOKLYN,Central Brooklyn,Summer,2,morning,8.341772151898734,5.078577622264761,79
BROOKLYN,Central Brooklyn,Summer,2,night,31.79746835443038,12.644426913472175,79
BROOKLYN,Central Brooklyn,Summer,2,overnight,5.670886075949367,3.144883997645985,79
BROOKLYN,Central Brooklyn,Summer,3,afternoon,12.49367088607595,6.462660835119118,79
BROOKLYN,Central Brooklyn,Summer,3,evening,21.835443037974684,11.19687499872613,79
BROOKLYN,Central Brooklyn,Summer,3,morning,8.556962025316455,4.9787930661933855,79
BROOKLYN,Central Brooklyn,Summer,3,night,34.075949367088604,17.182110666962966,79
BROOKLYN,Central Brooklyn,Summer,3,overnight,5.8,4.466088439109322,75
BROOKLYN,Central Brooklyn,Summer,4,afternoon,13.820512820512821,7.188995178858564,78
BROOKLYN,Central Brooklyn,Summer,4,evening,25.858974358974358,12.15882380565638,78
BROOKLYN,Central Brooklyn,Summer,4,morning,8.636363636363637,4.349558631295977,77
BROOKLYN,Central Brooklyn,Summer,4,night,45.82051282051282,15.495909464217005,78
BROOKLYN,Central Brooklyn,Summer,4,overnight,6.8311688311688314,4.523047986650378,77
BROOKLYN,Central Brooklyn,Summer,5,afternoon,21.367088607594937,7.848202824148411,79
BROOKLYN,Central Brooklyn,Summer,5,evening,39.40506329113924,14.06078287507653,79
BROOKLYN,Central Brooklyn,Summer,5,morning,10.784810126582279,5.178037659379027,79
BROOKLYN,Central Brooklyn,Summer,5,night,78.45569620253164,24.70793367256886,79
BROOKLYN,Central Brooklyn,Summer,5,overnight,15.113924050632912,11.4600614642064,79
BROOKLYN,Central Brooklyn,Summer,6,afternoon,18.481012658227847,8.695505410612517,79
BROOKLYN,Central Brooklyn,Summer,6,evening,34.69620253164557,18.185902140845357,79
BROOKLYN,Central Brooklyn,Summer,6,morning,10.177215189873417,5.867685285267589,79
BROOKLYN,Central Brooklyn,Summer,6,night,74.86075949367088,30.785750190638364,79
BROOKLYN,Central Brooklyn,Summer,6,overnight,23.518987341772153,10.968323574653478,79
BROOKLYN,Central Brooklyn,Winter,0,afternoon,11.321428571428571,5.151115715582248,84
BROOKLYN,Central Brooklyn,Winter,0,evening,12.845238095238095,6.550074123776389,84
BROOKLYN,Central Brooklyn,Winter,0,morning,9.380952380952381,5.648125314117079,84
BROOKLYN,Central Brooklyn,Winter,0,night,14.119047619047619,6.048807035434507,84
BROOKLYN,Central Brooklyn,Winter,0,overnight,5.45,4.807430956869094,80
BROOKLYN,Central Brooklyn,Winter,1,afternoon,11.869047619047619,6.284001031314408,84
BROOKLYN,Central Brooklyn,Winter,1,evening,13.05952380952381,6.395313024877927,84
BROOKLYN,Central Brooklyn,Winter,1,morning,9.571428571428571,5.798391372864441,84
BROOKLYN,Central Brooklyn,Winter,1,night,14.797619047619047,5.904418933092752,84
BROOKLYN,Central Brooklyn,Winter,1,overnight,4.654320987654321,3.5712760108508848,81
BROOKLYN,Central Brooklyn,Winter,2,afternoon,9.764705882352942,5.410851219944026,85
BROOKLYN,Central Brooklyn,Winter,2,evening,13.541176470588235,5.617898567411617,85
BROOKLYN,Central Brooklyn,Winter,2,morning,9.607142857142858,5.828922190856283,84
BROOKLYN,Central Brooklyn,Winter,2,night,15.058823529411764,7.816881824396646,85
BROOKLYN,Central Brooklyn,Winter,2,overnight,5.380952380952381,4.196684755549807,84
BROOKLYN,Central Brooklyn,Winter,3,afternoon,11.183908045977011,7.50275722284378,87
BROOKLYN,Central Brooklyn,Winter,3,evening,11.701149425287356,5.4498025194192365,87
BROOKLYN,Central Brooklyn,Winter,3,morning,8.720930232558139,5.185162457698149,86
BROOKLYN,Central Brooklyn,Winter,3,night,15.908045977011493,6.3970054475149505,87
BROOKLYN,Central Brooklyn,Winter,3,overnight,4.879518072289157,2.8729078935659094,83
BROOKLYN,Central Brooklyn,Winter,4,afternoon,12.586206896551724,7.229705716513898,87
BROOKLYN,Central Brooklyn,Winter,4,evening,13.448275862068966,5.780397147154267,87
BROOKLYN,Central Brooklyn,Winter,4,morning,9.574712643678161,5.4785675090620085,87
BROOKLYN,Central Brooklyn,Winter,4,night,19.367816091954023,6.584186380363633,87
BROOKLYN,Central Brooklyn,Winter,4,overnight,4.674698795180723,2.9718534650829205,83
BROOKLYN,Central Brooklyn,Winter,5,afternoon,13.117647058823529,7.541017622225232,85
BROOKLYN,Central Brooklyn,Winter,5,evening,15.0,7.341986237031634,85
BROOKLYN,Central Brooklyn,Winter,5,morning,10.08235294117647,5.0360882512074365,85
BROOKLYN,Central Brooklyn,Winter,5,night,26.776470588235295,9.053250495695735,85
BROOKLYN,Central Brooklyn,Winter,5,overnight,8.635294117647058,4.600328815430918,85
BROOKLYN,Central Brooklyn,Winter,6,afternoon,13.30952380952381,5.673816824754925,84
BROOKLYN,Central Brooklyn,Winter,6,evening,12.023809523809524,5.220386798382614,84
BROOKLYN,Central Brooklyn,Winter,6,morning,9.0,6.191716191621702,84
BROOKLYN,Central Brooklyn,Winter,6,night,23.511904761904763,7.215268361813655,84
BROOKLYN,Central Brooklyn,Winter,6,overnight,10.797619047619047,5.048630404531561,84
BROOKLYN,East New York and New Lots,Fall,0,afternoon,5.573333333333333,4.037571297448749,75
BROOKLYN,East New York and New Lots,Fall,0,evening,9.5,8.857823601824489,78
BROOKLYN,East New York and New Lots,Fall,0,morning,3.8857142857142857,2.3562612065953137,70
BROOKLYN,East New York and New Lots,Fall,0,night,12.538461538461538,14.002497279768708,78
BROOKLYN,East New York and New Lots,Fall,0,overnight,5.222222222222222,5.920178485656867,72
BROOKLYN,East New York and New Lots,Fall,1,afternoon,4.833333333333333,2.684330029193077,78
BROOKLYN,East New York and New Lots,Fall,1,evening,7.358974358974359,4.2333688619599315,78
BROOKLYN,East New York and New Lots,Fall,1,morning,3.3378378378378377,2.1214948660069606,74
BROOKLYN,East New York and New Lots,Fall,1,night,9.064102564102564,6.705957311962511,78
BROOKLYN,East New York and New Lots,Fall,1,overnight,2.6825396825396823,1.6831747731439788,63
BROOKLYN,East New York and New Lots,Fall,2,afternoon,5.324324324324325,4.181197665833328,74
BROOKLYN,East New York and New Lots,Fall,2,evening,7.896103896103896,4.555460620260895,77
BROOKLYN,East New York and New Lots,Fall,2,morning,2.7162162162162162,1.700284184709876,74
BROOKLYN,East New York and New Lots,Fall,2,night,8.948051948051948,4.412589954043888,77
BROOKLYN,East New York and New Lots,Fall,2,overnight,2.671875,1.9111592717261323,64
BROOKLYN,East New York and New Lots,Fall,3,afternoon,5.9480519480519485,4.946812115143352,77
BROOKLYN,East New York and New Lots,Fall,3,evening,8.397435897435898,4.090977540404889,78
BROOKLYN,East New York and New Lots,Fall,3,morning,3.642857142857143,2.3033417077746687,70
BROOKLYN,East New York and New Lots,Fall,3,night,9.461538461538462,4.471242332060296,78
BROOKLYN,East New York and New Lots,Fall,3,overnight,2.4918032786885247,1.4215361505506656,61
BROOKLYN,East New York and New Lots,Fall,4,afternoon,6.285714285714286,3.6844521940072466,77
BROOKLYN,East New York and New Lots,Fall,4,evening,14.166666666666666,7.57887814517386,78
BROOKLYN,East New York and New Lots,Fall,4,morning,3.493150684931507,1.9373757140870345,73
BROOKLYN,East New York and New Lots,Fall,4,night,17.358974358974358,8.621890531489965,78
BROOKLYN,East New York and New Lots,Fall,4,overnight,3.1363636363636362,2.4361783668206716,66
BROOKLYN,East New York and New Lots,Fall,5,afternoon,9.128205128205128,4.343554634912155,78
BROOKLYN,East New York and New Lots,Fall,5,evening,19.564102564102566,13.465289425557076,78
BROOKLYN,East New York and New Lots,Fall,5,morning,4.7105263157894735,2.697237052855801,76
BROOKLYN,East New York and New Lots,Fall,5,night,31.53846153846154,20.54244406082217,78
BROOKLYN,East New York and New Lots,Fall,5,overnight,7.974025974025974,6.247049884743549,77
BROOKLYN,East New York and New Lots,Fall,6,afternoon,10.320512820512821,6.73524089127255,78
BROOKLYN,East New York and New Lots,Fall,6,evening,18.05128205128205,13.220308497783126,78
BROOKLYN,East New York and New Lots,Fall,6,morning,5.333333333333333,3.557760202382625,75
BROOKLYN,East New York and New Lots,Fall,6,night,30.307692307692307,19.217353962153407,78
BROOKLYN,East New York and New Lots,Fall,6,overnight,13.717948717948717,9.448283615030999,78
BROOKLYN,East New York and New Lots,Spring,0,afternoon,6.252873563218391,4.120900756141475,87
BROOKLYN,East New York and New Lots,Spring,0,evening,9.8,8.075764826200048,90
BROOKLYN,East New York and New Lots,Spring,0,morning,3.552941176470588,2.3120073856414267,85
BROOKLYN,East New York and New Lots,Spring,0,night,12.461538461538462,11.782574414323035,91
BROOKLYN,East New York and New Lots,Spring,0,overnight,4.0246913580246915,3.510610020502047,81
BROOKLYN,East New York and New Lots,Spring,1,afternoon,5.65934065934066,2.7334137395481624,91
BROOKLYN,East New York and New Lots,Spring,1,evening,10.12087912087912,6.8407848231278985,91
BROOKLYN,East New York and New Lots,Spring,1,morning,3.2705882352941176,1.9843928860108375,85
BROOKLYN,East New York and New Lots,Spring,1,night,9.582417582417582,7.408802473433483,91
BROOKLYN,East New York and New Lots,Spring,1,overnight,2.9740259740259742,2.6356564446174158,77
BROOKLYN,East New York and New Lots,Spring,2,afternoon,5.067415730337078,2.8714810591281226,89
BROOKLYN,East New York and New Lots,Spring,2,evening,8.444444444444445,5.949433191982885,90
BROOKLYN,East New York and New Lots,Spring,2,morning,3.3294117647058825,2.560637175606501,85
BROOKLYN,East New York and New Lots,Spring,2,night,9.296703296703297,6.2476564592822506,91
BROOKLYN,East New York and New Lots,Spring,2,overnight,2.4177215189873418,1.4376583073295133,79
BROOKLYN,East New York and New Lots,Spring,3,afternoon,5.284090909090909,3.219726780856519,88
BROOKLYN,East New York and New Lots,Spring,3,evening,9.393258426966293,6.06333612327572,89
BROOKLYN,East New York and New Lots,Spring,3,morning,3.388235294117647,2.681924138903771,85
BROOKLYN,East New York and New Lots,Spring,3,night,9.177777777777777,6.236135683632064,90
BROOKLYN,East New York and New Lots,Spring,3,overnight,2.5833333333333335,2.1345580404779376,72
BROOKLYN,East New York and New Lots,Spring,4,afternoon,6.910112359550562,3.812778900195673,89
BROOKLYN,East New York and New Lots,Spring,4,evening,11.155555555555555,7.748738369380116,90
BROOKLYN,East New York and New Lots,Spring,4,morning,3.3536585365853657,2.3273571681493372,82
BROOKLYN,East New York and New Lots,Spring,4,night,14.021978021978022,8.20024121864449,91
BROOKLYN,East New York and New Lots,Spring,4,overnight,2.9342105263157894,1.968657927393106,76
BROOKLYN,East New York and New Lots,Spring,5,afternoon,9.522222222222222,3.909733683788745,90
BROOKLYN,East New York and New Lots,Spring,5,evening,14.977777777777778,10.62747951533847,90
BROOKLYN,East New York and New Lots,Spring,5,morning,4.488636363636363,2.758453332175283,88
BROOKLYN,East New York and New Lots,Spring,5,night,23.511111111111113,15.273715723751948,90
BROOKLYN,East New York and New Lots,Spring,5,overnight,6.202247191011236,3.9519263866467664,89
BROOKLYN,East New York and New Lots,Spring,6,afternoon,11.967032967032967,7.501778380936008,91
BROOKLYN,East New York and New Lots,Spring,6,evening,17.802197802197803,15.13657805172606,91
BROOKLYN,East New York and New Lots,Spring,6,morning,5.561797752808989,5.512290103568931,89
BROOKLYN,East New York and New Lots,Spring,6,night,24.934065934065934,19.390033062720192,91
BROOKLYN,East New York and New Lots,Spring,6,overnight,9.989010989010989,5.997211399187506,91
BROOKLYN,East New York and New Lots,Summer,0,afternoon,5.089743589743589,3.0288049910252846,78
BROOKLYN,East New York and New Lots,Summer,0,evening,10.886075949367088,7.20752338732058,79
BROOKLYN,East New York and New Lots,Summer,0,morning,3.1549295774647885,1.7455894405529095,71
BROOKLYN,East New York and New Lots,Summer,0,night,23.10126582278481,15.693045116987875,79
BROOKLYN,East New York and New Lots,Summer,0,overnight,6.1558441558441555,6.065573550927302,77
BROOKLYN,East New York and New Lots,Summer,1,afternoon,4.782051282051282,2.9832756158178553,78
BROOKLYN,East New York and New Lots,Summer,1,evening,11.126582278481013,8.048518080841383,79
BROOKLYN,East New York and New Lots,Summer,1,morning,2.6901408450704225,1.5819657689611963,71
BROOKLYN,East New York and New Lots,Summer,1,night,15.367088607594937,10.394990429553534,79
BROOKLYN,East New York and New Lots,Summer,1,overnight,2.9393939393939394,2.1970524861822542,66
BROOKLYN,East New York and New Lots,Summer,2,afternoon,4.705128205128205,2.4394430616192806,78
BROOKLYN,East New York and New Lots,Summer,2,evening,11.556962025316455,5.919864073809938,79
BROOKLYN,East New York and New Lots,Summer,2,morning,2.8450704225352115,1.745589440552909,71
BROOKLYN,East New York and New Lots,Summer,2,night,14.115384615384615,8.22726030874265,78
BROOKLYN,East New York and New Lots,Summer,2,overnight,2.9285714285714284,2.354898862848319,70
BROOKLYN,East New York and New Lots,Summer,3,afternoon,4.935064935064935,3.577479494728326,77
BROOKLYN,East New York and New Lots,Summer,3,evening,12.620253164556962,7.058916524452501,79
BROOKLYN,East New York and New Lots,Summer,3,morning,3.2222222222222223,2.4276704316215656,72
BROOKLYN,East New York and New Lots,Summer,3,night,14.873417721518987,8.21719131097849,79
BROOKLYN,East New York and New Lots,Summer,3,overnight,2.9855072463768115,2.0968656835380894,69
BROOKLYN,East New York and New Lots,Summer,4,afternoon,6.641025641025641,3.720684055854494,78
BROOKLYN,East New York and New Lots,Summer,4,evening,17.294871794871796,6.660815780853489,78
BROOKLYN,East New York and New Lots,Summer,4,morning,3.287671232876712,1.8595059981289728,73
BROOKLYN,East New York and New Lots,Summer,4,night,25.5,10.376985023686705,78
BROOKLYN,East New York and New Lots,Summer,4,overnight,3.4782608695652173,2.435090864666365,69
BROOKLYN,East New York and New Lots,Summer,5,afternoon,10.468354430379748,4.556864202491453,79
BROOKLYN,East New York and New Lots,Summer,5,evening,31.417721518987342,11.801355414263304,79
BROOKLYN,East New York and New Lots,Summer,5,morning,5.0,2.936558636120965,78
BROOKLYN,East New York and New Lots,Summer,5,night,53.063291139240505,15.711617269863211,79
BROOKLYN,East New York and New Lots,Summer,5,overnight,11.443037974683545,7.5561943267538885,79
BROOKLYN,East New York and New Lots,Summer,6,afternoon,12.708860759493671,5.976775347734479,79
BROOKLYN,East New York and New Lots,Summer,6,evening,34.0126582278481,17.283825009117532,79
BROOKLYN,East New York and New Lots,Summer,6,morning,5.025316455696203,2.8463862989191147,79
BROOKLYN,East New York and New Lots,Summer,6,night,60.40506329113924,26.987422990634528,79
BROOKLYN,East New York and New Lots,Summer,6,overnight,21.468354430379748,9.384705838098517,79
BROOKLYN,East New York and New Lots,Winter,0,afternoon,4.7125,3.326889869312125,80
BROOKLYN,East New York and New Lots,Winter,0,evening,5.597560975609756,3.321682438860033,82
BROOKLYN,East New York and New Lots,Winter,0,morning,3.6794871794871793,2.8122809975044123,78
BROOKLYN,East New York and New Lots,Winter,0,night,7.059523809523809,4.953643396838405,84
BROOKLYN,East New York and New Lots,Winter,0,overnight,3.1733333333333333,4.509369624949191,75
BROOKLYN,East New York and New Lots,Winter,1,afternoon,4.51948051948052,2.755904616075272,77
BROOKLYN,East New York and New Lots,Winter,1,evening,5.3125,2.9104514852684393,80
BROOKLYN,East New York and New Lots,Winter,1,morning,3.3157894736842106,2.752988806446741,76
BROOKLYN,East New York and New Lots,Winter,1,night,5.682926829268292,3.993445397489252,82
BROOKLYN,East New York and New Lots,Winter,1,overnight,2.6333333333333333,1.7942154384432274,60
BROOKLYN,East New York and New Lots,Winter,2,afternoon,5.329113924050633,5.741708668643235,79
BROOKLYN,East New York and New Lots,Winter,2,evening,5.475609756097561,4.581836414828592,82
BROOKLYN,East New York and New Lots,Winter,2,morning,3.4390243902439024,2.8201110256386426,82
BROOKLYN,East New York and New Lots,Winter,2,night,5.321428571428571,3.6476125688822565,84
BROOKLYN,East New York and New Lots,Winter,2,overnight,2.75,3.056668176132805,60
BROOKLYN,East New York and New Lots,Winter,3,afternoon,4.3875,2.725843267502249,80
BROOKLYN,East New York and New Lots,Winter,3,evening,5.228915662650603,2.768839244357309,83
BROOKLYN,East New York and New Lots,Winter,3,morning,3.4625,2.0924442130699985,80
BROOKLYN,East New York and New Lots,Winter,3,night,5.712643678160919,3.6660226403372613,87
BROOKLYN,East New York and New Lots,Winter,3,overnight,2.6911764705882355,2.534875268156156,68
BROOKLYN,East New York and New Lots,Winter,4,afternoon,4.309523809523809,2.719745693622934,84
BROOKLYN,East New York and New Lots,Winter,4,evening,5.882352941176471,3.403120992999984,85
BROOKLYN,East New York and New Lots,Winter,4,morning,3.5316455696202533,2.4798440968261404,79
BROOKLYN,East New York and New Lots,Winter,4,night,7.264367816091954,3.568139930105406,87
BROOKLYN,East New York and New Lots,Winter,4,overnight,2.7777777777777777,1.9945151708681392,72
BROOKLYN,East New York and New Lots,Winter,5,afternoon,6.142857142857143,4.203105154906475,84
BROOKLYN,East New York and New Lots,Winter,5,evening,7.6,3.71995903715286,85
BROOKLYN,East New York and New Lots,Winter,5,morning,4.049382716049383,2.8412199605446835,81
BROOKLYN,East New York and New Lots,Winter,5,night,11.505882352941176,4.996721614294347,85
BROOKLYN,East New York and New Lots,Winter,5,overnight,5.048780487804878,3.5656192266895284,82
BROOKLYN,East New York and New Lots,Winter,6,afternoon,6.469879518072289,3.883477663872278,83
BROOKLYN,East New York and New Lots,Winter,6,evening,6.646341463414634,5.804153368615247,82
BROOKLYN,East New York and New Lots,Winter,6,morning,4.6075949367088604,3.039980269499852,79
BROOKLYN,East New York and New Lots,Winter,6,night,12.464285714285714,5.7924887561110525,84
BROOKLYN,East New York and New Lots,Winter,6,overnight,6.7317073170731705,4.592126327702172,82
BROOKLYN,Flatbush,Fall,0,afternoon,11.576923076923077,6.779493967955016,78
BROOKLYN,Flatbush,Fall,0,evening,18.756410256410255,14.891107690332783,78
BROOKLYN,Flatbush,Fall,0,morning,8.03896103896104,4.7888070112051215,77
BROOKLYN,Flatbush,Fall,0,night,29.102564102564102,32.77019145329255,78
BROOKLYN,Flatbush,Fall,0,overnight,10.93421052631579,24.51412410635458,76
BROOKLYN,Flatbush,Fall,1,afternoon,10.0,3.7347090847952207,78
BROOKLYN,Flatbush,Fall,1,evening,15.779220779220779,7.578750377177133,77
BROOKLYN,Flatbush,Fall,1,morning,6.435897435897436,3.119231272221367,78
BROOKLYN,Flatbush,Fall,1,night,19.41025641025641,8.284606124294541,78
BROOKLYN,Flatbush,Fall,1,overnight,4.717948717948718,3.837265787590003,78
BROOKLYN,Flatbush,Fall,2,afternoon,9.922077922077921,3.8925239875751907,77
BROOKLYN,Flatbush,Fall,2,evening,16.423076923076923,7.494620115077926,78
BROOKLYN,Flatbush,Fall,2,morning,7.384615384615385,3.564728980903417,78
BROOKLYN,Flatbush,Fall,2,night,20.435897435897434,8.655888684843918,78
BROOKLYN,Flatbush,Fall,2,overnight,3.933333333333333,2.3268894289188764,75
BROOKLYN,Flatbush,Fall,3,afternoon,11.076923076923077,3.674302586954359,78
BROOKLYN,Flatbush,Fall,3,evening,17.025641025641026,8.459182913129116,78
BROOKLYN,Flatbush,Fall,3,morning,7.428571428571429,3.408304762397791,77
BROOKLYN,Flatbush,Fall,3,night,22.692307692307693,9.55137535796658,78
BROOKLYN,Flatbush,Fall,3,overnight,3.9220779220779223,2.355096566163162,77
BROOKLYN,Flatbush,Fall,4,afternoon,12.73076923076923,4.9978516863269835,78
BROOKLYN,Flatbush,Fall,4,evening,20.192307692307693,9.511520959816625,78
BROOKLYN,Flatbush,Fall,4,morning,7.545454545454546,3.230388010528239,77
BROOKLYN,Flatbush,Fall,4,night,28.397435897435898,13.328360294694473,78
BROOKLYN,Flatbush,Fall,4,overnight,5.064935064935065,3.0836481399457885,77
BROOKLYN,Flatbush,Fall,5,afternoon,18.166666666666668,7.994180783978208,78
BROOKLYN,Flatbush,Fall,5,evening,27.987179487179485,13.793932027256073,78
BROOKLYN,Flatbush,Fall,5,morning,9.897435897435898,4.542983011050628,78
BROOKLYN,Flatbush,Fall,5,night,46.243589743589745,19.949407371620204,78
BROOKLYN,Flatbush,Fall,5,overnight,11.090909090909092,7.703693267008568,77
BROOKLYN,Flatbush,Fall,6,afternoon,17.346153846153847,8.014316610246363,78
BROOKLYN,Flatbush,Fall,6,evening,23.192307692307693,13.380600118845923,78
BROOKLYN,Flatbush,Fall,6,morning,9.679487179487179,3.909673616243149,78
BROOKLYN,Flatbush,Fall,6,night,44.782051282051285,27.09274472099157,78
BROOKLYN,Flatbush,Fall,6,overnight,17.294871794871796,10.570860430593633,78
BROOKLYN,Flatbush,Spring,0,afternoon,12.285714285714286,6.505187185428281,91
BROOKLYN,Flatbush,Spring,0,evening,17.53846153846154,10.852862082631262,91
BROOKLYN,Flatbush,Spring,0,morning,7.450549450549451,3.477750665983647,91
BROOKLYN,Flatbush,Spring,0,night,24.142857142857142,16.18680630676411,91
BROOKLYN,Flatbush,Spring,0,overnight,4.896551724137931,3.1439661026880743,87
BROOKLYN,Flatbush,Spring,1,afternoon,12.505494505494505,7.543022716205465,91
BROOKLYN,Flatbush,Spring,1,evening,18.516483516483518,9.10599636059502,91
BROOKLYN,Flatbush,Spring,1,morning,7.681318681318682,3.5398654113747225,91
BROOKLYN,Flatbush,Spring,1,night,20.439560439560438,10.787038303454537,91
BROOKLYN,Flatbush,Spring,1,overnight,4.875,3.165229558960857,88
BROOKLYN,Flatbush,Spring,2,afternoon,10.68131868131868,5.198031937140828,91
BROOKLYN,Flatbush,Spring,2,evening,15.395604395604396,7.894976069035749,91
BROOKLYN,Flatbush,Spring,2,morning,7.252747252747253,3.6593666926074224,91
BROOKLYN,Flatbush,Spring,2,night,19.087912087912088,7.811171987250555,91
BROOKLYN,Flatbush,Spring,2,overnight,4.359550561797753,2.4459948292669833,89
BROOKLYN,Flatbush,Spring,3,afternoon,11.733333333333333,5.586500583016611,90
BROOKLYN,Flatbush,Spring,3,evening,16.866666666666667,7.500112358708931,90
BROOKLYN,Flatbush,Spring,3,morning,7.977777777777778,3.162198700938909,90
BROOKLYN,Flatbush,Spring,3,night,20.255555555555556,8.902166269770056,90
BROOKLYN,Flatbush,Spring,3,overnight,4.593023255813954,2.762683720701535,86
BROOKLYN,Flatbush,Spring,4,afternoon,12.71111111111111,6.133797409572058,90
BROOKLYN,Flatbush,Spring,4,evening,17.866666666666667,10.612902895304776,90
BROOKLYN,Flatbush,Spring,4,morning,8.255555555555556,3.9364648234002626,90
BROOKLYN,Flatbush,Spring,4,night,23.978021978021978,9.498512189902891,91
BROOKLYN,Flatbush,Spring,4,overnight,4.954022988505747,3.072413058080795,87
BROOKLYN,Flatbush,Spring,5,afternoon,15.9,5.501889358834284,90
BROOKLYN,Flatbush,Spring,5,evening,20.233333333333334,9.589378487434985,90
BROOKLYN,Flatbush,Spring,5,morning,9.2,4.146746389397056,90
BROOKLYN,Flatbush,Spring,5,night,33.12222222222222,15.448230165004707,90
BROOKLYN,Flatbush,Spring,5,overnight,8.359550561797754,3.52022465389522,89
BROOKLYN,Flatbush,Spring,6,afternoon,17.208791208791208,6.0360334354358605,91
BROOKLYN,Flatbush,Spring,6,evening,20.86813186813187,9.882879462550703,91
BROOKLYN,Flatbush,Spring,6,morning,9.791208791208792,4.040122340052157,91
BROOKLYN,Flatbush,Spring,6,night,34.34065934065934,17.049744071210363,91
BROOKLYN,Flatbush,Spring,6,overnight,11.923076923076923,5.981881475163645,91
BROOKLYN,Flatbush,Summer,0,afternoon,9.291139240506329,4.082959895223629,79
BROOKLYN,Flatbush,Summer,0,evening,17.088607594936708,8.124338037598653,79
BROOKLYN,Flatbush,Summer,0,morning,5.379746835443038,2.2831815266868203,79
BROOKLYN,Flatbush,Summer,0,night,32.35443037974684,17.782905919466696,79
BROOKLYN,Flatbush,Summer,0,overnight,5.987341772151899,4.689031584688578,79
BROOKLYN,Flatbush,Summer,1,afternoon,9.435897435897436,4.508548139590652,78
BROOKLYN,Flatbush,Summer,1,evening,19.265822784810126,10.471828949994158,79
BROOKLYN,Flatbush,Summer,1,morning,5.871794871794871,2.929292163774823,78
BROOKLYN,Flatbush,Summer,1,night,27.974683544303797,17.4230724450142,79
BROOKLYN,Flatbush,Summer,1,overnight,4.910256410256411,4.178441570654537,78
BROOKLYN,Flatbush,Summer,2,afternoon,9.49367088607595,4.110254274128021,79
BROOKLYN,Flatbush,Summer,2,evening,17.20253164556962,8.549073644276774,79
BROOKLYN,Flatbush,Summer,2,morning,5.050632911392405,2.189126591888466,79
BROOKLYN,Flatbush,Summer,2,night,27.974683544303797,16.323629783894535,79
BROOKLYN,Flatbush,Summer,2,overnight,4.077922077922078,2.9279336784543477,77
BROOKLYN,Flatbush,Summer,3,afternoon,9.645569620253164,5.005222848297219,79
BROOKLYN,Flatbush,Summer,3,evening,17.924050632911392,8.082542364524082,79
BROOKLYN,Flatbush,Summer,3,morning,6.230769230769231,3.2350478304863537,78
BROOKLYN,Flatbush,Summer,3,night,30.164556962025316,18.195822555054967,79
BROOKLYN,Flatbush,Summer,3,overnight,4.916666666666667,4.120542833103015,72
BROOKLYN,Flatbush,Summer,4,afternoon,10.333333333333334,4.658929888464486,78
BROOKLYN,Flatbush,Summer,4,evening,20.897435897435898,9.247800361264918,78
BROOKLYN,Flatbush,Summer,4,morning,6.131578947368421,4.22166509097428,76
BROOKLYN,Flatbush,Summer,4,night,37.57692307692308,21.638421354647814,78
BROOKLYN,Flatbush,Summer,4,overnight,5.175675675675675,3.6913750198548563,74
BROOKLYN,Flatbush,Summer,5,afternoon,17.189873417721518,7.662890847298927,79
BROOKLYN,Flatbush,Summer,5,evening,30.645569620253166,10.662705163425567,79
BROOKLYN,Flatbush,Summer,5,morning,7.443037974683544,3.5182558158438293,79
BROOKLYN,Flatbush,Summer,5,night,60.0126582278481,23.30923316060699,79
BROOKLYN,Flatbush,Summer,5,overnight,11.240506329113924,7.731413095824899,79
BROOKLYN,Flatbush,Summer,6,afternoon,15.341772151898734,6.621422257842378,79
BROOKLYN,Flatbush,Summer,6,evening,27.265822784810126,13.855211794325921,79
BROOKLYN,Flatbush,Summer,6,morning,7.7594936708860756,3.5777631956201055,79
BROOKLYN,Flatbush,Summer,6,night,61.607594936708864,33.43129875504696,79
BROOKLYN,Flatbush,Summer,6,overnight,19.037974683544302,10.083552281549169,79
BROOKLYN,Flatbush,Winter,0,afternoon,9.071428571428571,4.43910800300087,84
BROOKLYN,Flatbush,Winter,0,evening,11.464285714285714,5.230693539611705,84
BROOKLYN,Flatbush,Winter,0,morning,6.867469879518072,2.8871924261796296,83
BROOKLYN,Flatbush,Winter,0,night,14.928571428571429,5.675535565802748,84
BROOKLYN,Flatbush,Winter,0,overnight,4.575,3.4778685455682714,80
BROOKLYN,Flatbush,Winter,1,afternoon,7.785714285714286,4.116002940540794,84
BROOKLYN,Flatbush,Winter,1,evening,9.821428571428571,3.667377232562915,84
BROOKLYN,Flatbush,Winter,1,morning,6.156626506024097,2.9486744757058387,83
BROOKLYN,Flatbush,Winter,1,night,13.69047619047619,5.570957804080728,84
BROOKLYN,Flatbush,Winter,1,overnight,4.2073170731707314,2.8620022555143287,82
BROOKLYN,Flatbush,Winter,2,afternoon,8.529411764705882,3.620668957178906,85
BROOKLYN,Flatbush,Winter,2,evening,10.705882352941176,4.4207937485192375,85
BROOKLYN,Flatbush,Winter,2,morning,6.535714285714286,2.8683836537070317,84
BROOKLYN,Flatbush,Winter,2,night,13.423529411764706,5.501896795409647,85
BROOKLYN,Flatbush,Winter,2,overnight,4.55,3.638402765437645,80
BROOKLYN,Flatbush,Winter,3,afternoon,8.298850574712644,4.131880991016572,87
BROOKLYN,Flatbush,Winter,3,evening,11.149425287356323,5.201808128468373,87
BROOKLYN,Flatbush,Winter,3,morning,6.744186046511628,3.1255533025901867,86
BROOKLYN,Flatbush,Winter,3,night,13.60919540229885,4.550380310809402,87
BROOKLYN,Flatbush,Winter,3,overnight,4.535714285714286,3.1753813112129836,84
BROOKLYN,Flatbush,Winter,4,afternoon,9.436781609195402,4.01364286607591,87
BROOKLYN,Flatbush,Winter,4,evening,11.206896551724139,4.493245398384585,87
BROOKLYN,Flatbush,Winter,4,morning,6.576470588235294,3.2417531654082135,85
BROOKLYN,Flatbush,Winter,4,night,17.666666666666668,6.8618708322023565,87
BROOKLYN,Flatbush,Winter,4,overnight,4.839080459770115,3.0494893328433483,87
BROOKLYN,Flatbush,Winter,5,afternoon,11.670588235294117,4.828950973762604,85
BROOKLYN,Flatbush,Winter,5,evening,12.094117647058823,4.216248415390169,85
BROOKLYN,Flatbush,Winter,5,morning,8.16470588235294,3.9183544250820685,85
BROOKLYN,Flatbush,Winter,5,night,22.68235294117647,7.545436597399658,85
BROOKLYN,Flatbush,Winter,5,overnight,8.741176470588234,7.712316897844195,85
BROOKLYN,Flatbush,Winter,6,afternoon,12.976190476190476,4.1127957555824635,84
BROOKLYN,Flatbush,Winter,6,evening,12.071428571428571,4.705253957233913,84
BROOKLYN,Flatbush,Winter,6,morning,8.738095238095237,4.0838177496684605,84
BROOKLYN,Flatbush,Winter,6,night,21.833333333333332,6.689018753714943,84
BROOKLYN,Flatbush,Winter,6,overnight,9.5,4.949138905265689,84
BROOKLYN,Greenpoint,Fall,0,afternoon,4.027027027027027,2.7546870293005186,74
BROOKLYN,Greenpoint,Fall,0,evening,5.972972972972973,4.261882576415022,74
BROOKLYN,Greenpoint,Fall,0,morning,3.464788732394366,2.1369603640651627,71
BROOKLYN,Greenpoint,Fall,0,night,8.794871794871796,7.592475725722647,78
BROOKLYN,Greenpoint,Fall,0,overnight,2.192982456140351,1.3943584865350918,57
BROOKLYN,Greenpoint,Fall,1,afternoon,3.7534246575342465,2.13944970804935,73
BROOKLYN,Greenpoint,Fall,1,evening,5.078947368421052,3.3297173369311177,76
BROOKLYN,Greenpoint,Fall,1,morning,3.6619718309859155,3.3972411578970165,71
BROOKLYN,Greenpoint,Fall,1,night,7.2894736842105265,3.9591776569507773,76
BROOKLYN,Greenpoint,Fall,1,overnight,2.13953488372093,1.871864303039151,43
BROOKLYN,Greenpoint,Fall,2,afternoon,3.7714285714285714,2.2978971393297742,70
BROOKLYN,Greenpoint,Fall,2,evening,6.54054054054054,3.875420221807465,74
BROOKLYN,Greenpoint,Fall,2,morning,4.415584415584416,2.8439716916509252,77
BROOKLYN,Greenpoint,Fall,2,night,8.461538461538462,4.560395026442643,78
BROOKLYN,Greenpoint,Fall,2,overnight,2.1551724137931036,2.3078943402030863,58
BROOKLYN,Greenpoint,Fall,3,afternoon,3.887323943661972,2.4468597704851236,71
BROOKLYN,Greenpoint,Fall,3,evening,6.0519480519480515,3.619741572253117,77
BROOKLYN,Greenpoint,Fall,3,morning,3.642857142857143,2.490769709831082,70
BROOKLYN,Greenpoint,Fall,3,night,10.692307692307692,6.4189405046936825,78
BROOKLYN,Greenpoint,Fall,3,overnight,2.3333333333333335,2.5166114784235827,57
BROOKLYN,Greenpoint,Fall,4,afternoon,5.0394736842105265,3.481152259329026,76
BROOKLYN,Greenpoint,Fall,4,evening,9.602564102564102,5.737413652327625,78
BROOKLYN,Greenpoint,Fall,4,morning,4.069444444444445,3.0411561408330297,72
BROOKLYN,Greenpoint,Fall,4,night,21.628205128205128,11.810306938574879,78
BROOKLYN,Greenpoint,Fall,4,overnight,2.896551724137931,2.344756413282317,58
BROOKLYN,Greenpoint,Fall,5,afternoon,8.512820512820513,5.283504321510289,78
BROOKLYN,Greenpoint,Fall,5,evening,14.935897435897436,8.24359608768385,78
BROOKLYN,Greenpoint,Fall,5,morning,5.986666666666666,3.8886297639967524,75
BROOKLYN,Greenpoint,Fall,5,night,38.1025641025641,16.565172151382203,78
BROOKLYN,Greenpoint,Fall,5,overnight,7.2727272727272725,5.8052525300626705,77
BROOKLYN,Greenpoint,Fall,6,afternoon,7.545454545454546,4.70314971321139,77
BROOKLYN,Greenpoint,Fall,6,evening,10.909090909090908,8.047853290395649,77
BROOKLYN,Greenpoint,Fall,6,morning,4.069444444444445,2.6660430608870356,72
BROOKLYN,Greenpoint,Fall,6,night,26.55128205128205,12.91093107378942,78
BROOKLYN,Greenpoint,Fall,6,overnight,10.115384615384615,6.363411584441712,78
BROOKLYN,Greenpoint,Spring,0,afternoon,5.162790697674419,3.937334019258026,86
BROOKLYN,Greenpoint,Spring,0,evening,6.202247191011236,4.555665242512735,89
BROOKLYN,Greenpoint,Spring,0,morning,4.0,2.547228315841212,87
BROOKLYN,Greenpoint,Spring,0,night,8.747252747252746,6.017739344071562,91
BROOKLYN,Greenpoint,Spring,0,overnight,2.3684210526315788,1.7385500829649523,57
BROOKLYN,Greenpoint,Spring,1,afternoon,4.116279069767442,2.489595311555972,86
BROOKLYN,Greenpoint,Spring,1,evening,6.788888888888889,5.0291162233056035,90
BROOKLYN,Greenpoint,Spring,1,morning,3.5,1.8754309849499518,88
BROOKLYN,Greenpoint,Spring,1,night,7.791208791208791,6.334239379956249,91
BROOKLYN,Greenpoint,Spring,1,overnight,2.305084745762712,1.6108922060742867,59
BROOKLYN,Greenpoint,Spring,2,afternoon,3.8255813953488373,3.0724271320134102,86
BROOKLYN,Greenpoint,Spring,2,evening,5.868131868131868,3.9950213216196184,91
BROOKLYN,Greenpoint,Spring,2,morning,3.471264367816092,2.078903336006696,87
BROOKLYN,Greenpoint,Spring,2,night,8.164835164835164,7.1371698970386115,91
BROOKLYN,Greenpoint,Spring,2,overnight,1.7272727272727273,0.9037605970516844,66
BROOKLYN,Greenpoint,Spring,3,afternoon,4.741176470588235,3.4646271742544865,85
BROOKLYN,Greenpoint,Spring,3,evening,6.325581395348837,3.9806646222048556,86
BROOKLYN,Greenpoint,Spring,3,morning,3.5121951219512195,1.6941723092145156,82
BROOKLYN,Greenpoint,Spring,3,night,8.455555555555556,5.274831295265102,90
BROOKLYN,Greenpoint,Spring,3,overnight,2.0384615384615383,1.4546954193911477,52
BROOKLYN,Greenpoint,Spring,4,afternoon,5.024096385542169,2.946580919056484,83
BROOKLYN,Greenpoint,Spring,4,evening,8.033333333333333,6.328906396825228,90
BROOKLYN,Greenpoint,Spring,4,morning,3.897727272727273,2.3637092063367717,88
BROOKLYN,Greenpoint,Spring,4,night,16.802197802197803,9.023696926820303,91
BROOKLYN,Greenpoint,Spring,4,overnight,2.4305555555555554,1.208262503994993,72
BROOKLYN,Greenpoint,Spring,5,afternoon,8.561797752808989,5.427110096919519,89
BROOKLYN,Greenpoint,Spring,5,evening,12.744444444444444,9.442387232802002,90
BROOKLYN,Greenpoint,Spring,5,morning,5.022471910112359,3.0599224889540153,89
BROOKLYN,Greenpoint,Spring,5,night,27.511111111111113,15.842089043696685,90
BROOKLYN,Greenpoint,Spring,5,overnight,4.858823529411764,3.2955704079454127,85
BROOKLYN,Greenpoint,Spring,6,afternoon,6.4222222222222225,4.4519350111295255,90
BROOKLYN,Greenpoint,Spring,6,evening,10.247191011235955,7.654886880697972,89
BROOKLYN,Greenpoint,Spring,6,morning,4.294117647058823,3.466930608353339,85
BROOKLYN,Greenpoint,Spring,6,night,20.78021978021978,12.328649739351196,91
BROOKLYN,Greenpoint,Spring,6,overnight,5.636363636363637,4.457157019203486,88
BROOKLYN,Greenpoint,Summer,0,afternoon,3.5753424657534247,2.3447210697601473,73
BROOKLYN,Greenpoint,Summer,0,evening,5.623376623376624,4.430869467482359,77
BROOKLYN,Greenpoint,Summer,0,morning,2.861111111111111,1.7944009597583943,72
BROOKLYN,Greenpoint,Summer,0,night,9.886075949367088,7.967863886716108,79
BROOKLYN,Greenpoint,Summer,0,overnight,2.4150943396226414,2.125250774923632,53
BROOKLYN,Greenpoint,Summer,1,afternoon,3.684931506849315,2.471373394203487,73
BROOKLYN,Greenpoint,Summer,1,evening,6.644736842105263,4.139899990316741,76
BROOKLYN,Greenpoint,Summer,1,morning,3.246376811594203,1.8582550092639039,69
BROOKLYN,Greenpoint,Summer,1,night,9.012820512820513,7.012963117089072,78
BROOKLYN,Greenpoint,Summer,1,overnight,1.9166666666666667,1.723841989764073,48
BROOKLYN,Greenpoint,Summer,2,afternoon,3.6142857142857143,2.538359947196633,70
BROOKLYN,Greenpoint,Summer,2,evening,6.578947368421052,5.455915829983051,76
BROOKLYN,Greenpoint,Summer,2,morning,3.292307692307692,1.885164755093346,65
BROOKLYN,Greenpoint,Summer,2,night,9.253164556962025,5.669234006121424,79
BROOKLYN,Greenpoint,Summer,2,overnight,2.1538461538461537,1.258455564269084,52
BROOKLYN,Greenpoint,Summer,3,afternoon,4.414285714285715,3.4283255605423943,70
BROOKLYN,Greenpoint,Summer,3,evening,8.435897435897436,5.841165476102703,78
BROOKLYN,Greenpoint,Summer,3,morning,2.824324324324324,1.682774194377616,74
BROOKLYN,Greenpoint,Summer,3,night,10.556962025316455,6.986703186884095,79
BROOKLYN,Greenpoint,Summer,3,overnight,2.625,2.6764643727241237,40
BROOKLYN,Greenpoint,Summer,4,afternoon,4.333333333333333,2.8482759796652477,72
BROOKLYN,Greenpoint,Summer,4,evening,9.831168831168831,5.699498125187491,77
BROOKLYN,Greenpoint,Summer,4,morning,2.9420289855072466,1.643919795265308,69
BROOKLYN,Greenpoint,Summer,4,night,19.576923076923077,10.268498329456841,78
BROOKLYN,Greenpoint,Summer,4,overnight,2.272727272727273,1.6494055658141573,55
BROOKLYN,Greenpoint,Summer,5,afternoon,8.316455696202532,4.589688285592983,79
BROOKLYN,Greenpoint,Summer,5,evening,19.430379746835442,9.246875486573824,79
BROOKLYN,Greenpoint,Summer,5,morning,4.54054054054054,2.6852677180333493,74
BROOKLYN,Greenpoint,Summer,5,night,36.0253164556962,16.774503457471575,79
BROOKLYN,Greenpoint,Summer,5,overnight,5.871794871794871,5.321748990793563,78
BROOKLYN,Greenpoint,Summer,6,afternoon,9.243589743589743,6.047830774439466,78
BROOKLYN,Greenpoint,Summer,6,evening,18.012820512820515,11.706911700007886,78
BROOKLYN,Greenpoint,Summer,6,morning,3.161764705882353,1.9209007069340966,68
BROOKLYN,Greenpoint,Summer,6,night,29.873417721518987,17.501917176015084,79
BROOKLYN,Greenpoint,Summer,6,overnight,8.23076923076923,6.3530810133067215,78
BROOKLYN,Greenpoint,Winter,0,afternoon,2.859154929577465,1.7427054061994476,71
BROOKLYN,Greenpoint,Winter,0,evening,3.7260273972602738,2.5400146214179053,73
BROOKLYN,Greenpoint,Winter,0,morning,3.076923076923077,2.130600980817511,78
BROOKLYN,Greenpoint,Winter,0,night,5.679012345679013,3.8949555854137388,81
BROOKLYN,Greenpoint,Winter,0,overnight,2.2037037037037037,2.8574934895162114,54
BROOKLYN,Greenpoint,Winter,1,afternoon,2.585714285714286,1.996321669230522,70
BROOKLYN,Greenpoint,Winter,1,evening,4.296296296296297,3.2497863177616946,81
BROOKLYN,Greenpoint,Winter,1,morning,3.425,1.9537370876335785,80
BROOKLYN,Greenpoint,Winter,1,night,5.333333333333333,3.4268019912959953,84
BROOKLYN,Greenpoint,Winter,1,overnight,1.8888888888888888,1.4494861506789576,45
BROOKLYN,Greenpoint,Winter,2,afternoon,3.0422535211267605,1.9888016472116339,71
BROOKLYN,Greenpoint,Winter,2,evening,3.7662337662337664,2.157582125631569,77
BROOKLYN,Greenpoint,Winter,2,morning,3.026666666666667,1.9998198117028643,75
BROOKLYN,Greenpoint,Winter,2,night,4.493827160493828,2.308264807112279,81
BROOKLYN,Greenpoint,Winter,2,overnight,2.1,1.48804761828569,50
BROOKLYN,Greenpoint,Winter,3,afternoon,3.0259740259740258,1.6934395547619234,77
BROOKLYN,Greenpoint,Winter,3,evening,4.716049382716049,3.6167477376132924,81
BROOKLYN,Greenpoint,Winter,3,morning,3.0256410256410255,1.7799340347791457,78
BROOKLYN,Greenpoint,Winter,3,night,6.241379310344827,3.9324692439294022,87
BROOKLYN,Greenpoint,Winter,3,overnight,2.245614035087719,2.308994074068882,57
BROOKLYN,Greenpoint,Winter,4,afternoon,3.1566265060240966,2.339907897451768,83
BROOKLYN,Greenpoint,Winter,4,evening,4.3580246913580245,2.7125110229052924,81
BROOKLYN,Greenpoint,Winter,4,morning,3.5,2.1287662083047665,80
BROOKLYN,Greenpoint,Winter,4,night,8.96551724137931,4.428891078231526,87
BROOKLYN,Greenpoint,Winter,4,overnight,2.1403508771929824,1.826771121905964,57
BROOKLYN,Greenpoint,Winter,5,afternoon,4.0875,2.4710667506313846,80
BROOKLYN,Greenpoint,Winter,5,evening,4.771084337349397,2.9931845395702594,83
BROOKLYN,Greenpoint,Winter,5,morning,4.2,3.380510035670035,80
BROOKLYN,Greenpoint,Winter,5,night,16.129411764705882,9.229595558510105,85
BROOKLYN,Greenpoint,Winter,5,overnight,4.2405063291139244,3.588497256632206,79
BROOKLYN,Greenpoint,Winter,6,afternoon,3.9753086419753085,3.3278195137431035,81
BROOKLYN,Greenpoint,Winter,6,evening,4.544303797468355,3.033139476847552,79
BROOKLYN,Greenpoint,Winter,6,morning,3.2027027027027026,1.9230379057927804,74
BROOKLYN,Greenpoint,Winter,6,night,13.226190476190476,7.568723198456128,84
BROOKLYN,Greenpoint,Winter,6,overnight,4.714285714285714,2.9817742107022496,77
BROOKLYN,Northwest Brooklyn,Fall,0,afternoon,10.76923076923077,5.533658701201098,78
BROOKLYN,Northwest Brooklyn,Fall,0,evening,10.435897435897436,6.573440743638237,78
BROOKLYN,Northwest Brooklyn,Fall,0,morning,11.935897435897436,6.28405474111612,78
BROOKLYN,Northwest Brooklyn,Fall,0,night,16.78205128205128,8.825358144967625,78
BROOKLYN,Northwest Brooklyn,Fall,0,overnight,4.985915492957746,3.6351182246307006,71
BROOKLYN,Northwest Brooklyn,Fall,1,afternoon,10.038461538461538,4.084949594158194,78
BROOKLYN,Northwest Brooklyn,Fall,1,evening,11.897435897435898,5.511710658130958,78
BROOKLYN,Northwest Brooklyn,Fall,1,morning,11.243589743589743,5.006971496799594,78
BROOKLYN,Northwest Brooklyn,Fall,1,night,16.256410256410255,7.675963321981996,78
BROOKLYN,Northwest Brooklyn,Fall,1,overnight,4.298507462686567,3.5076320484145254,67
BROOKLYN,Northwest Brooklyn,Fall,2,afternoon,9.653846153846153,5.0164066486216665,78
BROOKLYN,Northwest Brooklyn,Fall,2,evening,12.487179487179487,5.912222843768573,78
BROOKLYN,Northwest Brooklyn,Fall,2,morning,11.205128205128204,5.8161418335100645,78
BROOKLYN,Northwest Brooklyn,Fall,2,night,16.564102564102566,6.3010816296592855,78
BROOKLYN,Northwest Brooklyn,Fall,2,overnight,3.6301369863013697,3.293541024638091,73
BROOKLYN,Northwest Brooklyn,Fall,3,afternoon,10.717948717948717,5.070662847362434,78
BROOKLYN,Northwest Brooklyn,Fall,3,evening,13.987179487179487,8.284696562711101,78
BROOKLYN,Northwest Brooklyn,Fall,3,morning,11.08974358974359,5.091847054547733,78
BROOKLYN,Northwest Brooklyn,Fall,3,night,19.141025641025642,8.270938574818757,78
BROOKLYN,Northwest Brooklyn,Fall,3,overnight,3.7142857142857144,2.316562027516033,70
BROOKLYN,Northwest Brooklyn,Fall,4,afternoon,10.794871794871796,4.784604570122895,78
BROOKLYN,Northwest Brooklyn,Fall,4,evening,13.653846153846153,6.104771229803109,78
BROOKLYN,Northwest Brooklyn,Fall,4,morning,10.41025641025641,4.435499935030962,78
BROOKLYN,Northwest Brooklyn,Fall,4,night,23.512820512820515,9.813512536550219,78
BROOKLYN,Northwest Brooklyn,Fall,4,overnight,3.4571428571428573,2.6522383999219796,70
BROOKLYN,Northwest Brooklyn,Fall,5,afternoon,16.102564102564102,8.76917526899964,78
BROOKLYN,Northwest Brooklyn,Fall,5,evening,17.628205128205128,8.496154935301535,78
BROOKLYN,Northwest Brooklyn,Fall,5,morning,13.115384615384615,5.536140456026305,78
BROOKLYN,Northwest Brooklyn,Fall,5,night,36.03846153846154,15.05094578526443,78
BROOKLYN,Northwest Brooklyn,Fall,5,overnight,6.782051282051282,4.661663032770841,78
BROOKLYN,Northwest Brooklyn,Fall,6,afternoon,15.26923076923077,8.212554654067999,78
BROOKLYN,Northwest Brooklyn,Fall,6,evening,13.423076923076923,8.351870823578764,78
BROOKLYN,Northwest Brooklyn,Fall,6,morning,10.923076923076923,10.441885224085114,78
BROOKLYN,Northwest Brooklyn,Fall,6,night,28.153846153846153,9.776830446847974,78
BROOKLYN,Northwest Brooklyn,Fall,6,overnight,8.64102564102564,4.43121852718839,78
BROOKLYN,Northwest Brooklyn,Spring,0,afternoon,12.241758241758241,6.946367011036389,91
BROOKLYN,Northwest Brooklyn,Spring,0,evening,13.626373626373626,7.938161488304949,91
BROOKLYN,Northwest Brooklyn,Spring,0,morning,12.527472527472527,6.360189828300302,91
BROOKLYN,Northwest Brooklyn,Spring,0,night,17.75824175824176,9.516466033309095,91
BROOKLYN,Northwest Brooklyn,Spring,0,overnight,3.865168539325843,2.4826260438383447,89
BROOKLYN,Northwest Brooklyn,Spring,1,afternoon,12.098901098901099,5.923690563332109,91
BROOKLYN,Northwest Brooklyn,Spring,1,evening,14.054945054945055,7.6060832925036435,91
BROOKLYN,Northwest Brooklyn,Spring,1,morning,13.131868131868131,9.322861734239702,91
BROOKLYN,Northwest Brooklyn,Spring,1,night,16.945054945054945,9.532823573040954,91
BROOKLYN,Northwest Brooklyn,Spring,1,overnight,5.219512195121951,6.026739573149439,82
BROOKLYN,Northwest Brooklyn,Spring,2,afternoon,11.857142857142858,7.225835481983962,91
BROOKLYN,Northwest Brooklyn,Spring,2,evening,12.744444444444444,7.208860202433338,90
BROOKLYN,Northwest Brooklyn,Spring,2,morning,12.945054945054945,7.902689608766313,91
BROOKLYN,Northwest Brooklyn,Spring,2,night,17.956043956043956,9.571847711924203,91
BROOKLYN,Northwest Brooklyn,Spring,2,overnight,4.682352941176471,4.356745630972412,85
BROOKLYN,Northwest Brooklyn,Spring,3,afternoon,12.044444444444444,7.0310884466112284,90
BROOKLYN,Northwest Brooklyn,Spring,3,evening,12.898876404494382,8.015673487016524,89
BROOKLYN,Northwest Brooklyn,Spring,3,morning,11.966666666666667,6.088209271602895,90
BROOKLYN,Northwest Brooklyn,Spring,3,night,18.7,8.684805276840075,90
BROOKLYN,Northwest Brooklyn,Spring,3,overnight,3.6,3.3388050328851255,85
BROOKLYN,Northwest Brooklyn,Spring,4,afternoon,13.2,6.591107390204887,90
BROOKLYN,Northwest Brooklyn,Spring,4,evening,13.322222222222223,7.178037317076536,90
BROOKLYN,Northwest Brooklyn,Spring,4,morning,12.155555555555555,7.329961771764609,90
BROOKLYN,Northwest Brooklyn,Spring,4,night,21.978021978021978,10.193656003153272,91
BROOKLYN,Northwest Brooklyn,Spring,4,overnight,4.069767441860465,2.8770519947638333,86
BROOKLYN,Northwest Brooklyn,Spring,5,afternoon,15.877777777777778,8.210472591439636,90
BROOKLYN,Northwest Brooklyn,Spring,5,evening,15.922222222222222,8.895432204641086,90
BROOKLYN,Northwest Brooklyn,Spring,5,morning,13.311111111111112,7.185573006080855,90
BROOKLYN,Northwest Brooklyn,Spring,5,night,31.266666666666666,12.92745532282342,90
BROOKLYN,Northwest Brooklyn,Spring,5,overnight,6.764044943820225,5.460649461686005,89
BROOKLYN,Northwest Brooklyn,Spring,6,afternoon,16.065934065934066,8.73664339028083,91
BROOKLYN,Northwest Brooklyn,Spring,6,evening,14.571428571428571,9.438859226202258,91
BROOKLYN,Northwest Brooklyn,Spring,6,morning,10.527472527472527,5.216087634191952,91
BROOKLYN,Northwest Brooklyn,Spring,6,night,24.47252747252747,11.486553161889056,91
BROOKLYN,Northwest Brooklyn,Spring,6,overnight,7.53932584269663,6.897061593987427,89
BROOKLYN,Northwest Brooklyn,Summer,0,afternoon,10.49367088607595,7.549619480513686,79
BROOKLYN,Northwest Brooklyn,Summer,0,evening,11.272727272727273,7.4244198136539925,77
BROOKLYN,Northwest Brooklyn,Summer,0,morning,8.962025316455696,5.988114377182741,79
BROOKLYN,Northwest Brooklyn,Summer,0,night,18.0126582278481,12.324141069447517,79
BROOKLYN,Northwest Brooklyn,Summer,0,overnight,4.1558441558441555,4.094492241076437,77
BROOKLYN,Northwest Brooklyn,Summer,1,afternoon,9.784810126582279,7.504991306774974,79
BROOKLYN,Northwest Brooklyn,Summer,1,evening,10.987341772151899,5.904135167321455,79
BROOKLYN,Northwest Brooklyn,Summer,1,morning,9.265822784810126,5.9736791497013595,79
BROOKLYN,Northwest Brooklyn,Summer,1,night,17.050632911392405,7.228679941514334,79
BROOKLYN,Northwest Brooklyn,Summer,1,overnight,4.136986301369863,3.4371947076275844,73
BROOKLYN,Northwest Brooklyn,Summer,2,afternoon,8.772151898734178,4.927550405858066,79
BROOKLYN,Northwest Brooklyn,Summer,2,evening,11.177215189873417,5.273930791313172,79
BROOKLYN,Northwest Brooklyn,Summer,2,morning,9.658227848101266,6.434853166992468,79
BROOKLYN,Northwest Brooklyn,Summer,2,night,17.189873417721518,7.84640363375295,79
BROOKLYN,Northwest Brooklyn,Summer,2,overnight,3.4864864864864864,3.311429949135881,74
BROOKLYN,Northwest Brooklyn,Summer,3,afternoon,9.658227848101266,5.788773564695471,79
BROOKLYN,Northwest Brooklyn,Summer,3,evening,12.354430379746836,8.779401846752293,79
BROOKLYN,Northwest Brooklyn,Summer,3,morning,9.582278481012658,5.592136408722677,79
BROOKLYN,Northwest Brooklyn,Summer,3,night,19.78481012658228,9.643213218706437,79
BROOKLYN,Northwest Brooklyn,Summer,3,overnight,3.449275362318841,2.670846042890761,69
BROOKLYN,Northwest Brooklyn,Summer,4,afternoon,9.766233766233766,5.283778811000862,77
BROOKLYN,Northwest Brooklyn,Summer,4,evening,14.91025641025641,11.805992202328948,78
BROOKLYN,Northwest Brooklyn,Summer,4,morning,8.337662337662337,4.150492645490822,77
BROOKLYN,Northwest Brooklyn,Summer,4,night,24.525641025641026,9.78565655738409,78
BROOKLYN,Northwest Brooklyn,Summer,4,overnight,4.4714285714285715,5.87729955877014,70
BROOKLYN,Northwest Brooklyn,Summer,5,afternoon,15.316455696202532,5.626276046254133,79
BROOKLYN,Northwest Brooklyn,Summer,5,evening,21.468354430379748,12.533887852269999,79
BROOKLYN,Northwest Brooklyn,Summer,5,morning,10.379746835443038,6.771553996301705,79
BROOKLYN,Northwest Brooklyn,Summer,5,night,35.050632911392405,13.93197644065642,79
BROOKLYN,Northwest Brooklyn,Summer,5,overnight,6.623376623376624,5.6078867420403204,77
BROOKLYN,Northwest Brooklyn,Summer,6,afternoon,13.253164556962025,7.968637811767952,79
BROOKLYN,Northwest Brooklyn,Summer,6,evening,17.582278481012658,8.894838023253467,79
BROOKLYN,Northwest Brooklyn,Summer,6,morning,8.518987341772151,4.74439145132729,79
BROOKLYN,Northwest Brooklyn,Summer,6,night,31.17721518987342,15.664560273294102,79
BROOKLYN,Northwest Brooklyn,Summer,6,overnight,8.064102564102564,5.6896802082771645,78
BROOKLYN,Northwest Brooklyn,Winter,0,afternoon,10.714285714285714,6.962154888284816,84
BROOKLYN,Northwest Brooklyn,Winter,0,evening,9.240963855421686,6.665510723567603,83
BROOKLYN,Northwest Brooklyn,Winter,0,morning,10.595238095238095,5.8928567082181385,84
BROOKLYN,Northwest Brooklyn,Winter,0,night,11.476190476190476,6.702770853901259,84
BROOKLYN,Northwest Brooklyn,Winter,0,overnight,3.973333333333333,3.8659054858112123,75
BROOKLYN,Northwest Brooklyn,Winter,1,afternoon,9.25,5.732753076081797,84
BROOKLYN,Northwest Brooklyn,Winter,1,evening,9.05952380952381,6.494392744507235,84
BROOKLYN,Northwest Brooklyn,Winter,1,morning,10.345238095238095,4.579930150514471,84
BROOKLYN,Northwest Brooklyn,Winter,1,night,11.69047619047619,6.138906520259657,84
BROOKLYN,Northwest Brooklyn,Winter,1,overnight,3.6666666666666665,4.159326868617084,81
BROOKLYN,Northwest Brooklyn,Winter,2,afternoon,9.929411764705883,5.513594098948089,85
BROOKLYN,Northwest Brooklyn,Winter,2,evening,9.505882352941176,5.660269910718471,85
BROOKLYN,Northwest Brooklyn,Winter,2,morning,11.988235294117647,6.830418863345021,85
BROOKLYN,Northwest Brooklyn,Winter,2,night,11.552941176470588,5.651602980261317,85
BROOKLYN,Northwest Brooklyn,Winter,2,overnight,4.175675675675675,4.339554008105353,74
BROOKLYN,Northwest Brooklyn,Winter,3,afternoon,10.505747126436782,5.582100886530487,87
BROOKLYN,Northwest Brooklyn,Winter,3,evening,9.816091954022989,7.10965399287637,87
BROOKLYN,Northwest Brooklyn,Winter,3,morning,10.586206896551724,5.526998689599592,87
BROOKLYN,Northwest Brooklyn,Winter,3,night,12.264367816091953,5.837847186259241,87
BROOKLYN,Northwest Brooklyn,Winter,3,overnight,3.9210526315789473,2.920105741896969,76
BROOKLYN,Northwest Brooklyn,Winter,4,afternoon,11.298850574712644,8.44698231863699,87
BROOKLYN,Northwest Brooklyn,Winter,4,evening,9.255813953488373,5.251747152445058,86
BROOKLYN,Northwest Brooklyn,Winter,4,morning,11.574712643678161,8.484777318079505,87
BROOKLYN,Northwest Brooklyn,Winter,4,night,14.71264367816092,6.0075689584192915,87
BROOKLYN,Northwest Brooklyn,Winter,4,overnight,3.4125,2.1798487347357645,80
BROOKLYN,Northwest Brooklyn,Winter,5,afternoon,10.447058823529412,6.405923379321416,85
BROOKLYN,Northwest Brooklyn,Winter,5,evening,8.68235294117647,5.111173019557677,85
BROOKLYN,Northwest Brooklyn,Winter,5,morning,9.941176470588236,4.512820206754021,85
BROOKLYN,Northwest Brooklyn,Winter,5,night,20.08235294117647,7.614540858974832,85
BROOKLYN,Northwest Brooklyn,Winter,5,overnight,4.705882352941177,3.3052034351759882,85
BROOKLYN,Northwest Brooklyn,Winter,6,afternoon,12.023809523809524,7.004260649089963,84
BROOKLYN,Northwest Brooklyn,Winter,6,evening,8.130952380952381,4.403667042294621,84
BROOKLYN,Northwest Brooklyn,Winter,6,morning,9.144578313253012,5.371861034925265,83
BROOKLYN,Northwest Brooklyn,Winter,6,night,16.952380952380953,7.462201558125501,84
BROOKLYN,Northwest Brooklyn,Winter,6,overnight,5.807228915662651,4.7893627849624165,83
BROOKLYN,Southern Brooklyn,Fall,0,afternoon,5.714285714285714,3.2357263190866545,77
BROOKLYN,Southern Brooklyn,Fall,0,evening,8.828947368421053,5.144286559915408,76
BROOKLYN,Southern Brooklyn,Fall,0,morning,5.402597402597403,3.2897757892715687,77
BROOKLYN,Southern Brooklyn,Fall,0,night,13.076923076923077,5.852670010665752,78
BROOKLYN,Southern Brooklyn,Fall,0,overnight,2.8260869565217392,1.9093925869634285,69
BROOKLYN,Southern Brooklyn,Fall,1,afternoon,5.473684210526316,2.7687478961221266,76
BROOKLYN,Southern Brooklyn,Fall,1,evening,8.217948717948717,3.8499365348030503,78
BROOKLYN,Southern Brooklyn,Fall,1,morning,5.090909090909091,2.8981928043352254,77
BROOKLYN,Southern Brooklyn,Fall,1,night,11.371794871794872,4.998984245808692,78
BROOKLYN,Southern Brooklyn,Fall,1,overnight,2.634920634920635,1.7625273944481648,63
BROOKLYN,Southern Brooklyn,Fall,2,afternoon,5.5,2.7716093126229358,78
BROOKLYN,Southern Brooklyn,Fall,2,evening,8.08974358974359,4.096834056201116,78
BROOKLYN,Southern Brooklyn,Fall,2,morning,4.9324324324324325,2.289529957628625,74
BROOKLYN,Southern Brooklyn,Fall,2,night,12.076923076923077,5.271263016224269,78
BROOKLYN,Southern Brooklyn,Fall,2,overnight,3.0597014925373136,1.95309076745215,67
BROOKLYN,Southern Brooklyn,Fall,3,afternoon,5.740259740259741,3.0279513545186805,77
BROOKLYN,Southern Brooklyn,Fall,3,evening,8.076923076923077,4.415936990096156,78
BROOKLYN,Southern Brooklyn,Fall,3,morning,5.184210526315789,2.611311426931122,76
BROOKLYN,Southern Brooklyn,Fall,3,night,13.346153846153847,6.2974472731291815,78
BROOKLYN,Southern Brooklyn,Fall,3,overnight,2.780821917808219,1.8874334082621427,73
BROOKLYN,Southern Brooklyn,Fall,4,afternoon,6.597402597402597,3.7178790652302522,77
BROOKLYN,Southern Brooklyn,Fall,4,evening,8.602564102564102,4.627247768536056,78
BROOKLYN,Southern Brooklyn,Fall,4,morning,4.922077922077922,2.292816205399594,77
BROOKLYN,Southern Brooklyn,Fall,4,night,16.0,6.30810651401891,78
BROOKLYN,Southern Brooklyn,Fall,4,overnight,3.0416666666666665,2.2166940236230612,72
BROOKLYN,Southern Brooklyn,Fall,5,afternoon,8.23076923076923,4.086477786468525,78
BROOKLYN,Southern Brooklyn,Fall,5,evening,10.743589743589743,5.834149127104657,78
BROOKLYN,Southern Brooklyn,Fall,5,morning,6.597402597402597,3.434575512956978,77
BROOKLYN,Southern Brooklyn,Fall,5,night,25.141025641025642,9.914864033587591,78
BROOKLYN,Southern Brooklyn,Fall,5,overnight,5.6891891891891895,4.030451470940638,74
BROOKLYN,Southern Brooklyn,Fall,6,afternoon,8.623376623376624,4.971071474671074,77
BROOKLYN,Southern Brooklyn,Fall,6,evening,8.974358974358974,5.081093958737214,78
BROOKLYN,Southern Brooklyn,Fall,6,morning,5.615384615384615,3.5281089052851593,78
BROOKLYN,Southern Brooklyn,Fall,6,night,20.28205128205128,8.192326843712909,78
BROOKLYN,Southern Brooklyn,Fall,6,overnight,6.115384615384615,3.6395403207347146,78
BROOKLYN,Southern Brooklyn,Spring,0,afternoon,6.438202247191011,4.19673860434227,89
BROOKLYN,Southern Brooklyn,Spring,0,evening,7.877777777777778,5.295382295729705,90
BROOKLYN,Southern Brooklyn,Spring,0,morning,4.681818181818182,2.470727262961552,88
BROOKLYN,Southern Brooklyn,Spring,0,night,13.45054945054945,7.550222566644032,91
BROOKLYN,Southern Brooklyn,Spring,0,overnight,3.036144578313253,1.6486933712794305,83
BROOKLYN,Southern Brooklyn,Spring,1,afternoon,6.087912087912088,3.209874873464183,91
BROOKLYN,Southern Brooklyn,Spring,1,evening,7.555555555555555,4.219034212694908,90
BROOKLYN,Southern Brooklyn,Spring,1,morning,5.068965517241379,2.752559500014976,87
BROOKLYN,Southern Brooklyn,Spring,1,night,11.868131868131869,5.200873412138027,91
BROOKLYN,Southern Brooklyn,Spring,1,overnight,2.9726027397260273,1.900092123057064,73
BROOKLYN,Southern Brooklyn,Spring,2,afternoon,5.348314606741573,2.9584283434847998,89
BROOKLYN,Southern Brooklyn,Spring,2,evening,6.793103448275862,3.3761748378432133,87
BROOKLYN,Southern Brooklyn,Spring,2,morning,4.966292134831461,2.8141260479387626,89
BROOKLYN,Southern Brooklyn,Spring,2,night,11.351648351648352,5.412688028807101,91
BROOKLYN,Southern Brooklyn,Spring,2,overnight,3.211267605633803,2.150850283411168,71
BROOKLYN,Southern Brooklyn,Spring,3,afternoon,6.1022727272727275,3.304611103511962,88
BROOKLYN,Southern Brooklyn,Spring,3,evening,7.355555555555555,4.652681022714332,90
BROOKLYN,Southern Brooklyn,Spring,3,morning,4.964705882352941,3.0411740324746828,85
BROOKLYN,Southern Brooklyn,Spring,3,night,12.133333333333333,6.337333646953503,90
BROOKLYN,Southern Brooklyn,Spring,3,overnight,2.4415584415584415,1.5346309902204203,77
BROOKLYN,Southern Brooklyn,Spring,4,afternoon,5.820224719101123,3.2875861473427896,89
BROOKLYN,Southern Brooklyn,Spring,4,evening,7.7444444444444445,4.6315020766100226,90
BROOKLYN,Southern Brooklyn,Spring,4,morning,4.375,2.8418566862682146,88
BROOKLYN,Southern Brooklyn,Spring,4,night,14.054945054945055,5.400334634410553,91
BROOKLYN,Southern Brooklyn,Spring,4,overnight,3.0259740259740258,2.032460435130068,77
BROOKLYN,Southern Brooklyn,Spring,5,afternoon,6.811111111111111,3.634709219609062,90
BROOKLYN,Southern Brooklyn,Spring,5,evening,8.822222222222223,4.66297339140369,90
BROOKLYN,Southern Brooklyn,Spring,5,morning,5.910112359550562,3.6420537707521636,89
BROOKLYN,Southern Brooklyn,Spring,5,night,20.766666666666666,8.710125839207574,90
BROOKLYN,Southern Brooklyn,Spring,5,overnight,4.695121951219512,4.2938055422115955,82
BROOKLYN,Southern Brooklyn,Spring,6,afternoon,8.021978021978022,3.800520496452563,91
BROOKLYN,Southern Brooklyn,Spring,6,evening,8.648351648351648,4.612479753339787,91
BROOKLYN,Southern Brooklyn,Spring,6,morning,5.1098901098901095,2.9000021051737557,91
BROOKLYN,Southern Brooklyn,Spring,6,night,18.89010989010989,7.285374312736367,91
BROOKLYN,Southern Brooklyn,Spring,6,overnight,5.133333333333334,2.841110718074808,90
BROOKLYN,Southern Brooklyn,Summer,0,afternoon,4.909090909090909,2.782377902848276,77
BROOKLYN,Southern Brooklyn,Summer,0,evening,7.063291139240507,3.7187734818113136,79
BROOKLYN,Southern Brooklyn,Summer,0,morning,3.730769230769231,2.3056851077681477,78
BROOKLYN,Southern Brooklyn,Summer,0,night,13.354430379746836,6.16865104873963,79
BROOKLYN,Southern Brooklyn,Summer,0,overnight,3.1159420289855073,2.152537708107627,69
BROOKLYN,Southern Brooklyn,Summer,1,afternoon,4.613333333333333,2.3359316292598495,75
BROOKLYN,Southern Brooklyn,Summer,1,evening,6.705128205128205,3.4682566988048236,78
BROOKLYN,Southern Brooklyn,Summer,1,morning,3.6710526315789473,2.2767705660707924,76
BROOKLYN,Southern Brooklyn,Summer,1,night,12.443037974683545,5.44611561278038,79
BROOKLYN,Southern Brooklyn,Summer,1,overnight,2.9166666666666665,2.147714146793755,72
BROOKLYN,Southern Brooklyn,Summer,2,afternoon,4.6075949367088604,2.488010849587747,79
BROOKLYN,Southern Brooklyn,Summer,2,evening,7.294871794871795,4.28561160938166,78
BROOKLYN,Southern Brooklyn,Summer,2,morning,3.3376623376623376,1.7741594719337825,77
BROOKLYN,Southern Brooklyn,Summer,2,night,13.670886075949367,6.0716269922491755,79
BROOKLYN,Southern Brooklyn,Summer,2,overnight,2.727272727272727,1.5840110192454186,66
BROOKLYN,Southern Brooklyn,Summer,3,afternoon,4.855263157894737,2.6668530636609686,76
BROOKLYN,Southern Brooklyn,Summer,3,evening,7.215189873417722,3.8519754707926745,79
BROOKLYN,Southern Brooklyn,Summer,3,morning,4.121621621621622,2.6687060263109843,74
BROOKLYN,Southern Brooklyn,Summer,3,night,14.645569620253164,5.574755311828273,79
BROOKLYN,Southern Brooklyn,Summer,3,overnight,2.835616438356164,1.7241237599795518,73
BROOKLYN,Southern Brooklyn,Summer,4,afternoon,4.897435897435898,2.7661673217073566,78
BROOKLYN,Southern Brooklyn,Summer,4,evening,8.333333333333334,4.241620208286216,78
BROOKLYN,Southern Brooklyn,Summer,4,morning,3.8714285714285714,2.1462567925254654,70
BROOKLYN,Southern Brooklyn,Summer,4,night,18.26923076923077,7.558727778824,78
BROOKLYN,Southern Brooklyn,Summer,4,overnight,2.7761194029850746,1.4649531538935534,67
BROOKLYN,Southern Brooklyn,Summer,5,afternoon,6.923076923076923,3.581225324546729,78
BROOKLYN,Southern Brooklyn,Summer,5,evening,11.50632911392405,6.033822230626966,79
BROOKLYN,Southern Brooklyn,Summer,5,morning,5.064102564102564,3.2963566806350557,78
BROOKLYN,Southern Brooklyn,Summer,5,night,25.670886075949365,8.808098719414845,79
BROOKLYN,Southern Brooklyn,Summer,5,overnight,5.12,3.5903775304013386,75
BROOKLYN,Southern Brooklyn,Summer,6,afternoon,7.050632911392405,3.744735566910225,79
BROOKLYN,Southern Brooklyn,Summer,6,evening,10.468354430379748,6.174462382987075,79
BROOKLYN,Southern Brooklyn,Summer,6,morning,4.657894736842105,2.500947188987657,76
BROOKLYN,Southern Brooklyn,Summer,6,night,24.79746835443038,9.160085861812684,79
BROOKLYN,Southern Brooklyn,Summer,6,overnight,6.653846153846154,4.248229342614702,78
BROOKLYN,Southern Brooklyn,Winter,0,afternoon,6.107142857142857,3.5296262717035876,84
BROOKLYN,Southern Brooklyn,Winter,0,evening,6.773809523809524,3.7907661764141505,84
BROOKLYN,Southern Brooklyn,Winter,0,morning,4.875,2.9526859688053095,80
BROOKLYN,Southern Brooklyn,Winter,0,night,10.095238095238095,5.821892723366404,84
BROOKLYN,Southern Brooklyn,Winter,0,overnight,3.2535211267605635,3.5765838044510527,71
BROOKLYN,Southern Brooklyn,Winter,1,afternoon,5.463414634146342,2.713455825568948,82
BROOKLYN,Southern Brooklyn,Winter,1,evening,7.095238095238095,3.8389853316159708,84
BROOKLYN,Southern Brooklyn,Winter,1,morning,4.719512195121951,2.3844889208024624,82
BROOKLYN,Southern Brooklyn,Winter,1,night,9.710843373493976,4.295573786829391,83
BROOKLYN,Southern Brooklyn,Winter,1,overnight,2.9452054794520546,1.6405487814795399,73
BROOKLYN,Southern Brooklyn,Winter,2,afternoon,5.070588235294117,2.649295662436112,85
BROOKLYN,Southern Brooklyn,Winter,2,evening,6.428571428571429,3.985775050585849,84
BROOKLYN,Southern Brooklyn,Winter,2,morning,4.280487804878049,2.2237460899772143,82
BROOKLYN,Southern Brooklyn,Winter,2,night,9.6,4.424498895489802,85
BROOKLYN,Southern Brooklyn,Winter,2,overnight,3.051948051948052,2.7904730022369426,77
BROOKLYN,Southern Brooklyn,Winter,3,afternoon,4.8604651162790695,2.4261457727295603,86
BROOKLYN,Southern Brooklyn,Winter,3,evening,6.564705882352941,3.4587606465443708,85
BROOKLYN,Southern Brooklyn,Winter,3,morning,4.517647058823529,2.338150290018049,85
BROOKLYN,Southern Brooklyn,Winter,3,night,9.517241379310345,4.589832212988195,87
BROOKLYN,Southern Brooklyn,Winter,3,overnight,2.948717948717949,1.8718518915313527,78
BROOKLYN,Southern Brooklyn,Winter,4,afternoon,5.0476190476190474,2.8152115283779895,84
BROOKLYN,Southern Brooklyn,Winter,4,evening,6.908045977011494,3.960949451331218,87
BROOKLYN,Southern Brooklyn,Winter,4,morning,4.755813953488372,2.934324439785188,86
BROOKLYN,Southern Brooklyn,Winter,4,night,11.313953488372093,4.80505035269443,86
BROOKLYN,Southern Brooklyn,Winter,4,overnight,3.1621621621621623,2.2575718986231195,74
BROOKLYN,Southern Brooklyn,Winter,5,afternoon,6.771084337349397,3.899109658235686,83
BROOKLYN,Southern Brooklyn,Winter,5,evening,7.305882352941176,3.625385133602605,85
BROOKLYN,Southern Brooklyn,Winter,5,morning,5.575,3.3062081994677617,80
BROOKLYN,Southern Brooklyn,Winter,5,night,14.929411764705883,5.694166261338415,85
BROOKLYN,Southern Brooklyn,Winter,5,overnight,4.097560975609756,2.3233105163742818,82
BROOKLYN,Southern Brooklyn,Winter,6,afternoon,7.746987951807229,3.8025773464142487,83
BROOKLYN,Southern Brooklyn,Winter,6,evening,6.390243902439025,3.3509022096727206,82
BROOKLYN,Southern Brooklyn,Winter,6,morning,5.048192771084337,2.840918841647039,83
BROOKLYN,Southern Brooklyn,Winter,6,night,14.273809523809524,5.3308630610183485,84
BROOKLYN,Southern Brooklyn,Winter,6,overnight,4.524390243902439,3.3230419269546854,82
BROOKLYN,Southwest Brooklyn,Fall,0,afternoon,3.8684210526315788,2.5940552821822327,76
BROOKLYN,Southwest Brooklyn,Fall,0,evening,4.558441558441558,2.76488082208898,77
BROOKLYN,Southwest Brooklyn,Fall,0,morning,2.9577464788732395,1.9525559784791233,71
BROOKLYN,Southwest Brooklyn,Fall,0,night,6.857142857142857,3.6118018746817895,77
BROOKLYN,Southwest Brooklyn,Fall,0,overnight,2.774193548387097,2.198504371185472,62
BROOKLYN,Southwest Brooklyn,Fall,1,afternoon,4.402777777777778,2.6572235972338496,72
BROOKLYN,Southwest Brooklyn,Fall,1,evening,5.041666666666667,3.0090824955106714,72
BROOKLYN,Southwest Brooklyn,Fall,1,morning,3.0454545454545454,2.115378258095978,66
BROOKLYN,Southwest Brooklyn,Fall,1,night,6.7272727272727275,4.147403638157135,77
BROOKLYN,Southwest Brooklyn,Fall,1,overnight,2.3157894736842106,1.6919757548166043,57
BROOKLYN,Southwest Brooklyn,Fall,2,afternoon,4.0131578947368425,2.3748314806325754,76
BROOKLYN,Southwest Brooklyn,Fall,2,evening,4.84,2.833391626321379,75
BROOKLYN,Southwest Brooklyn,Fall,2,morning,3.25,1.7566504761967836,68
BROOKLYN,Southwest Brooklyn,Fall,2,night,6.35064935064935,3.3156972505049596,77
BROOKLYN,Southwest Brooklyn,Fall,2,overnight,2.280701754385965,1.7087420808146756,57
BROOKLYN,Southwest Brooklyn,Fall,3,afternoon,4.197368421052632,2.6230757358089134,76
BROOKLYN,Southwest Brooklyn,Fall,3,evening,5.0394736842105265,2.9323064390734435,76
BROOKLYN,Southwest Brooklyn,Fall,3,morning,2.789473684210526,1.5942880498720775,76
BROOKLYN,Southwest Brooklyn,Fall,3,night,6.9743589743589745,3.9836495665989333,78
BROOKLYN,Southwest Brooklyn,Fall,3,overnight,2.6440677966101696,1.9454873679293445,59
BROOKLYN,Southwest Brooklyn,Fall,4,afternoon,4.5131578947368425,2.84953058614985,76
BROOKLYN,Southwest Brooklyn,Fall,4,evening,5.584415584415584,3.40414085826539,77
BROOKLYN,Southwest Brooklyn,Fall,4,morning,3.246376811594203,1.8582550092639039,69
BROOKLYN,Southwest Brooklyn,Fall,4,night,9.205128205128204,4.478981140981961,78
BROOKLYN,Southwest Brooklyn,Fall,4,overnight,2.9107142857142856,2.226099611544704,56
BROOKLYN,Southwest Brooklyn,Fall,5,afternoon,5.243589743589744,2.955012898804543,78
BROOKLYN,Southwest Brooklyn,Fall,5,evening,7.384615384615385,5.666558930240654,78
BROOKLYN,Southwest Brooklyn,Fall,5,morning,5.197368421052632,2.975543588846045,76
BROOKLYN,Southwest Brooklyn,Fall,5,night,16.692307692307693,9.702466806841553,78
BROOKLYN,Southwest Brooklyn,Fall,5,overnight,4.188405797101449,2.835050379876253,69
BROOKLYN,Southwest Brooklyn,Fall,6,afternoon,5.5,3.3166247903554,76
BROOKLYN,Southwest Brooklyn,Fall,6,evening,5.935064935064935,3.7039724846144018,77
BROOKLYN,Southwest Brooklyn,Fall,6,morning,4.04,2.2924081519518147,75
BROOKLYN,Southwest Brooklyn,Fall,6,night,12.871794871794872,4.976200434324443,78
BROOKLYN,Southwest Brooklyn,Fall,6,overnight,4.868421052631579,4.0277110298966186,76
BROOKLYN,Southwest Brooklyn,Spring,0,afternoon,4.910112359550562,3.575931059427367,89
BROOKLYN,Southwest Brooklyn,Spring,0,evening,5.775280898876405,3.664177971153979,89
BROOKLYN,Southwest Brooklyn,Spring,0,morning,4.037037037037037,2.947220913184336,81
BROOKLYN,Southwest Brooklyn,Spring,0,night,7.696629213483146,3.606825897397443,89
BROOKLYN,Southwest Brooklyn,Spring,0,overnight,2.6266666666666665,1.6004503870602933,75
BROOKLYN,Southwest Brooklyn,Spring,1,afternoon,4.869047619047619,3.549239734999637,84
BROOKLYN,Southwest Brooklyn,Spring,1,evening,4.761363636363637,3.118334060764586,88
BROOKLYN,Southwest Brooklyn,Spring,1,morning,3.8588235294117648,2.305030426286482,85
BROOKLYN,Southwest Brooklyn,Spring,1,night,6.8791208791208796,3.2517863973691097,91
BROOKLYN,Southwest Brooklyn,Spring,1,overnight,2.1666666666666665,1.398717361159951,66
BROOKLYN,Southwest Brooklyn,Spring,2,afternoon,4.440476190476191,3.319715441703417,84
BROOKLYN,Southwest Brooklyn,Spring,2,evening,5.322222222222222,3.424392926688548,90
BROOKLYN,Southwest Brooklyn,Spring,2,morning,3.566265060240964,2.604839637797762,83
BROOKLYN,Southwest Brooklyn,Spring,2,night,6.988888888888889,3.357013267385645,90
BROOKLYN,Southwest Brooklyn,Spring,2,overnight,2.1052631578947367,1.447562985327833,76
BROOKLYN,Southwest Brooklyn,Spring,3,afternoon,5.024096385542169,3.4108002909497466,83
BROOKLYN,Southwest Brooklyn,Spring,3,evening,5.6976744186046515,4.2621998391934,86
BROOKLYN,Southwest Brooklyn,Spring,3,morning,3.95,2.4746819256040546,80
BROOKLYN,Southwest Brooklyn,Spring,3,night,7.0,3.4072269373052997,88
BROOKLYN,Southwest Brooklyn,Spring,3,overnight,2.8285714285714287,1.7690694235271829,70
BROOKLYN,Southwest Brooklyn,Spring,4,afternoon,4.646341463414634,3.3751888880641054,82
BROOKLYN,Southwest Brooklyn,Spring,4,evening,5.842696629213483,3.7926330395688708,89
BROOKLYN,Southwest Brooklyn,Spring,4,morning,4.0,2.650719862504087,77
BROOKLYN,Southwest Brooklyn,Spring,4,night,8.824175824175825,4.5621471713642485,91
BROOKLYN,Southwest Brooklyn,Spring,4,overnight,2.269230769230769,1.3257987244458556,78
BROOKLYN,Southwest Brooklyn,Spring,5,afternoon,5.686046511627907,3.902522948365212,86
BROOKLYN,Southwest Brooklyn,Spring,5,evening,6.3522727272727275,4.884975259004566,88
BROOKLYN,Southwest Brooklyn,Spring,5,morning,4.53932584269663,3.15888422395429,89
BROOKLYN,Southwest Brooklyn,Spring,5,night,12.38888888888889,6.299089366047144,90
BROOKLYN,Southwest Brooklyn,Spring,5,overnight,3.511904761904762,2.5858467775731584,84
BROOKLYN,Southwest Brooklyn,Spring,6,afternoon,5.886363636363637,3.761363833669538,88
BROOKLYN,Southwest Brooklyn,Spring,6,evening,6.6,5.045411754780863,90
BROOKLYN,Southwest Brooklyn,Spring,6,morning,4.049382716049383,2.8978493515359856,81
BROOKLYN,Southwest Brooklyn,Spring,6,night,11.648351648351648,5.558524237348588,91
BROOKLYN,Southwest Brooklyn,Spring,6,overnight,4.083333333333333,2.083835280897136,84
BROOKLYN,Southwest Brooklyn,Summer,0,afternoon,3.506849315068493,2.255384222448046,73
BROOKLYN,Southwest Brooklyn,Summer,0,evening,4.301369863013699,3.565595366784446,73
BROOKLYN,Southwest Brooklyn,Summer,0,morning,2.8115942028985508,1.3424665875877242,69
BROOKLYN,Southwest Brooklyn,Summer,0,night,6.82051282051282,4.1049339642048865,78
BROOKLYN,Southwest Brooklyn,Summer,0,overnight,2.6451612903225805,1.737689951343906,62
BROOKLYN,Southwest Brooklyn,Summer,1,afternoon,3.6619718309859155,2.551994525138725,71
BROOKLYN,Southwest Brooklyn,Summer,1,evening,5.1866666666666665,6.021792256627754,75
BROOKLYN,Southwest Brooklyn,Summer,1,morning,2.9166666666666665,1.998238661040986,72
BROOKLYN,Southwest Brooklyn,Summer,1,night,6.615384615384615,4.045939985915556,78
BROOKLYN,Southwest Brooklyn,Summer,1,overnight,2.0508474576271185,1.2376803778475853,59
BROOKLYN,Southwest Brooklyn,Summer,2,afternoon,3.3714285714285714,1.9199292602565423,70
BROOKLYN,Southwest Brooklyn,Summer,2,evening,4.053333333333334,3.8760990885352955,75
BROOKLYN,Southwest Brooklyn,Summer,2,morning,2.9857142857142858,2.1229788829552962,70
BROOKLYN,Southwest Brooklyn,Summer,2,night,6.151898734177215,3.627136355785362,79
BROOKLYN,Southwest Brooklyn,Summer,2,overnight,2.3518518518518516,1.5919302085703286,54
BROOKLYN,Southwest Brooklyn,Summer,3,afternoon,3.6153846153846154,1.9259113726712913,65
BROOKLYN,Southwest Brooklyn,Summer,3,evening,4.706666666666667,3.2581429519736385,75
BROOKLYN,Southwest Brooklyn,Summer,3,morning,2.9696969696969697,1.5488923781423936,66
BROOKLYN,Southwest Brooklyn,Summer,3,night,6.556962025316456,3.768107854909642,79
BROOKLYN,Southwest Brooklyn,Summer,3,overnight,1.84,1.1842503872035832,50
BROOKLYN,Southwest Brooklyn,Summer,4,afternoon,3.671641791044776,2.258908691338099,67
BROOKLYN,Southwest Brooklyn,Summer,4,evening,5.565789473684211,4.021062964990857,76
BROOKLYN,Southwest Brooklyn,Summer,4,morning,2.5142857142857142,1.594763688303722,70
BROOKLYN,Southwest Brooklyn,Summer,4,night,9.128205128205128,5.891572176475708,78
BROOKLYN,Southwest Brooklyn,Summer,4,overnight,2.0925925925925926,1.4310376037478267,54
BROOKLYN,Southwest Brooklyn,Summer,5,afternoon,4.797297297297297,2.937614957143116,74
BROOKLYN,Southwest Brooklyn,Summer,5,evening,7.410256410256411,5.23086717112673,78
BROOKLYN,Southwest Brooklyn,Summer,5,morning,4.092105263157895,2.674210819806832,76
BROOKLYN,Southwest Brooklyn,Summer,5,night,14.620253164556962,7.487260629226006,79
BROOKLYN,Southwest Brooklyn,Summer,5,overnight,3.76,8.314494020132004,75
BROOKLYN,Southwest Brooklyn,Summer,6,afternoon,4.746666666666667,3.5378010170211716,75
BROOKLYN,Southwest Brooklyn,Summer,6,evening,6.3924050632911396,4.401100449564122,79
BROOKLYN,Southwest Brooklyn,Summer,6,morning,3.2054794520547945,2.2295920410942456,73
BROOKLYN,Southwest Brooklyn,Summer,6,night,11.810126582278482,6.524266241024466,79
BROOKLYN,Southwest Brooklyn,Summer,6,overnight,3.619718309859155,2.4045563724081265,71
BROOKLYN,Southwest Brooklyn,Winter,0,afternoon,4.051282051282051,3.0232752339463134,78
BROOKLYN,Southwest Brooklyn,Winter,0,evening,4.151898734177215,2.9659979407419614,79
BROOKLYN,Southwest Brooklyn,Winter,0,morning,3.037974683544304,1.764631420618173,79
BROOKLYN,Southwest Brooklyn,Winter,0,night,6.073170731707317,2.9513775306652152,82
BROOKLYN,Southwest Brooklyn,Winter,0,overnight,2.9833333333333334,2.600467146212594,60
BROOKLYN,Southwest Brooklyn,Winter,1,afternoon,3.9746835443037973,2.1778293330057106,79
BROOKLYN,Southwest Brooklyn,Winter,1,evening,4.135135135135135,2.7264524811874624,74
BROOKLYN,Southwest Brooklyn,Winter,1,morning,3.056338028169014,1.9558507388540816,71
BROOKLYN,Southwest Brooklyn,Winter,1,night,6.048192771084337,3.007728315676587,83
BROOKLYN,Southwest Brooklyn,Winter,1,overnight,2.593220338983051,1.5326182698110131,59
BROOKLYN,Southwest Brooklyn,Winter,2,afternoon,3.727272727272727,2.741668545153344,77
BROOKLYN,Southwest Brooklyn,Winter,2,evening,3.925925925925926,2.4737510878106637,81
BROOKLYN,Southwest Brooklyn,Winter,2,morning,2.875,1.8380753865825423,72
BROOKLYN,Southwest Brooklyn,Winter,2,night,5.764705882352941,3.4039439968797303,85
BROOKLYN,Southwest Brooklyn,Winter,2,overnight,3.0,2.54195563720897,66
BROOKLYN,Southwest Brooklyn,Winter,3,afternoon,3.6867469879518073,2.7046829796798897,83
BROOKLYN,Southwest Brooklyn,Winter,3,evening,4.2439024390243905,2.856921314592293,82
BROOKLYN,Southwest Brooklyn,Winter,3,morning,3.054054054054054,2.363488783539039,74
BROOKLYN,Southwest Brooklyn,Winter,3,night,5.916666666666667,3.2826977347405415,84
BROOKLYN,Southwest Brooklyn,Winter,3,overnight,3.015625,2.2360125187768927,64
BROOKLYN,Southwest Brooklyn,Winter,4,afternoon,3.8072289156626504,2.6799064022848533,83
BROOKLYN,Southwest Brooklyn,Winter,4,evening,4.432098765432099,3.3983020451577652,81
BROOKLYN,Southwest Brooklyn,Winter,4,morning,3.315068493150685,2.7682561314178318,73
BROOKLYN,Southwest Brooklyn,Winter,4,night,7.436781609195402,4.071172476753079,87
BROOKLYN,Southwest Brooklyn,Winter,4,overnight,2.557142857142857,1.9309509130403675,70
BROOKLYN,Southwest Brooklyn,Winter,5,afternoon,4.780487804878049,2.837249538601405,82
BROOKLYN,Southwest Brooklyn,Winter,5,evening,5.481927710843373,3.8804118645593526,83
BROOKLYN,Southwest Brooklyn,Winter,5,morning,3.9375,2.73904607805738,80
BROOKLYN,Southwest Brooklyn,Winter,5,night,9.882352941176471,4.340868260486831,85
BROOKLYN,Southwest Brooklyn,Winter,5,overnight,3.189873417721519,2.773852034982513,79
BROOKLYN,Southwest Brooklyn,Winter,6,afternoon,4.493827160493828,2.877166387220782,81
BROOKLYN,Southwest Brooklyn,Winter,6,evening,4.271604938271605,2.815192469792306,81
BROOKLYN,Southwest Brooklyn,Winter,6,morning,3.2948717948717947,2.251169822062647,78
BROOKLYN,Southwest Brooklyn,Winter,6,night,9.107142857142858,3.997040643658355,84
BROOKLYN,Southwest Brooklyn,Winter,6,overnight,4.0886075949367084,2.587890307080274,79
BROOKLYN,Sunset Park,Fall,0,afternoon,3.4754098360655736,2.784520050667315,61
BROOKLYN,Sunset Park,Fall,0,evening,3.9193548387096775,2.6568710001371243,62
BROOKLYN,Sunset Park,Fall,0,morning,2.661290322580645,2.253911342657592,62
BROOKLYN,Sunset Park,Fall,0,night,6.090909090909091,4.3413004908843975,77
BROOKLYN,Sunset Park,Fall,0,overnight,3.0172413793103448,2.7305380185118127,58
BROOKLYN,Sunset Park,Fall,1,afternoon,2.9571428571428573,1.9740028800891891,70
BROOKLYN,Sunset Park,Fall,1,evening,3.557142857142857,2.332105562813927,70
BROOKLYN,Sunset Park,Fall,1,morning,2.257575757575758,1.501902445470729,66
BROOKLYN,Sunset Park,Fall,1,night,4.631578947368421,3.401341324686121,76
BROOKLYN,Sunset Park,Fall,1,overnight,2.1481481481481484,1.1881078568567787,54
BROOKLYN,Sunset Park,Fall,2,afternoon,3.589041095890411,2.8569390012075875,73
BROOKLYN,Sunset Park,Fall,2,evening,4.085714285714285,3.2515006887248954,70
BROOKLYN,Sunset Park,Fall,2,morning,2.347826086956522,1.3593476696403028,69
BROOKLYN,Sunset Park,Fall,2,night,4.947368421052632,3.918825459554959,76
BROOKLYN,Sunset Park,Fall,2,overnight,2.0892857142857144,1.598599224483573,56
BROOKLYN,Sunset Park,Fall,3,afternoon,3.4166666666666665,2.6417557115366708,72
BROOKLYN,Sunset Park,Fall,3,evening,4.3088235294117645,3.9180308522825724,68
BROOKLYN,Sunset Park,Fall,3,morning,2.671875,1.8262172500675942,64
BROOKLYN,Sunset Park,Fall,3,night,5.28,3.4779615029807633,75
BROOKLYN,Sunset Park,Fall,3,overnight,1.8035714285714286,1.38064073211275,56
BROOKLYN,Sunset Park,Fall,4,afternoon,2.984126984126984,2.225164462874769,63
BROOKLYN,Sunset Park,Fall,4,evening,6.194444444444445,6.0061913804239175,72
BROOKLYN,Sunset Park,Fall,4,morning,2.3846153846153846,1.432789103596414,65
BROOKLYN,Sunset Park,Fall,4,night,8.64935064935065,4.87681473312414,77
BROOKLYN,Sunset Park,Fall,4,overnight,2.3703703703703702,1.718888367151329,54
BROOKLYN,Sunset Park,Fall,5,afternoon,5.16,3.3613060524710305,75
BROOKLYN,Sunset Park,Fall,5,evening,7.571428571428571,5.324789522473787,77
BROOKLYN,Sunset Park,Fall,5,morning,3.4782608695652173,2.193631796897113,69
BROOKLYN,Sunset Park,Fall,5,night,15.602564102564102,7.340228496372192,78
BROOKLYN,Sunset Park,Fall,5,overnight,4.144736842105263,3.4591095091788047,76
BROOKLYN,Sunset Park,Fall,6,afternoon,4.693333333333333,4.327702509300867,75
BROOKLYN,Sunset Park,Fall,6,evening,6.148648648648648,4.666060590745152,74
BROOKLYN,Sunset Park,Fall,6,morning,3.0625,2.3358829607557836,64
BROOKLYN,Sunset Park,Fall,6,night,13.282051282051283,8.255493937565465,78
BROOKLYN,Sunset Park,Fall,6,overnight,5.2368421052631575,3.362016938496421,76
BROOKLYN,Sunset Park,Spring,0,afternoon,3.6627906976744184,2.763673876718023,86
BROOKLYN,Sunset Park,Spring,0,evening,4.65,5.449654500719766,80
BROOKLYN,Sunset Park,Spring,0,morning,2.260869565217391,1.5401697186181584,69
BROOKLYN,Sunset Park,Spring,0,night,5.488372093023256,4.236380769551269,86
BROOKLYN,Sunset Park,Spring,0,overnight,2.4393939393939394,2.4123323401528487,66
BROOKLYN,Sunset Park,Spring,1,afternoon,3.223529411764706,2.1733037752969295,85
BROOKLYN,Sunset Park,Spring,1,evening,4.951219512195122,4.17784408642529,82
BROOKLYN,Sunset Park,Spring,1,morning,2.390625,1.589820669731263,64
BROOKLYN,Sunset Park,Spring,1,night,4.431818181818182,3.666547922462162,88
BROOKLYN,Sunset Park,Spring,1,overnight,1.5964912280701755,0.7526061653349981,57
BROOKLYN,Sunset Park,Spring,2,afternoon,3.8795180722891565,2.6977750107849525,83
BROOKLYN,Sunset Park,Spring,2,evening,4.075949367088608,3.4372475269473983,79
BROOKLYN,Sunset Park,Spring,2,morning,2.6025641025641026,1.8540215579641832,78
BROOKLYN,Sunset Park,Spring,2,night,4.655172413793103,3.5135206824788856,87
BROOKLYN,Sunset Park,Spring,2,overnight,1.8035714285714286,1.4575152312585447,56
BROOKLYN,Sunset Park,Spring,3,afternoon,3.4404761904761907,2.2885318620818076,84
BROOKLYN,Sunset Park,Spring,3,evening,4.1466666666666665,3.043350453362541,75
BROOKLYN,Sunset Park,Spring,3,morning,2.5194805194805197,1.5356328166726023,77
BROOKLYN,Sunset Park,Spring,3,night,5.152941176470589,3.8436895790154453,85
BROOKLYN,Sunset Park,Spring,3,overnight,1.9411764705882353,1.2714049662618492,51
BROOKLYN,Sunset Park,Spring,4,afternoon,3.7349397590361444,2.627640773186498,83
BROOKLYN,Sunset Park,Spring,4,evening,5.142857142857143,3.3406689220597467,84
BROOKLYN,Sunset Park,Spring,4,morning,2.4166666666666665,1.4510802192907535,72
BROOKLYN,Sunset Park,Spring,4,night,6.98876404494382,4.601122348313191,89
BROOKLYN,Sunset Park,Spring,4,overnight,2.169811320754717,1.7512176978474123,53
BROOKLYN,Sunset Park,Spring,5,afternoon,4.870588235294117,3.27613388329728,85
BROOKLYN,Sunset Park,Spring,5,evening,6.9,6.251381869706799,90
BROOKLYN,Sunset Park,Spring,5,morning,2.8533333333333335,1.6332138216986127,75
BROOKLYN,Sunset Park,Spring,5,night,12.644444444444444,8.220707084478136,90
BROOKLYN,Sunset Park,Spring,5,overnight,3.088607594936709,2.242879750413154,79
BROOKLYN,Sunset Park,Spring,6,afternoon,4.954545454545454,3.5262858286072856,88
BROOKLYN,Sunset Park,Spring,6,evening,6.255813953488372,5.124763515947954,86
BROOKLYN,Sunset Park,Spring,6,morning,2.8656716417910446,2.208081042567791,67
BROOKLYN,Sunset Park,Spring,6,night,11.822222222222223,8.175845182269805,90
BROOKLYN,Sunset Park,Spring,6,overnight,4.440476190476191,3.246318361319594,84
BROOKLYN,Sunset Park,Summer,0,afternoon,2.971014492753623,1.9324703368300502,69
BROOKLYN,Sunset Park,Summer,0,evening,4.6231884057971016,3.1859131541437145,69
BROOKLYN,Sunset Park,Summer,0,morning,2.685185185185185,1.7891082850474522,54
BROOKLYN,Sunset Park,Summer,0,night,6.205128205128205,4.113200082468018,78
BROOKLYN,Sunset Park,Summer,0,overnight,2.406779661016949,1.9837151150077543,59
BROOKLYN,Sunset Park,Summer,1,afternoon,2.8615384615384616,2.4677730540213467,65
BROOKLYN,Sunset Park,Summer,1,evening,4.105263157894737,2.9869893309414235,76
BROOKLYN,Sunset Park,Summer,1,morning,2.456140350877193,1.61544084472537,57
BROOKLYN,Sunset Park,Summer,1,night,5.987012987012987,4.658025068556715,77
BROOKLYN,Sunset Park,Summer,1,overnight,1.8979591836734695,1.2457410438366876,49
BROOKLYN,Sunset Park,Summer,2,afternoon,2.8208955223880596,1.8498597255117903,67
BROOKLYN,Sunset Park,Summer,2,evening,4.136986301369863,3.583585527920445,73
BROOKLYN,Sunset Park,Summer,2,morning,2.142857142857143,1.4450991967030113,56
BROOKLYN,Sunset Park,Summer,2,night,4.987179487179487,3.565686359471233,78
BROOKLYN,Sunset Park,Summer,2,overnight,1.7894736842105263,1.0976735480301567,57
BROOKLYN,Sunset Park,Summer,3,afternoon,3.6323529411764706,6.399403917587871,68
BROOKLYN,Sunset Park,Summer,3,evening,5.041095890410959,2.8647200569281126,73
BROOKLYN,Sunset Park,Summer,3,morning,2.246153846153846,1.3810182976563121,65
BROOKLYN,Sunset Park,Summer,3,night,6.089743589743589,4.713026704000383,78
BROOKLYN,Sunset Park,Summer,3,overnight,1.851063829787234,1.2679789362578977,47
BROOKLYN,Sunset Park,Summer,4,afternoon,2.9242424242424243,2.457707537589926,66
BROOKLYN,Sunset Park,Summer,4,evening,6.0,3.977207791677702,78
BROOKLYN,Sunset Park,Summer,4,morning,2.142857142857143,1.40684781665281,56
BROOKLYN,Sunset Park,Summer,4,night,9.102564102564102,4.7278938601644125,78
BROOKLYN,Sunset Park,Summer,4,overnight,1.9821428571428572,1.2719501337934374,56
BROOKLYN,Sunset Park,Summer,5,afternoon,5.96,3.71061297478579,75
BROOKLYN,Sunset Park,Summer,5,evening,12.582278481012658,8.756839956515032,79
BROOKLYN,Sunset Park,Summer,5,morning,3.1506849315068495,2.227799318190689,73
BROOKLYN,Sunset Park,Summer,5,night,21.734177215189874,9.893936061482556,79
BROOKLYN,Sunset Park,Summer,5,overnight,3.533333333333333,3.632932451642639,75
BROOKLYN,Sunset Park,Summer,6,afternoon,5.103896103896104,3.2870736288825584,77
BROOKLYN,Sunset Park,Summer,6,evening,8.320512820512821,6.748724919959922,78
BROOKLYN,Sunset Park,Summer,6,morning,2.9420289855072466,1.9241809408850128,69
BROOKLYN,Sunset Park,Summer,6,night,18.31645569620253,9.633733871272302,79
BROOKLYN,Sunset Park,Summer,6,overnight,5.717948717948718,4.656785123413758,78
BROOKLYN,Sunset Park,Winter,0,afternoon,2.3823529411764706,1.7018814151359816,68
BROOKLYN,Sunset Park,Winter,0,evening,2.3230769230769233,1.7862993547038482,65
BROOKLYN,Sunset Park,Winter,0,morning,2.314814814814815,1.5998121832462622,54
BROOKLYN,Sunset Park,Winter,0,night,3.5714285714285716,3.2703958050677153,77
BROOKLYN,Sunset Park,Winter,0,overnight,2.326923076923077,2.64738978993445,52
BROOKLYN,Sunset Park,Winter,1,afternoon,2.5625,1.7983678667411134,64
BROOKLYN,Sunset Park,Winter,1,evening,2.55,1.6095583139798622,60
BROOKLYN,Sunset Park,Winter,1,morning,2.0847457627118646,1.3931870631288774,59
BROOKLYN,Sunset Park,Winter,1,night,3.04,2.0562363940238266,75
BROOKLYN,Sunset Park,Winter,1,overnight,1.74,1.6880129605847345,50
BROOKLYN,Sunset Park,Winter,2,afternoon,2.611940298507463,1.9144998862793245,67
BROOKLYN,Sunset Park,Winter,2,evening,2.9726027397260273,2.034238888105642,73
BROOKLYN,Sunset Park,Winter,2,morning,1.7761194029850746,1.2409782983767537,67
BROOKLYN,Sunset Park,Winter,2,night,4.315789473684211,4.750327781857555,76
BROOKLYN,Sunset Park,Winter,2,overnight,2.652173913043478,4.537338384287265,46
BROOKLYN,Sunset Park,Winter,3,afternoon,2.716417910447761,2.0435113137370506,67
BROOKLYN,Sunset Park,Winter,3,evening,2.388059701492537,1.566265814746122,67
BROOKLYN,Sunset Park,Winter,3,morning,1.9193548387096775,1.1636345983953729,62
BROOKLYN,Sunset Park,Winter,3,night,3.858974358974359,3.107278255190248,78
BROOKLYN,Sunset Park,Winter,3,overnight,1.96,1.4279998856685485,50
BROOKLYN,Sunset Park,Winter,4,afternoon,2.1774193548387095,1.9207596989885518,62
BROOKLYN,Sunset Park,Winter,4,evening,3.128205128205128,2.830074912316635,78
BROOKLYN,Sunset Park,Winter,4,morning,1.875,1.2069872334942826,56
BROOKLYN,Sunset Park,Winter,4,night,4.5875,3.1610515395107117,80
BROOKLYN,Sunset Park,Winter,4,overnight,2.037037037037037,2.018433569398328,54
BROOKLYN,Sunset Park,Winter,5,afternoon,3.4788732394366195,2.6611445170912966,71
BROOKLYN,Sunset Park,Winter,5,evening,3.3,2.421821089862822,70
BROOKLYN,Sunset Park,Winter,5,morning,2.652173913043478,1.5607887048137459,69
BROOKLYN,Sunset Park,Winter,5,night,6.764705882352941,4.489795463639979,85
BROOKLYN,Sunset Park,Winter,5,overnight,3.3333333333333335,3.3019031031458357,66
BROOKLYN,Sunset Park,Winter,6,afternoon,3.217391304347826,1.9768480945046845,69
BROOKLYN,Sunset Park,Winter,6,evening,2.647887323943662,2.7573206018539897,71
BROOKLYN,Sunset Park,Winter,6,morning,2.1147540983606556,1.4617154380582849,61
BROOKLYN,Sunset Park,Winter,6,night,6.7875,5.0932910700303236,80
BROOKLYN,Sunset Park,Winter,6,overnight,4.0,3.018987531323327,71
MANHATTAN,Central Harlem,Fall,0,afternoon,10.91025641025641,4.32805975375817,78
MANHATTAN,Central Harlem,Fall,0,evening,16.5,9.483752339741818,78
MANHATTAN,Central Harlem,Fall,0,morning,8.74025974025974,3.6828285661209876,77
MANHATTAN,Central Harlem,Fall,0,night,22.474358974358974,14.159320145626587,78
MANHATTAN,Central Harlem,Fall,0,overnight,5.933333333333334,3.6254853666983884,75
MANHATTAN,Central Harlem,Fall,1,afternoon,10.807692307692308,4.437320158587861,78
MANHATTAN,Central Harlem,Fall,1,evening,15.717948717948717,9.214468346379345,78
MANHATTAN,Central Harlem,Fall,1,morning,8.0,3.864591173082211,78
MANHATTAN,Central Harlem,Fall,1,night,22.205128205128204,9.030049365412768,78
MANHATTAN,Central Harlem,Fall,1,overnight,5.552631578947368,2.954746404649555,76
MANHATTAN,Central Harlem,Fall,2,afternoon,10.782051282051283,4.823232294174702,78
MANHATTAN,Central Harlem,Fall,2,evening,17.78205128205128,8.187173109798248,78
MANHATTAN,Central Harlem,Fall,2,morning,8.0,3.154053257009454,78
MANHATTAN,Central Harlem,Fall,2,night,22.58974358974359,8.915819731905838,78
MANHATTAN,Central Harlem,Fall,2,overnight,5.545454545454546,3.2425844733770073,77
MANHATTAN,Central Harlem,Fall,3,afternoon,11.166666666666666,4.426650889243254,78
MANHATTAN,Central Harlem,Fall,3,evening,17.53846153846154,9.54373706065486,78
MANHATTAN,Central Harlem,Fall,3,morning,8.833333333333334,3.750036074862555,78
MANHATTAN,Central Harlem,Fall,3,night,24.576923076923077,10.591002344883634,78
MANHATTAN,Central Harlem,Fall,3,overnight,5.987012987012987,3.028346372168996,77
MANHATTAN,Central Harlem,Fall,4,afternoon,11.884615384615385,5.415180128506883,78
MANHATTAN,Central Harlem,Fall,4,evening,21.897435897435898,10.095118717054389,78
MANHATTAN,Central Harlem,Fall,4,morning,8.64102564102564,4.168447837739771,78
MANHATTAN,Central Harlem,Fall,4,night,34.8974358974359,15.083826156576169,78
MANHATTAN,Central Harlem,Fall,4,overnight,6.935897435897436,3.8522711924257536,78
MANHATTAN,Central Harlem,Fall,5,afternoon,17.205128205128204,8.465911744854283,78
MANHATTAN,Central Harlem,Fall,5,evening,25.67948717948718,14.363096281740047,78
MANHATTAN,Central Harlem,Fall,5,morning,9.58974358974359,4.886865240770599,78
MANHATTAN,Central Harlem,Fall,5,night,45.833333333333336,21.438778232940702,78
MANHATTAN,Central Harlem,Fall,5,overnight,11.717948717948717,6.072927867219639,78
MANHATTAN,Central Harlem,Fall,6,afternoon,17.076923076923077,5.881446130962061,78
MANHATTAN,Central Harlem,Fall,6,evening,22.846153846153847,12.035744300172755,78
MANHATTAN,Central Harlem,Fall,6,morning,9.26923076923077,3.5989647751190135,78
MANHATTAN,Central Harlem,Fall,6,night,37.61538461538461,15.649763094535489,78
MANHATTAN,Central Harlem,Fall,6,overnight,13.08974358974359,7.690753256195757,78
MANHATTAN,Central Harlem,Spring,0,afternoon,12.417582417582418,6.191510198231005,91
MANHATTAN,Central Harlem,Spring,0,evening,17.934065934065934,10.817477830706503,91
MANHATTAN,Central Harlem,Spring,0,morning,8.791208791208792,4.715262414086795,91
MANHATTAN,Central Harlem,Spring,0,night,25.252747252747252,15.081698553466426,91
MANHATTAN,Central Harlem,Spring,0,overnight,5.655555555555556,3.329004680050818,90
MANHATTAN,Central Harlem,Spring,1,afternoon,13.527472527472527,6.379377641781297,91
MANHATTAN,Central Harlem,Spring,1,evening,20.208791208791208,8.941186204570998,91
MANHATTAN,Central Harlem,Spring,1,morning,8.844444444444445,5.118617947052715,90
MANHATTAN,Central Harlem,Spring,1,night,25.582417582417584,13.690277112742729,91
MANHATTAN,Central Harlem,Spring,1,overnight,6.277777777777778,3.8424821617732428,90
MANHATTAN,Central Harlem,Spring,2,afternoon,13.43956043956044,9.670354229073043,91
MANHATTAN,Central Harlem,Spring,2,evening,16.9010989010989,10.883274573659596,91
MANHATTAN,Central Harlem,Spring,2,morning,9.43956043956044,5.35870795208611,91
MANHATTAN,Central Harlem,Spring,2,night,22.417582417582416,10.266521572639158,91
MANHATTAN,Central Harlem,Spring,2,overnight,6.011363636363637,3.9667999152210984,88
MANHATTAN,Central Harlem,Spring,3,afternoon,12.411111111111111,5.965998121272015,90
MANHATTAN,Central Harlem,Spring,3,evening,17.344444444444445,10.444245887559344,90
MANHATTAN,Central Harlem,Spring,3,morning,8.7,4.257049672027841,90
MANHATTAN,Central Harlem,Spring,3,night,24.1,11.448026177939433,90
MANHATTAN,Central Harlem,Spring,3,overnight,5.7555555555555555,3.295591577424834,90
MANHATTAN,Central Harlem,Spring,4,afternoon,13.777777777777779,6.382521388597543,90
MANHATTAN,Central Harlem,Spring,4,evening,19.644444444444446,11.506042487877139,90
MANHATTAN,Central Harlem,Spring,4,morning,9.5,4.913293135790113,90
MANHATTAN,Central Harlem,Spring,4,night,30.64835164835165,14.16284154349263,91
MANHATTAN,Central Harlem,Spring,4,overnight,6.425287356321839,3.6236695518655324,87
MANHATTAN,Central Harlem,Spring,5,afternoon,16.033333333333335,6.071576808689833,90
MANHATTAN,Central Harlem,Spring,5,evening,21.68888888888889,11.46822130389696,90
MANHATTAN,Central Harlem,Spring,5,morning,10.411111111111111,4.661326532618732,90
MANHATTAN,Central Harlem,Spring,5,night,37.91111111111111,20.409649868146307,90
MANHATTAN,Central Harlem,Spring,5,overnight,10.222222222222221,5.416947558259986,90
MANHATTAN,Central Harlem,Spring,6,afternoon,16.516483516483518,5.931765031239553,91
MANHATTAN,Central Harlem,Spring,6,evening,19.21978021978022,10.077259545688,91
MANHATTAN,Central Harlem,Spring,6,morning,10.175824175824175,5.067529326985043,91
MANHATTAN,Central Harlem,Spring,6,night,30.857142857142858,17.437234380977472,91
MANHATTAN,Central Harlem,Spring,6,overnight,11.263736263736265,6.084287897409133,91
MANHATTAN,Central Harlem,Summer,0,afternoon,9.936708860759493,4.530075485169175,79
MANHATTAN,Central Harlem,Summer,0,evening,16.911392405063292,6.880276294052855,79
MANHATTAN,Central Harlem,Summer,0,morning,7.10126582278481,3.4178825980529743,79
MANHATTAN,Central Harlem,Summer,0,night,29.582278481012658,14.550185120803762,79
MANHATTAN,Central Harlem,Summer,0,overnight,6.265822784810126,4.853518049350556,79
MANHATTAN,Central Harlem,Summer,1,afternoon,9.69620253164557,4.303708688012649,79
MANHATTAN,Central Harlem,Summer,1,evening,16.974683544303797,8.982853586273018,79
MANHATTAN,Central Harlem,Summer,1,morning,6.810126582278481,3.559299662340276,79
MANHATTAN,Central Harlem,Summer,1,night,28.379746835443036,16.06900488156637,79
MANHATTAN,Central Harlem,Summer,1,overnight,5.544303797468355,3.2847646301911237,79
MANHATTAN,Central Harlem,Summer,2,afternoon,10.037974683544304,5.243904979616649,79
MANHATTAN,Central Harlem,Summer,2,evening,17.9873417721519,8.517694510036717,79
MANHATTAN,Central Harlem,Summer,2,morning,6.948717948717949,3.2509636369489847,78
MANHATTAN,Central Harlem,Summer,2,night,29.10126582278481,14.794831856401805,79
MANHATTAN,Central Harlem,Summer,2,overnight,5.9743589743589745,3.104142012810889,78
MANHATTAN,Central Harlem,Summer,3,afternoon,10.10126582278481,4.751774126735114,79
MANHATTAN,Central Harlem,Summer,3,evening,18.265822784810126,8.874782569759095,79
MANHATTAN,Central Harlem,Summer,3,morning,7.620253164556962,4.264654365615453,79
MANHATTAN,Central Harlem,Summer,3,night,30.696202531645568,15.191389624642175,79
MANHATTAN,Central Harlem,Summer,3,overnight,7.1265822784810124,7.887619459223935,79
MANHATTAN,Central Harlem,Summer,4,afternoon,12.064102564102564,5.115141118744298,78
MANHATTAN,Central Harlem,Summer,4,evening,21.346153846153847,10.290364832774802,78
MANHATTAN,Central Harlem,Summer,4,morning,7.269230769230769,3.5699797260986292,78
MANHATTAN,Central Harlem,Summer,4,night,42.205128205128204,21.187081934340107,78
MANHATTAN,Central Harlem,Summer,4,overnight,7.532467532467533,5.566782155609372,77
MANHATTAN,Central Harlem,Summer,5,afternoon,15.91139240506329,7.926246360647969,79
MANHATTAN,Central Harlem,Summer,5,evening,28.78481012658228,13.616233605211502,79
MANHATTAN,Central Harlem,Summer,5,morning,8.556962025316455,3.868832844083925,79
MANHATTAN,Central Harlem,Summer,5,night,58.77215189873418,25.034821578429725,79
MANHATTAN,Central Harlem,Summer,5,overnight,14.632911392405063,7.914895426994167,79
MANHATTAN,Central Harlem,Summer,6,afternoon,16.050632911392405,6.619510273498655,79
MANHATTAN,Central Harlem,Summer,6,evening,24.430379746835442,13.171145175669388,79
MANHATTAN,Central Harlem,Summer,6,morning,7.974683544303797,3.9025786463413623,79
MANHATTAN,Central Harlem,Summer,6,night,53.278481012658226,27.936712684419653,79
MANHATTAN,Central Harlem,Summer,6,overnight,18.443037974683545,13.270119543684133,79
MANHATTAN,Central Harlem,Winter,0,afternoon,10.630952380952381,6.4449097536462725,84
MANHATTAN,Central Harlem,Winter,0,evening,11.726190476190476,7.982437334211085,84
MANHATTAN,Central Harlem,Winter,0,morning,8.25,5.423898477921133,84
MANHATTAN,Central Harlem,Winter,0,night,14.488095238095237,6.180993111648168,84
MANHATTAN,Central Harlem,Winter,0,overnight,5.2592592592592595,4.906062009845009,81
MANHATTAN,Central Harlem,Winter,1,afternoon,10.0,4.950355956533383,84
MANHATTAN,Central Harlem,Winter,1,evening,10.511904761904763,5.502450817850952,84
MANHATTAN,Central Harlem,Winter,1,morning,8.238095238095237,4.126374316863246,84
MANHATTAN,Central Harlem,Winter,1,night,14.19047619047619,4.848241987867381,84
MANHATTAN,Central Harlem,Winter,1,overnight,4.674698795180723,2.6737588127310707,83
MANHATTAN,Central Harlem,Winter,2,afternoon,10.08235294117647,4.986199441854445,85
MANHATTAN,Central Harlem,Winter,2,evening,11.388235294117647,5.488286482628814,85
MANHATTAN,Central Harlem,Winter,2,morning,7.9411764705882355,4.411437896392228,85
MANHATTAN,Central Harlem,Winter,2,night,15.388235294117647,5.8188816583172915,85
MANHATTAN,Central Harlem,Winter,2,overnight,5.433734939759036,3.819694698195507,83
MANHATTAN,Central Harlem,Winter,3,afternoon,9.471264367816092,4.572005515011654,87
MANHATTAN,Central Harlem,Winter,3,evening,11.620689655172415,6.361660927100985,87
MANHATTAN,Central Harlem,Winter,3,morning,7.862068965517241,3.9271636424088854,87
MANHATTAN,Central Harlem,Winter,3,night,15.32183908045977,5.197258340016741,87
MANHATTAN,Central Harlem,Winter,3,overnight,4.726190476190476,3.440899260704655,84
MANHATTAN,Central Harlem,Winter,4,afternoon,10.563218390804598,4.206034284838777,87
MANHATTAN,Central Harlem,Winter,4,evening,12.310344827586206,5.40523076724326,87
MANHATTAN,Central Harlem,Winter,4,morning,8.28735632183908,4.889257436312303,87
MANHATTAN,Central Harlem,Winter,4,night,18.79310344827586,6.513202925568888,87
MANHATTAN,Central Harlem,Winter,4,overnight,5.313953488372093,3.65983486579245,86
MANHATTAN,Central Harlem,Winter,5,afternoon,11.905882352941177,5.272623656595418,85
MANHATTAN,Central Harlem,Winter,5,evening,13.576470588235294,5.994792324510133,85
MANHATTAN,Central Harlem,Winter,5,morning,8.31764705882353,3.839679316675022,85
MANHATTAN,Central Harlem,Winter,5,night,23.258823529411764,7.559530316060632,85
MANHATTAN,Central Harlem,Winter,5,overnight,7.880952380952381,4.078757080656595,84
MANHATTAN,Central Harlem,Winter,6,afternoon,12.630952380952381,5.363373695286901,84
MANHATTAN,Central Harlem,Winter,6,evening,12.785714285714286,8.097406142131987,84
MANHATTAN,Central Harlem,Winter,6,morning,8.166666666666666,4.661643883307595,84
MANHATTAN,Central Harlem,Winter,6,night,20.273809523809526,6.088407294602459,84
MANHATTAN,Central Harlem,Winter,6,overnight,9.976190476190476,4.839536447173702,84
MANHATTAN,Chelsea and Clinton,Fall,0,afternoon,11.272727272727273,10.414610642387737,77
MANHATTAN,Chelsea and Clinton,Fall,0,evening,13.153846153846153,6.554619513216383,78
MANHATTAN,Chelsea and Clinton,Fall,0,morning,8.153846153846153,4.9440425204033644,78
MANHATTAN,Chelsea and Clinton,Fall,0,night,13.628205128205128,6.324779087274945,78
MANHATTAN,Chelsea and Clinton,Fall,0,overnight,3.4594594594594597,2.6181096871503278,74
MANHATTAN,Chelsea and Clinton,Fall,1,afternoon,12.12987012987013,12.137751731196968,77
MANHATTAN,Chelsea and Clinton,Fall,1,evening,12.602564102564102,6.461353128338078,78
MANHATTAN,Chelsea and Clinton,Fall,1,morning,9.102564102564102,5.894284582762419,78
MANHATTAN,Chelsea and Clinton,Fall,1,night,15.115384615384615,7.646373844315551,78
MANHATTAN,Chelsea and Clinton,Fall,1,overnight,3.5833333333333335,2.3957121320639314,72
MANHATTAN,Chelsea and Clinton,Fall,2,afternoon,11.512820512820513,9.642632056671712,78
MANHATTAN,Chelsea and Clinton,Fall,2,evening,13.102564102564102,7.798750721783124,78
MANHATTAN,Chelsea and Clinton,Fall,2,morning,8.423076923076923,4.585463283734101,78
MANHATTAN,Chelsea and Clinton,Fall,2,night,16.21794871794872,8.63043156420054,78
MANHATTAN,Chelsea and Clinton,Fall,2,overnight,3.757142857142857,2.2291592896687202,70
MANHATTAN,Chelsea and Clinton,Fall,3,afternoon,11.428571428571429,8.88142439297438,77
MANHATTAN,Chelsea and Clinton,Fall,3,evening,12.597402597402597,5.56601468561838,77
MANHATTAN,Chelsea and Clinton,Fall,3,morning,8.333333333333334,5.008218354090712,78
MANHATTAN,Chelsea and Clinton,Fall,3,night,18.76923076923077,8.954318521239914,78
MANHATTAN,Chelsea and Clinton,Fall,3,overnight,4.47945205479452,2.7543379373932626,73
MANHATTAN,Chelsea and Clinton,Fall,4,afternoon,13.346153846153847,11.677291674833718,78
MANHATTAN,Chelsea and Clinton,Fall,4,evening,14.14102564102564,6.6698086169205,78
MANHATTAN,Chelsea and Clinton,Fall,4,morning,8.115384615384615,5.217305791333274,78
MANHATTAN,Chelsea and Clinton,Fall,4,night,26.128205128205128,11.548158873169928,78
MANHATTAN,Chelsea and Clinton,Fall,4,overnight,4.337837837837838,2.77600791039015,74
MANHATTAN,Chelsea and Clinton,Fall,5,afternoon,19.807692307692307,16.27926550906046,78
MANHATTAN,Chelsea and Clinton,Fall,5,evening,16.371794871794872,9.622901490726855,78
MANHATTAN,Chelsea and Clinton,Fall,5,morning,11.705128205128204,7.288327216838829,78
MANHATTAN,Chelsea and Clinton,Fall,5,night,36.73076923076923,15.300176619745427,78
MANHATTAN,Chelsea and Clinton,Fall,5,overnight,7.753246753246753,4.298579459835797,77
MANHATTAN,Chelsea and Clinton,Fall,6,afternoon,14.448717948717949,14.95677532776127,78
MANHATTAN,Chelsea and Clinton,Fall,6,evening,12.512820512820513,6.963249707345449,78
MANHATTAN,Chelsea and Clinton,Fall,6,morning,7.5,5.455248872392558,78
MANHATTAN,Chelsea and Clinton,Fall,6,night,25.55128205128205,13.298420408002798,78
MANHATTAN,Chelsea and Clinton,Fall,6,overnight,7.538461538461538,4.050628643506142,78
MANHATTAN,Chelsea and Clinton,Spring,0,afternoon,11.417582417582418,13.051237433086513,91
MANHATTAN,Chelsea and Clinton,Spring,0,evening,11.571428571428571,7.2558679045045364,91
MANHATTAN,Chelsea and Clinton,Spring,0,morning,7.373626373626373,6.214049228514996,91
MANHATTAN,Chelsea and Clinton,Spring,0,night,12.252747252747254,5.41929353040988,91
MANHATTAN,Chelsea and Clinton,Spring,0,overnight,3.54320987654321,2.2915572364445174,81
MANHATTAN,Chelsea and Clinton,Spring,1,afternoon,12.131868131868131,12.92302750150443,91
MANHATTAN,Chelsea and Clinton,Spring,1,evening,11.736263736263735,6.5791508483409835,91
MANHATTAN,Chelsea and Clinton,Spring,1,morning,8.68131868131868,4.335586903443846,91
MANHATTAN,Chelsea and Clinton,Spring,1,night,16.373626373626372,7.167284239512439,91
MANHATTAN,Chelsea and Clinton,Spring,1,overnight,3.8705882352941177,2.9792466101592963,85
MANHATTAN,Chelsea and Clinton,Spring,2,afternoon,11.153846153846153,9.920711306177237,91
MANHATTAN,Chelsea and Clinton,Spring,2,evening,10.527472527472527,6.125249490321298,91
MANHATTAN,Chelsea and Clinton,Spring,2,morning,8.351648351648352,5.115061912025929,91
MANHATTAN,Chelsea and Clinton,Spring,2,night,16.296703296703296,8.058804026921262,91
MANHATTAN,Chelsea and Clinton,Spring,2,overnight,4.252873563218391,4.0180360550450285,87
MANHATTAN,Chelsea and Clinton,Spring,3,afternoon,9.933333333333334,9.527960037275035,90
MANHATTAN,Chelsea and Clinton,Spring,3,evening,10.78888888888889,6.82937219620202,90
MANHATTAN,Chelsea and Clinton,Spring,3,morning,7.944444444444445,4.523002659592038,90
MANHATTAN,Chelsea and Clinton,Spring,3,night,18.0,8.927926140405697,90
MANHATTAN,Chelsea and Clinton,Spring,3,overnight,3.9753086419753085,2.832734141434629,81
MANHATTAN,Chelsea and Clinton,Spring,4,afternoon,10.71111111111111,11.400024092665694,90
MANHATTAN,Chelsea and Clinton,Spring,4,evening,12.266666666666667,6.829874889867013,90
MANHATTAN,Chelsea and Clinton,Spring,4,morning,6.866666666666666,3.958208651692971,90
MANHATTAN,Chelsea and Clinton,Spring,4,night,21.208791208791208,10.285390376123564,91
MANHATTAN,Chelsea and Clinton,Spring,4,overnight,4.694117647058824,2.8744503798107903,85
MANHATTAN,Chelsea and Clinton,Spring,5,afternoon,16.211111111111112,15.793253035653855,90
MANHATTAN,Chelsea and Clinton,Spring,5,evening,15.144444444444444,9.640226011513352,90
MANHATTAN,Chelsea and Clinton,Spring,5,morning,10.269662921348315,7.149005088033106,89
MANHATTAN,Chelsea and Clinton,Spring,5,night,28.655555555555555,14.358305047783094,90
MANHATTAN,Chelsea and Clinton,Spring,5,overnight,6.715909090909091,4.037037902487825,88
MANHATTAN,Chelsea and Clinton,Spring,6,afternoon,12.494505494505495,11.351332399888008,91
MANHATTAN,Chelsea and Clinton,Spring,6,evening,10.87912087912088,6.2837270696001655,91
MANHATTAN,Chelsea and Clinton,Spring,6,morning,6.626373626373627,5.252826438422041,91
MANHATTAN,Chelsea and Clinton,Spring,6,night,20.813186813186814,11.27131273820804,91
MANHATTAN,Chelsea and Clinton,Spring,6,overnight,7.233333333333333,4.876105463828897,90
MANHATTAN,Chelsea and Clinton,Summer,0,afternoon,6.948717948717949,4.404535548719455,78
MANHATTAN,Chelsea and Clinton,Summer,0,evening,8.658227848101266,4.795526964838858,79
MANHATTAN,Chelsea and Clinton,Summer,0,morning,5.512820512820513,3.4855679808582343,78
MANHATTAN,Chelsea and Clinton,Summer,0,night,10.936708860759493,6.229256390885032,79
MANHATTAN,Chelsea and Clinton,Summer,0,overnight,3.352112676056338,2.397013567810077,71
MANHATTAN,Chelsea and Clinton,Summer,1,afternoon,7.772151898734177,7.211012530860053,79
MANHATTAN,Chelsea and Clinton,Summer,1,evening,9.89873417721519,5.82125842573593,79
MANHATTAN,Chelsea and Clinton,Summer,1,morning,5.358974358974359,3.2352536943594496,78
MANHATTAN,Chelsea and Clinton,Summer,1,night,12.189873417721518,6.365121203283521,79
MANHATTAN,Chelsea and Clinton,Summer,1,overnight,3.0140845070422535,1.6168130711502344,71
MANHATTAN,Chelsea and Clinton,Summer,2,afternoon,7.743589743589744,5.860800657673349,78
MANHATTAN,Chelsea and Clinton,Summer,2,evening,9.708860759493671,6.477083663814745,79
MANHATTAN,Chelsea and Clinton,Summer,2,morning,5.3924050632911396,3.5206996737572696,79
MANHATTAN,Chelsea and Clinton,Summer,2,night,13.164556962025317,6.3979772038669305,79
MANHATTAN,Chelsea and Clinton,Summer,2,overnight,2.780821917808219,2.243797471441278,73
MANHATTAN,Chelsea and Clinton,Summer,3,afternoon,7.518987341772152,5.681415405746901,79
MANHATTAN,Chelsea and Clinton,Summer,3,evening,10.265822784810126,6.063148164155303,79
MANHATTAN,Chelsea and Clinton,Summer,3,morning,5.857142857142857,3.796516012686693,77
MANHATTAN,Chelsea and Clinton,Summer,3,night,15.075949367088608,12.271263232884248,79
MANHATTAN,Chelsea and Clinton,Summer,3,overnight,3.1142857142857143,2.4586013293932814,70
MANHATTAN,Chelsea and Clinton,Summer,4,afternoon,7.423076923076923,5.780664660407479,78
MANHATTAN,Chelsea and Clinton,Summer,4,evening,10.76923076923077,6.153708789675693,78
MANHATTAN,Chelsea and Clinton,Summer,4,morning,5.355263157894737,4.184746738233734,76
MANHATTAN,Chelsea and Clinton,Summer,4,night,18.833333333333332,9.554242501818225,78
MANHATTAN,Chelsea and Clinton,Summer,4,overnight,3.736111111111111,2.7166313831632514,72
MANHATTAN,Chelsea and Clinton,Summer,5,afternoon,10.784810126582279,6.458290013570414,79
MANHATTAN,Chelsea and Clinton,Summer,5,evening,12.423076923076923,6.072119018154154,78
MANHATTAN,Chelsea and Clinton,Summer,5,morning,6.924050632911392,3.8222431053476695,79
MANHATTAN,Chelsea and Clinton,Summer,5,night,25.037974683544302,12.374957174724843,79
MANHATTAN,Chelsea and Clinton,Summer,5,overnight,5.701298701298701,3.505878278221995,77
MANHATTAN,Chelsea and Clinton,Summer,6,afternoon,10.974683544303797,9.497603859144608,79
MANHATTAN,Chelsea and Clinton,Summer,6,evening,9.822784810126583,6.13681512168283,79
MANHATTAN,Chelsea and Clinton,Summer,6,morning,4.855263157894737,3.3334824528048586,76
MANHATTAN,Chelsea and Clinton,Summer,6,night,17.531645569620252,7.164433956988552,79
MANHATTAN,Chelsea and Clinton,Summer,6,overnight,5.886075949367089,4.1970299076179804,79
MANHATTAN,Chelsea and Clinton,Winter,0,afternoon,13.072289156626505,13.350603469077326,83
MANHATTAN,Chelsea and Clinton,Winter,0,evening,10.373493975903614,5.863718214733085,83
MANHATTAN,Chelsea and Clinton,Winter,0,morning,7.409638554216867,5.853987893565176,83
MANHATTAN,Chelsea and Clinton,Winter,0,night,10.547619047619047,6.566444017415339,84
MANHATTAN,Chelsea and Clinton,Winter,0,overnight,3.5569620253164556,2.3245999680288967,79
MANHATTAN,Chelsea and Clinton,Winter,1,afternoon,11.857142857142858,9.693051612867201,84
MANHATTAN,Chelsea and Clinton,Winter,1,evening,9.654761904761905,5.561255920429051,84
MANHATTAN,Chelsea and Clinton,Winter,1,morning,7.535714285714286,5.387281829247961,84
MANHATTAN,Chelsea and Clinton,Winter,1,night,11.214285714285714,5.435429131641279,84
MANHATTAN,Chelsea and Clinton,Winter,1,overnight,3.7222222222222223,2.1833055583654244,72
MANHATTAN,Chelsea and Clinton,Winter,2,afternoon,12.30952380952381,11.22172612033943,84
MANHATTAN,Chelsea and Clinton,Winter,2,evening,9.047058823529412,4.558889490803187,85
MANHATTAN,Chelsea and Clinton,Winter,2,morning,7.035294117647059,4.069184599563177,85
MANHATTAN,Chelsea and Clinton,Winter,2,night,11.623529411764705,6.07096224935168,85
MANHATTAN,Chelsea and Clinton,Winter,2,overnight,3.7857142857142856,2.6528976136875544,84
MANHATTAN,Chelsea and Clinton,Winter,3,afternoon,12.011494252873563,12.532278559016335,87
MANHATTAN,Chelsea and Clinton,Winter,3,evening,8.931034482758621,5.164262489159188,87
MANHATTAN,Chelsea and Clinton,Winter,3,morning,7.494252873563219,5.308776329942516,87
MANHATTAN,Chelsea and Clinton,Winter,3,night,12.517241379310345,6.424629333196237,87
MANHATTAN,Chelsea and Clinton,Winter,3,overnight,4.109756097560975,3.348137855625273,82
MANHATTAN,Chelsea and Clinton,Winter,4,afternoon,11.825581395348838,14.693889774897125,86
MANHATTAN,Chelsea and Clinton,Winter,4,evening,11.563218390804598,7.202553083238412,87
MANHATTAN,Chelsea and Clinton,Winter,4,morning,7.2988505747126435,6.23029907552083,87
MANHATTAN,Chelsea and Clinton,Winter,4,night,15.425287356321839,7.237872268464383,87
MANHATTAN,Chelsea and Clinton,Winter,4,overnight,4.378048780487805,2.7650385387997534,82
MANHATTAN,Chelsea and Clinton,Winter,5,afternoon,17.071428571428573,16.111647896307673,84
MANHATTAN,Chelsea and Clinton,Winter,5,evening,12.119047619047619,8.755589969188168,84
MANHATTAN,Chelsea and Clinton,Winter,5,morning,9.176470588235293,5.531676036782195,85
MANHATTAN,Chelsea and Clinton,Winter,5,night,21.71764705882353,11.945921564149277,85
MANHATTAN,Chelsea and Clinton,Winter,5,overnight,5.341176470588235,2.7410153713736163,85
MANHATTAN,Chelsea and Clinton,Winter,6,afternoon,14.385542168674698,16.343740000454865,83
MANHATTAN,Chelsea and Clinton,Winter,6,evening,9.535714285714286,7.294900725306864,84
MANHATTAN,Chelsea and Clinton,Winter,6,morning,6.891566265060241,5.1062182278147485,83
MANHATTAN,Chelsea and Clinton,Winter,6,night,16.13095238095238,7.298753420391802,84
MANHATTAN,Chelsea and Clinton,Winter,6,overnight,5.976190476190476,3.855761423642907,84
MANHATTAN,East Harlem,Fall,0,afternoon,5.207792207792208,3.092170342969236,77
MANHATTAN,East Harlem,Fall,0,evening,7.95945945945946,5.038044818600204,74
MANHATTAN,East Harlem,Fall,0,morning,3.5294117647058822,2.1886449718933068,68
MANHATTAN,East Harlem,Fall,0,night,9.551282051282051,4.444893278479952,78
MANHATTAN,East Harlem,Fall,0,overnight,3.260869565217391,2.0768483894441054,69
MANHATTAN,East Harlem,Fall,1,afternoon,4.615384615384615,3.058863082363014,78
MANHATTAN,East Harlem,Fall,1,evening,7.641025641025641,4.357332554022815,78
MANHATTAN,East Harlem,Fall,1,morning,3.3333333333333335,1.8764665626020043,72
MANHATTAN,East Harlem,Fall,1,night,10.272727272727273,6.526537656361473,77
MANHATTAN,East Harlem,Fall,1,overnight,3.1714285714285713,1.8879590127845598,70
MANHATTAN,East Harlem,Fall,2,afternoon,4.973333333333334,2.931530977812425,75
MANHATTAN,East Harlem,Fall,2,evening,8.115384615384615,4.589600806653619,78
MANHATTAN,East Harlem,Fall,2,morning,3.971830985915493,2.4081518164405993,71
MANHATTAN,East Harlem,Fall,2,night,11.461538461538462,7.3972481855944725,78
MANHATTAN,East Harlem,Fall,2,overnight,2.7611940298507465,1.6522670581594758,67
MANHATTAN,East Harlem,Fall,3,afternoon,5.605263157894737,3.0857908651037733,76
MANHATTAN,East Harlem,Fall,3,evening,7.948717948717949,3.9801371636530116,78
MANHATTAN,East Harlem,Fall,3,morning,3.5616438356164384,2.333251792443464,73
MANHATTAN,East Harlem,Fall,3,night,10.91025641025641,5.252546438561405,78
MANHATTAN,East Harlem,Fall,3,overnight,3.0,1.9617555526835773,67
MANHATTAN,East Harlem,Fall,4,afternoon,5.552631578947368,2.9366408784737033,76
MANHATTAN,East Harlem,Fall,4,evening,11.615384615384615,6.659103268733436,78
MANHATTAN,East Harlem,Fall,4,morning,3.7681159420289854,1.7998768547437112,69
MANHATTAN,East Harlem,Fall,4,night,14.961538461538462,8.047654022430091,78
MANHATTAN,East Harlem,Fall,4,overnight,3.5,2.2075414914831653,72
MANHATTAN,East Harlem,Fall,5,afternoon,9.397435897435898,6.080284818153132,78
MANHATTAN,East Harlem,Fall,5,evening,10.153846153846153,5.786407994820058,78
MANHATTAN,East Harlem,Fall,5,morning,5.402597402597403,4.043382313503271,77
MANHATTAN,East Harlem,Fall,5,night,21.333333333333332,11.163096282605405,78
MANHATTAN,East Harlem,Fall,5,overnight,6.294871794871795,4.093418773601995,78
MANHATTAN,East Harlem,Fall,6,afternoon,7.337662337662338,4.293846238055443,77
MANHATTAN,East Harlem,Fall,6,evening,9.756410256410257,7.113524520392906,78
MANHATTAN,East Harlem,Fall,6,morning,4.826666666666667,3.8777721847882085,75
MANHATTAN,East Harlem,Fall,6,night,17.243589743589745,8.707640916058166,78
MANHATTAN,East Harlem,Fall,6,overnight,7.0,4.60378161893081,78
MANHATTAN,East Harlem,Spring,0,afternoon,5.222222222222222,3.056684617185558,90
MANHATTAN,East Harlem,Spring,0,evening,8.822222222222223,7.4390070887798165,90
MANHATTAN,East Harlem,Spring,0,morning,3.3452380952380953,1.7389516826743192,84
MANHATTAN,East Harlem,Spring,0,night,11.065934065934066,7.702528008968076,91
MANHATTAN,East Harlem,Spring,0,overnight,2.9125,2.0939560403060464,80
MANHATTAN,East Harlem,Spring,1,afternoon,5.359550561797753,4.892589923480842,89
MANHATTAN,East Harlem,Spring,1,evening,9.45054945054945,7.082472475161226,91
MANHATTAN,East Harlem,Spring,1,morning,3.111111111111111,1.8371173070873839,81
MANHATTAN,East Harlem,Spring,1,night,11.065934065934066,6.829352007331942,91
MANHATTAN,East Harlem,Spring,1,overnight,3.0833333333333335,2.1213203435596424,72
MANHATTAN,East Harlem,Spring,2,afternoon,5.134831460674158,3.0644256885780674,89
MANHATTAN,East Harlem,Spring,2,evening,9.433333333333334,10.346849925015176,90
MANHATTAN,East Harlem,Spring,2,morning,3.367816091954023,2.0180288709342302,87
MANHATTAN,East Harlem,Spring,2,night,10.67032967032967,7.208104921321313,91
MANHATTAN,East Harlem,Spring,2,overnight,2.814814814814815,2.104228546944884,81
MANHATTAN,East Harlem,Spring,3,afternoon,6.0,4.8782940469992955,90
MANHATTAN,East Harlem,Spring,3,evening,8.295454545454545,5.803603896013079,88
MANHATTAN,East Harlem,Spring,3,morning,3.375,2.082932450881859,80
MANHATTAN,East Harlem,Spring,3,night,10.666666666666666,6.818678905951792,90
MANHATTAN,East Harlem,Spring,3,overnight,2.779220779220779,2.1065273033033645,77
MANHATTAN,East Harlem,Spring,4,afternoon,6.965909090909091,5.88285813645965,88
MANHATTAN,East Harlem,Spring,4,evening,10.555555555555555,6.85501720813633,90
MANHATTAN,East Harlem,Spring,4,morning,3.7790697674418605,2.6894178805555127,86
MANHATTAN,East Harlem,Spring,4,night,14.032967032967033,8.156048266233059,91
MANHATTAN,East Harlem,Spring,4,overnight,3.3164556962025316,2.6338248671284727,79
MANHATTAN,East Harlem,Spring,5,afternoon,7.377777777777778,3.6553109822597465,90
MANHATTAN,East Harlem,Spring,5,evening,9.5,5.417926963726039,90
MANHATTAN,East Harlem,Spring,5,morning,4.77906976744186,3.4210461516246498,86
MANHATTAN,East Harlem,Spring,5,night,15.588888888888889,9.115851664027298,90
MANHATTAN,East Harlem,Spring,5,overnight,5.160919540229885,3.2631614119481887,87
MANHATTAN,East Harlem,Spring,6,afternoon,7.2444444444444445,3.799204858001037,90
MANHATTAN,East Harlem,Spring,6,evening,9.3,6.225085171566605,90
MANHATTAN,East Harlem,Spring,6,morning,3.781609195402299,2.4420030253315446,87
MANHATTAN,East Harlem,Spring,6,night,15.505494505494505,9.801783994506788,91
MANHATTAN,East Harlem,Spring,6,overnight,5.793103448275862,3.061911285738396,87
MANHATTAN,East Harlem,Summer,0,afternoon,4.7105263157894735,2.9521327407991405,76
MANHATTAN,East Harlem,Summer,0,evening,8.455696202531646,5.6609265082815625,79
MANHATTAN,East Harlem,Summer,0,morning,2.810810810810811,1.6607942948314036,74
MANHATTAN,East Harlem,Summer,0,night,14.987341772151899,11.689896657749966,79
MANHATTAN,East Harlem,Summer,0,overnight,3.5652173913043477,3.0987581045124077,69
MANHATTAN,East Harlem,Summer,1,afternoon,4.0394736842105265,2.4843015891724805,76
MANHATTAN,East Harlem,Summer,1,evening,8.873417721518987,6.710816161544056,79
MANHATTAN,East Harlem,Summer,1,morning,2.8260869565217392,2.3197142429182853,69
MANHATTAN,East Harlem,Summer,1,night,14.49367088607595,10.977685312185457,79
MANHATTAN,East Harlem,Summer,1,overnight,3.3181818181818183,2.3347481558080205,66
MANHATTAN,East Harlem,Summer,2,afternoon,4.1066666666666665,2.648678065657564,75
MANHATTAN,East Harlem,Summer,2,evening,8.448717948717949,5.128599302200436,78
MANHATTAN,East Harlem,Summer,2,morning,2.8840579710144927,1.6674763591591473,69
MANHATTAN,East Harlem,Summer,2,night,14.316455696202532,10.194951369707672,79
MANHATTAN,East Harlem,Summer,2,overnight,3.0434782608695654,2.354187649379516,69
MANHATTAN,East Harlem,Summer,3,afternoon,5.064102564102564,3.439041483757696,78
MANHATTAN,East Harlem,Summer,3,evening,9.30379746835443,5.400271670231157,79
MANHATTAN,East Harlem,Summer,3,morning,2.8732394366197185,1.7882919022255266,71
MANHATTAN,East Harlem,Summer,3,night,14.582278481012658,8.935104486119025,79
MANHATTAN,East Harlem,Summer,3,overnight,3.536231884057971,2.152834725937816,69
MANHATTAN,East Harlem,Summer,4,afternoon,5.418918918918919,3.396237873289493,74
MANHATTAN,East Harlem,Summer,4,evening,12.0,7.047151031611119,78
MANHATTAN,East Harlem,Summer,4,morning,3.1142857142857143,2.416986128667223,70
MANHATTAN,East Harlem,Summer,4,night,19.884615384615383,11.63512457501525,78
MANHATTAN,East Harlem,Summer,4,overnight,4.338028169014085,3.504868703356318,71
MANHATTAN,East Harlem,Summer,5,afternoon,9.30379746835443,5.285088918980642,79
MANHATTAN,East Harlem,Summer,5,evening,16.21518987341772,12.509146280566634,79
MANHATTAN,East Harlem,Summer,5,morning,4.472972972972973,3.2905967022401543,74
MANHATTAN,East Harlem,Summer,5,night,32.265822784810126,17.975559518954455,79
MANHATTAN,East Harlem,Summer,5,overnight,7.636363636363637,4.776337208487966,77
MANHATTAN,East Harlem,Summer,6,afternoon,7.810126582278481,4.408837131893892,79
MANHATTAN,East Harlem,Summer,6,evening,12.512820512820513,8.895852805448007,78
MANHATTAN,East Harlem,Summer,6,morning,3.6944444444444446,2.3714195480611284,72
MANHATTAN,East Harlem,Summer,6,night,26.037974683544302,16.763393449658956,79
MANHATTAN,East Harlem,Summer,6,overnight,7.810126582278481,4.57438786535924,79
MANHATTAN,East Harlem,Winter,0,afternoon,4.654320987654321,3.0379289566543544,81
MANHATTAN,East Harlem,Winter,0,evening,5.182926829268292,3.035298707128101,82
MANHATTAN,East Harlem,Winter,0,morning,3.1666666666666665,2.1039027844477336,78
MANHATTAN,East Harlem,Winter,0,night,7.023809523809524,3.699482837436405,84
MANHATTAN,East Harlem,Winter,0,overnight,3.442857142857143,3.500044365291133,70
MANHATTAN,East Harlem,Winter,1,afternoon,3.927710843373494,2.2781203876737166,83
MANHATTAN,East Harlem,Winter,1,evening,5.271604938271605,3.0373193184081435,81
MANHATTAN,East Harlem,Winter,1,morning,3.012987012987013,2.0098016823708496,77
MANHATTAN,East Harlem,Winter,1,night,6.833333333333333,3.926534182040305,84
MANHATTAN,East Harlem,Winter,1,overnight,3.2,3.3990621042290177,70
MANHATTAN,East Harlem,Winter,2,afternoon,4.416666666666667,2.711902961147897,84
MANHATTAN,East Harlem,Winter,2,evening,4.773809523809524,2.676768373830116,84
MANHATTAN,East Harlem,Winter,2,morning,3.3421052631578947,2.3807709204034304,76
MANHATTAN,East Harlem,Winter,2,night,7.894117647058824,5.748754584404233,85
MANHATTAN,East Harlem,Winter,2,overnight,3.1,2.964280101768241,70
MANHATTAN,East Harlem,Winter,3,afternoon,4.247058823529412,2.3599126414064626,85
MANHATTAN,East Harlem,Winter,3,evening,5.872093023255814,3.4803533006186638,86
MANHATTAN,East Harlem,Winter,3,morning,3.24,1.82948818717887,75
MANHATTAN,East Harlem,Winter,3,night,7.931034482758621,5.656428948752516,87
MANHATTAN,East Harlem,Winter,3,overnight,3.012987012987013,3.2867097068645323,77
MANHATTAN,East Harlem,Winter,4,afternoon,5.305882352941176,4.869789106149808,85
MANHATTAN,East Harlem,Winter,4,evening,7.068965517241379,4.387596426948797,87
MANHATTAN,East Harlem,Winter,4,morning,3.3048780487804876,2.1412412714299984,82
MANHATTAN,East Harlem,Winter,4,night,9.30232558139535,5.488104285241928,86
MANHATTAN,East Harlem,Winter,4,overnight,3.26027397260274,2.784018863981997,73
MANHATTAN,East Harlem,Winter,5,afternoon,6.1647058823529415,2.7335963527206872,85
MANHATTAN,East Harlem,Winter,5,evening,6.9879518072289155,3.5630008450798014,83
MANHATTAN,East Harlem,Winter,5,morning,3.7468354430379747,2.6721179270690096,79
MANHATTAN,East Harlem,Winter,5,night,11.776470588235295,5.854132587099386,85
MANHATTAN,East Harlem,Winter,5,overnight,4.654320987654321,4.18975086916621,81
MANHATTAN,East Harlem,Winter,6,afternoon,6.392857142857143,3.617287331965289,84
MANHATTAN,East Harlem,Winter,6,evening,5.475609756097561,3.1080366147965486,82
MANHATTAN,East Harlem,Winter,6,morning,3.7948717948717947,2.164404926220758,78
MANHATTAN,East Harlem,Winter,6,night,9.821428571428571,4.4860176728476615,84
MANHATTAN,East Harlem,Winter,6,overnight,5.2682926829268295,3.212816849870219,82
MANHATTAN,Gramercy Park and Murray Hill,Fall,0,afternoon,5.6103896103896105,3.787638634446771,77
MANHATTAN,Gramercy Park and Murray Hill,Fall,0,evening,7.846153846153846,6.034698204349776,78
MANHATTAN,Gramercy Park and Murray Hill,Fall,0,morning,5.7272727272727275,4.7645521235263075,77
MANHATTAN,Gramercy Park and Murray Hill,Fall,0,night,6.948717948717949,4.099089021054654,78
MANHATTAN,Gramercy Park and Murray Hill,Fall,0,overnight,3.127659574468085,4.27132512417092,47
MANHATTAN,Gramercy Park and Murray Hill,Fall,1,afternoon,7.974025974025974,7.167128959746173,77
MANHATTAN,Gramercy Park and Murray Hill,Fall,1,evening,8.0,6.900842095108512,75
MANHATTAN,Gramercy Park and Murray Hill,Fall,1,morning,6.746666666666667,4.568083557399907,75
MANHATTAN,Gramercy Park and Murray Hill,Fall,1,night,7.794871794871795,5.420880683611049,78
MANHATTAN,Gramercy Park and Murray Hill,Fall,1,overnight,2.8153846153846156,2.370998653602447,65
MANHATTAN,Gramercy Park and Murray Hill,Fall,2,afternoon,9.842105263157896,13.379638890571945,76
MANHATTAN,Gramercy Park and Murray Hill,Fall,2,evening,7.631578947368421,8.00473544058042,76
MANHATTAN,Gramercy Park and Murray Hill,Fall,2,morning,7.219178082191781,5.550892258963784,73
MANHATTAN,Gramercy Park and Murray Hill,Fall,2,night,9.03896103896104,7.266436103290175,77
MANHATTAN,Gramercy Park and Murray Hill,Fall,2,overnight,2.6774193548387095,2.193688364588444,62
MANHATTAN,Gramercy Park and Murray Hill,Fall,3,afternoon,8.14102564102564,7.603355990023243,78
MANHATTAN,Gramercy Park and Murray Hill,Fall,3,evening,8.0,8.486831905338628,77
MANHATTAN,Gramercy Park and Murray Hill,Fall,3,morning,7.47945205479452,8.956855830158966,73
MANHATTAN,Gramercy Park and Murray Hill,Fall,3,night,9.74025974025974,5.341994988575252,77
MANHATTAN,Gramercy Park and Murray Hill,Fall,3,overnight,2.5757575757575757,2.015788496693853,66
MANHATTAN,Gramercy Park and Murray Hill,Fall,4,afternoon,7.833333333333333,9.262992513385202,78
MANHATTAN,Gramercy Park and Murray Hill,Fall,4,evening,8.461538461538462,8.730737324291358,78
MANHATTAN,Gramercy Park and Murray Hill,Fall,4,morning,5.824324324324325,4.301506929667273,74
MANHATTAN,Gramercy Park and Murray Hill,Fall,4,night,13.311688311688311,7.8744419021282495,77
MANHATTAN,Gramercy Park and Murray Hill,Fall,4,overnight,2.56140350877193,1.6692336122096052,57
MANHATTAN,Gramercy Park and Murray Hill,Fall,5,afternoon,10.14102564102564,7.501903410372248,78
MANHATTAN,Gramercy Park and Murray Hill,Fall,5,evening,11.636363636363637,9.03634341934527,77
MANHATTAN,Gramercy Park and Murray Hill,Fall,5,morning,6.868421052631579,3.8896173085558874,76
MANHATTAN,Gramercy Park and Murray Hill,Fall,5,night,20.73076923076923,12.915985340758066,78
MANHATTAN,Gramercy Park and Murray Hill,Fall,5,overnight,4.142857142857143,3.1590023846544635,70
MANHATTAN,Gramercy Park and Murray Hill,Fall,6,afternoon,13.571428571428571,19.811897390090852,77
MANHATTAN,Gramercy Park and Murray Hill,Fall,6,evening,8.097222222222221,9.449882214367262,72
MANHATTAN,Gramercy Park and Murray Hill,Fall,6,morning,7.276315789473684,9.704430169375257,76
MANHATTAN,Gramercy Park and Murray Hill,Fall,6,night,13.384615384615385,7.569986479822489,78
MANHATTAN,Gramercy Park and Murray Hill,Fall,6,overnight,4.25,3.081666215972565,76
MANHATTAN,Gramercy Park and Murray Hill,Spring,0,afternoon,6.436781609195402,5.3411547166848505,87
MANHATTAN,Gramercy Park and Murray Hill,Spring,0,evening,6.5,5.163071118122092,90
MANHATTAN,Gramercy Park and Murray Hill,Spring,0,morning,5.382022471910112,5.037373093320312,89
MANHATTAN,Gramercy Park and Murray Hill,Spring,0,night,6.786516853932584,4.336609248627423,89
MANHATTAN,Gramercy Park and Murray Hill,Spring,0,overnight,2.2142857142857144,1.453559919275224,70
MANHATTAN,Gramercy Park and Murray Hill,Spring,1,afternoon,8.166666666666666,7.8271351683627,90
MANHATTAN,Gramercy Park and Murray Hill,Spring,1,evening,7.465909090909091,8.512261424930111,88
MANHATTAN,Gramercy Park and Murray Hill,Spring,1,morning,6.568181818181818,3.912242660320144,88
MANHATTAN,Gramercy Park and Murray Hill,Spring,1,night,8.852272727272727,6.9307573232793365,88
MANHATTAN,Gramercy Park and Murray Hill,Spring,1,overnight,2.5428571428571427,1.9611126262709275,70
MANHATTAN,Gramercy Park and Murray Hill,Spring,2,afternoon,6.306818181818182,4.286728931490702,88
MANHATTAN,Gramercy Park and Murray Hill,Spring,2,evening,6.862068965517241,4.858874436110294,87
MANHATTAN,Gramercy Park and Murray Hill,Spring,2,morning,6.420454545454546,5.229715253251753,88
MANHATTAN,Gramercy Park and Murray Hill,Spring,2,night,9.241758241758241,5.52638250041594,91
MANHATTAN,Gramercy Park and Murray Hill,Spring,2,overnight,2.356164383561644,1.7108303946532533,73
MANHATTAN,Gramercy Park and Murray Hill,Spring,3,afternoon,7.511111111111111,6.964185175313399,90
MANHATTAN,Gramercy Park and Murray Hill,Spring,3,evening,6.269662921348314,4.013511398853027,89
MANHATTAN,Gramercy Park and Murray Hill,Spring,3,morning,6.976744186046512,6.5241212961386985,86
MANHATTAN,Gramercy Park and Murray Hill,Spring,3,night,9.344444444444445,6.188356430092537,90
MANHATTAN,Gramercy Park and Murray Hill,Spring,3,overnight,2.9027777777777777,2.450407969609833,72
MANHATTAN,Gramercy Park and Murray Hill,Spring,4,afternoon,6.597701149425287,5.873590419945685,87
MANHATTAN,Gramercy Park and Murray Hill,Spring,4,evening,6.670454545454546,5.245077804029598,88
MANHATTAN,Gramercy Park and Murray Hill,Spring,4,morning,5.586206896551724,4.2414119087813065,87
MANHATTAN,Gramercy Park and Murray Hill,Spring,4,night,12.076923076923077,7.82763022068588,91
MANHATTAN,Gramercy Park and Murray Hill,Spring,4,overnight,2.25,1.4433756729740645,76
MANHATTAN,Gramercy Park and Murray Hill,Spring,5,afternoon,9.292134831460674,8.373663050941612,89
MANHATTAN,Gramercy Park and Murray Hill,Spring,5,evening,7.8522727272727275,5.476259678165009,88
MANHATTAN,Gramercy Park and Murray Hill,Spring,5,morning,6.517647058823529,4.327684316192234,85
MANHATTAN,Gramercy Park and Murray Hill,Spring,5,night,16.55056179775281,10.031780450098505,89
MANHATTAN,Gramercy Park and Murray Hill,Spring,5,overnight,3.8974358974358974,2.961176247467342,78
MANHATTAN,Gramercy Park and Murray Hill,Spring,6,afternoon,6.909090909090909,5.7528331124087675,88
MANHATTAN,Gramercy Park and Murray Hill,Spring,6,evening,6.586206896551724,4.27418351821652,87
MANHATTAN,Gramercy Park and Murray Hill,Spring,6,morning,5.105882352941176,4.677767908419787,85
MANHATTAN,Gramercy Park and Murray Hill,Spring,6,night,9.755555555555556,6.409808339281067,90
MANHATTAN,Gramercy Park and Murray Hill,Spring,6,overnight,3.4302325581395348,2.339133563444674,86
MANHATTAN,Gramercy Park and Murray Hill,Summer,0,afternoon,5.064102564102564,4.8304761497703135,78
MANHATTAN,Gramercy Park and Murray Hill,Summer,0,evening,3.842857142857143,2.956867291948459,70
MANHATTAN,Gramercy Park and Murray Hill,Summer,0,morning,3.5342465753424657,2.774297667783195,73
MANHATTAN,Gramercy Park and Murray Hill,Summer,0,night,5.375,2.9236168030827168,72
MANHATTAN,Gramercy Park and Murray Hill,Summer,0,overnight,2.395348837209302,1.6203987587381212,43
MANHATTAN,Gramercy Park and Murray Hill,Summer,1,afternoon,5.51948051948052,4.303029500768492,77
MANHATTAN,Gramercy Park and Murray Hill,Summer,1,evening,5.402597402597403,11.405515448168673,77
MANHATTAN,Gramercy Park and Murray Hill,Summer,1,morning,4.907894736842105,4.271385822201649,76
MANHATTAN,Gramercy Park and Murray Hill,Summer,1,night,5.906666666666666,3.541923944020428,75
MANHATTAN,Gramercy Park and Murray Hill,Summer,1,overnight,2.272727272727273,1.626795821996309,55
MANHATTAN,Gramercy Park and Murray Hill,Summer,2,afternoon,5.08,3.498107596509398,75
MANHATTAN,Gramercy Park and Murray Hill,Summer,2,evening,4.527777777777778,3.5483470550611576,72
MANHATTAN,Gramercy Park and Murray Hill,Summer,2,morning,4.394736842105263,3.5668060310532574,76
MANHATTAN,Gramercy Park and Murray Hill,Summer,2,night,6.358974358974359,4.668141149487855,78
MANHATTAN,Gramercy Park and Murray Hill,Summer,2,overnight,2.086206896551724,1.657354505361732,58
MANHATTAN,Gramercy Park and Murray Hill,Summer,3,afternoon,5.558441558441558,5.324949978745801,77
MANHATTAN,Gramercy Park and Murray Hill,Summer,3,evening,5.613333333333333,5.5407418113299425,75
MANHATTAN,Gramercy Park and Murray Hill,Summer,3,morning,4.2465753424657535,2.9144316289697243,73
MANHATTAN,Gramercy Park and Murray Hill,Summer,3,night,6.666666666666667,3.6491118530427804,78
MANHATTAN,Gramercy Park and Murray Hill,Summer,3,overnight,2.2653061224489797,2.413292272360879,49
MANHATTAN,Gramercy Park and Murray Hill,Summer,4,afternoon,5.36,7.0282057223501715,75
MANHATTAN,Gramercy Park and Murray Hill,Summer,4,evening,5.507042253521127,5.05646188960683,71
MANHATTAN,Gramercy Park and Murray Hill,Summer,4,morning,4.138888888888889,2.7078683241102905,72
MANHATTAN,Gramercy Park and Murray Hill,Summer,4,night,8.881578947368421,4.860636735416894,76
MANHATTAN,Gramercy Park and Murray Hill,Summer,4,overnight,2.5892857142857144,1.9047957248079788,56
MANHATTAN,Gramercy Park and Murray Hill,Summer,5,afternoon,5.194805194805195,3.950479521323166,77
MANHATTAN,Gramercy Park and Murray Hill,Summer,5,evening,5.945945945945946,4.850905555601644,74
MANHATTAN,Gramercy Park and Murray Hill,Summer,5,morning,4.866666666666666,3.515730416337459,75
MANHATTAN,Gramercy Park and Murray Hill,Summer,5,night,11.126582278481013,7.09887511603178,79
MANHATTAN,Gramercy Park and Murray Hill,Summer,5,overnight,3.088235294117647,2.1972526544283544,68
MANHATTAN,Gramercy Park and Murray Hill,Summer,6,afternoon,5.415584415584416,4.2000960181713936,77
MANHATTAN,Gramercy Park and Murray Hill,Summer,6,evening,5.082191780821918,3.714660985943005,73
MANHATTAN,Gramercy Park and Murray Hill,Summer,6,morning,3.2465753424657535,2.618209852370552,73
MANHATTAN,Gramercy Park and Murray Hill,Summer,6,night,8.556962025316455,5.3797980026968935,79
MANHATTAN,Gramercy Park and Murray Hill,Summer,6,overnight,3.390625,1.9809985256759175,64
MANHATTAN,Gramercy Park and Murray Hill,Winter,0,afternoon,5.833333333333333,4.878853641113414,84
MANHATTAN,Gramercy Park and Murray Hill,Winter,0,evening,5.493670886075949,3.5332610698519376,79
MANHATTAN,Gramercy Park and Murray Hill,Winter,0,morning,5.493670886075949,4.771371403462797,79
MANHATTAN,Gramercy Park and Murray Hill,Winter,0,night,5.698795180722891,4.738876422763142,83
MANHATTAN,Gramercy Park and Murray Hill,Winter,0,overnight,2.3870967741935485,1.8848388956651905,62
MANHATTAN,Gramercy Park and Murray Hill,Winter,1,afternoon,8.892857142857142,11.780132199171124,84
MANHATTAN,Gramercy Park and Murray Hill,Winter,1,evening,4.939024390243903,3.461775612956377,82
MANHATTAN,Gramercy Park and Murray Hill,Winter,1,morning,5.860759493670886,4.459890125170643,79
MANHATTAN,Gramercy Park and Murray Hill,Winter,1,night,7.337349397590361,4.714474619446814,83
MANHATTAN,Gramercy Park and Murray Hill,Winter,1,overnight,2.5483870967741935,1.59586986768498,62
MANHATTAN,Gramercy Park and Murray Hill,Winter,2,afternoon,6.7073170731707314,5.7143695954612586,82
MANHATTAN,Gramercy Park and Murray Hill,Winter,2,evening,6.012195121951219,5.469317113667158,82
MANHATTAN,Gramercy Park and Murray Hill,Winter,2,morning,5.7073170731707314,4.93285234111169,82
MANHATTAN,Gramercy Park and Murray Hill,Winter,2,night,7.083333333333333,5.15122709286331,84
MANHATTAN,Gramercy Park and Murray Hill,Winter,2,overnight,2.914285714285714,3.068034621532716,70
MANHATTAN,Gramercy Park and Murray Hill,Winter,3,afternoon,7.619047619047619,6.330086434067497,84
MANHATTAN,Gramercy Park and Murray Hill,Winter,3,evening,5.464285714285714,5.1165840180504585,84
MANHATTAN,Gramercy Park and Murray Hill,Winter,3,morning,5.891566265060241,4.659142724958208,83
MANHATTAN,Gramercy Park and Murray Hill,Winter,3,night,7.253012048192771,4.584819525915816,83
MANHATTAN,Gramercy Park and Murray Hill,Winter,3,overnight,2.161764705882353,1.7839273638051376,68
MANHATTAN,Gramercy Park and Murray Hill,Winter,4,afternoon,6.035714285714286,4.146260991126878,84
MANHATTAN,Gramercy Park and Murray Hill,Winter,4,evening,5.367088607594937,3.5560609697041423,79
MANHATTAN,Gramercy Park and Murray Hill,Winter,4,morning,5.69620253164557,4.458798361694541,79
MANHATTAN,Gramercy Park and Murray Hill,Winter,4,night,9.372093023255815,6.449891037160619,86
MANHATTAN,Gramercy Park and Murray Hill,Winter,4,overnight,2.4857142857142858,2.269794456268233,70
MANHATTAN,Gramercy Park and Murray Hill,Winter,5,afternoon,9.78048780487805,8.165002687991668,82
MANHATTAN,Gramercy Park and Murray Hill,Winter,5,evening,6.654320987654321,4.960243174046915,81
MANHATTAN,Gramercy Park and Murray Hill,Winter,5,morning,7.073170731707317,5.069347457957795,82
MANHATTAN,Gramercy Park and Murray Hill,Winter,5,night,10.130952380952381,5.673399698794665,84
MANHATTAN,Gramercy Park and Murray Hill,Winter,5,overnight,3.2465753424657535,2.390843772010488,73
MANHATTAN,Gramercy Park and Murray Hill,Winter,6,afternoon,9.072289156626505,6.897831282596992,83
MANHATTAN,Gramercy Park and Murray Hill,Winter,6,evening,5.1875,3.089769767343495,80
MANHATTAN,Gramercy Park and Murray Hill,Winter,6,morning,5.1688311688311686,3.5592821474746152,77
MANHATTAN,Gramercy Park and Murray Hill,Winter,6,night,8.261904761904763,4.896812456260121,84
MANHATTAN,Gramercy Park and Murray Hill,Winter,6,overnight,3.628205128205128,2.543690816581876,78
MANHATTAN,Greenwich Village and Soho,Fall,0,afternoon,4.554054054054054,3.604190452647576,74
MANHATTAN,Greenwich Village and Soho,Fall,0,evening,4.890410958904109,3.6192450250002897,73
MANHATTAN,Greenwich Village and Soho,Fall,0,morning,3.3943661971830985,2.45809957510406,71
MANHATTAN,Greenwich Village and Soho,Fall,0,night,8.710526315789474,6.684939869036338,76
MANHATTAN,Greenwich Village and Soho,Fall,0,overnight,2.185185185185185,1.4284715947945448,54
MANHATTAN,Greenwich Village and Soho,Fall,1,afternoon,5.052631578947368,5.189463008422884,76
MANHATTAN,Greenwich Village and Soho,Fall,1,evening,5.213333333333333,3.7209898905755936,75
MANHATTAN,Greenwich Village and Soho,Fall,1,morning,4.042253521126761,3.5150152193058437,71
MANHATTAN,Greenwich Village and Soho,Fall,1,night,8.454545454545455,4.929891251457395,77
MANHATTAN,Greenwich Village and Soho,Fall,1,overnight,2.7222222222222223,2.6092481868593738,54
MANHATTAN,Greenwich Village and Soho,Fall,2,afternoon,5.054054054054054,5.347876013900456,74
MANHATTAN,Greenwich Village and Soho,Fall,2,evening,5.4605263157894735,3.3682469801512838,76
MANHATTAN,Greenwich Village and Soho,Fall,2,morning,3.183098591549296,1.7428208592060463,71
MANHATTAN,Greenwich Village and Soho,Fall,2,night,9.64935064935065,5.9687039802937605,77
MANHATTAN,Greenwich Village and Soho,Fall,2,overnight,2.5454545454545454,1.6422453217986945,55
MANHATTAN,Greenwich Village and Soho,Fall,3,afternoon,4.381578947368421,3.119688468477402,76
MANHATTAN,Greenwich Village and Soho,Fall,3,evening,7.733333333333333,7.630545539162007,75
MANHATTAN,Greenwich Village and Soho,Fall,3,morning,3.4328358208955225,2.432257216991351,67
MANHATTAN,Greenwich Village and Soho,Fall,3,night,12.168831168831169,6.4101124823914315,77
MANHATTAN,Greenwich Village and Soho,Fall,3,overnight,2.847457627118644,2.2269010423644624,59
MANHATTAN,Greenwich Village and Soho,Fall,4,afternoon,5.868421052631579,4.218505597209066,76
MANHATTAN,Greenwich Village and Soho,Fall,4,evening,8.487179487179487,5.179238247513704,78
MANHATTAN,Greenwich Village and Soho,Fall,4,morning,3.5,2.49506555278134,72
MANHATTAN,Greenwich Village and Soho,Fall,4,night,20.441558441558442,10.871853454646214,77
MANHATTAN,Greenwich Village and Soho,Fall,4,overnight,3.7142857142857144,3.167511056649346,70
MANHATTAN,Greenwich Village and Soho,Fall,5,afternoon,10.307692307692308,6.107920538668893,78
MANHATTAN,Greenwich Village and Soho,Fall,5,evening,13.846153846153847,9.23161834256471,78
MANHATTAN,Greenwich Village and Soho,Fall,5,morning,5.4743589743589745,3.313586196231129,78
MANHATTAN,Greenwich Village and Soho,Fall,5,night,31.871794871794872,14.652120961985284,78
MANHATTAN,Greenwich Village and Soho,Fall,5,overnight,6.5675675675675675,4.354437450356901,74
MANHATTAN,Greenwich Village and Soho,Fall,6,afternoon,6.769230769230769,4.202420690547253,78
MANHATTAN,Greenwich Village and Soho,Fall,6,evening,7.421052631578948,7.3887539010665595,76
MANHATTAN,Greenwich Village and Soho,Fall,6,morning,3.3194444444444446,2.0128208003532997,72
MANHATTAN,Greenwich Village and Soho,Fall,6,night,20.423076923076923,11.724676198856494,78
MANHATTAN,Greenwich Village and Soho,Fall,6,overnight,6.909090909090909,4.326119624419173,77
MANHATTAN,Greenwich Village and Soho,Spring,0,afternoon,4.820224719101123,3.2737308358035655,89
MANHATTAN,Greenwich Village and Soho,Spring,0,evening,5.4,5.176871642217914,80
MANHATTAN,Greenwich Village and Soho,Spring,0,morning,3.7976190476190474,2.767190571745233,84
MANHATTAN,Greenwich Village and Soho,Spring,0,night,6.9222222222222225,4.80689527629357,90
MANHATTAN,Greenwich Village and Soho,Spring,0,overnight,2.074074074074074,1.3988115151037546,54
MANHATTAN,Greenwich Village and Soho,Spring,1,afternoon,4.988505747126437,3.661535619119779,87
MANHATTAN,Greenwich Village and Soho,Spring,1,evening,7.046511627906977,6.59394905642186,86
MANHATTAN,Greenwich Village and Soho,Spring,1,morning,3.911392405063291,2.7465123498054558,79
MANHATTAN,Greenwich Village and Soho,Spring,1,night,8.696629213483146,5.977998476196661,89
MANHATTAN,Greenwich Village and Soho,Spring,1,overnight,2.4310344827586206,2.0868180173140565,58
MANHATTAN,Greenwich Village and Soho,Spring,2,afternoon,4.08235294117647,2.726465375789348,85
MANHATTAN,Greenwich Village and Soho,Spring,2,evening,5.919540229885057,6.01977051019852,87
MANHATTAN,Greenwich Village and Soho,Spring,2,morning,3.372093023255814,2.06395686017335,86
MANHATTAN,Greenwich Village and Soho,Spring,2,night,8.584269662921349,6.206318240976187,89
MANHATTAN,Greenwich Village and Soho,Spring,2,overnight,2.169230769230769,1.5669360106712915,65
MANHATTAN,Greenwich Village and Soho,Spring,3,afternoon,4.850574712643678,3.261932426375022,87
MANHATTAN,Greenwich Village and Soho,Spring,3,evening,6.448275862068965,5.931309555173655,87
MANHATTAN,Greenwich Village and Soho,Spring,3,morning,3.345679012345679,1.8918277790747797,81
MANHATTAN,Greenwich Village and Soho,Spring,3,night,11.10344827586207,8.083912365551807,87
MANHATTAN,Greenwich Village and Soho,Spring,3,overnight,2.0972222222222223,1.3754356259706808,72
MANHATTAN,Greenwich Village and Soho,Spring,4,afternoon,6.574712643678161,5.616901785885181,87
MANHATTAN,Greenwich Village and Soho,Spring,4,evening,6.372093023255814,4.474888133016241,86
MANHATTAN,Greenwich Village and Soho,Spring,4,morning,3.4235294117647057,2.0780970610050877,85
MANHATTAN,Greenwich Village and Soho,Spring,4,night,16.27777777777778,9.57058670289878,90
MANHATTAN,Greenwich Village and Soho,Spring,4,overnight,2.7435897435897436,1.8335679321943223,78
MANHATTAN,Greenwich Village and Soho,Spring,5,afternoon,8.651685393258427,7.217562424700136,89
MANHATTAN,Greenwich Village and Soho,Spring,5,evening,10.977777777777778,10.55321217170742,90
MANHATTAN,Greenwich Village and Soho,Spring,5,morning,4.75,2.9974889089096135,84
MANHATTAN,Greenwich Village and Soho,Spring,5,night,23.829545454545453,14.85347715853293,88
MANHATTAN,Greenwich Village and Soho,Spring,5,overnight,5.083333333333333,3.495981628985026,84
MANHATTAN,Greenwich Village and Soho,Spring,6,afternoon,5.942528735632184,4.735703876464407,87
MANHATTAN,Greenwich Village and Soho,Spring,6,evening,5.604651162790698,4.778084946841562,86
MANHATTAN,Greenwich Village and Soho,Spring,6,morning,3.253012048192771,2.574941976585084,83
MANHATTAN,Greenwich Village and Soho,Spring,6,night,14.626373626373626,11.329066208110056,91
MANHATTAN,Greenwich Village and Soho,Spring,6,overnight,6.471264367816092,6.00162590462488,87
MANHATTAN,Greenwich Village and Soho,Summer,0,afternoon,4.985714285714286,6.546362762972324,70
MANHATTAN,Greenwich Village and Soho,Summer,0,evening,3.6142857142857143,3.3375025686050237,70
MANHATTAN,Greenwich Village and Soho,Summer,0,morning,2.462686567164179,1.608013626967693,67
MANHATTAN,Greenwich Village and Soho,Summer,0,night,6.078947368421052,5.01933105209512,76
MANHATTAN,Greenwich Village and Soho,Summer,0,overnight,3.0434782608695654,8.350532974977321,46
MANHATTAN,Greenwich Village and Soho,Summer,1,afternoon,4.438356164383562,4.88474468049327,73
MANHATTAN,Greenwich Village and Soho,Summer,1,evening,5.123287671232877,4.955202668462747,73
MANHATTAN,Greenwich Village and Soho,Summer,1,morning,2.7746478873239435,1.8685149420144296,71
MANHATTAN,Greenwich Village and Soho,Summer,1,night,7.220779220779221,6.954028322572571,77
MANHATTAN,Greenwich Village and Soho,Summer,1,overnight,1.7872340425531914,1.1216480540155103,47
MANHATTAN,Greenwich Village and Soho,Summer,2,afternoon,4.857142857142857,7.092832345170138,77
MANHATTAN,Greenwich Village and Soho,Summer,2,evening,4.077922077922078,3.43268436376208,77
MANHATTAN,Greenwich Village and Soho,Summer,2,morning,3.1,2.072245858615894,70
MANHATTAN,Greenwich Village and Soho,Summer,2,night,7.0256410256410255,5.661385170722979,78
MANHATTAN,Greenwich Village and Soho,Summer,2,overnight,2.2264150943396226,1.3677818853609758,53
MANHATTAN,Greenwich Village and Soho,Summer,3,afternoon,4.1506849315068495,3.49074662849556,73
MANHATTAN,Greenwich Village and Soho,Summer,3,evening,6.657534246575342,6.719001203225801,73
MANHATTAN,Greenwich Village and Soho,Summer,3,morning,3.085714285714286,2.117852734974586,70
MANHATTAN,Greenwich Village and Soho,Summer,3,night,7.897435897435898,5.639816114690782,78
MANHATTAN,Greenwich Village and Soho,Summer,3,overnight,2.2127659574468086,1.8989261291670358,47
MANHATTAN,Greenwich Village and Soho,Summer,4,afternoon,5.493333333333333,3.9945007242502832,75
MANHATTAN,Greenwich Village and Soho,Summer,4,evening,6.8133333333333335,4.62862227278746,75
MANHATTAN,Greenwich Village and Soho,Summer,4,morning,2.8870967741935485,1.8913507941539562,62
MANHATTAN,Greenwich Village and Soho,Summer,4,night,12.73076923076923,6.972437530368065,78
MANHATTAN,Greenwich Village and Soho,Summer,4,overnight,2.2982456140350878,1.8024280477089565,57
MANHATTAN,Greenwich Village and Soho,Summer,5,afternoon,6.8354430379746836,5.7499841242742615,79
MANHATTAN,Greenwich Village and Soho,Summer,5,evening,8.454545454545455,5.082336425372672,77
MANHATTAN,Greenwich Village and Soho,Summer,5,morning,3.864864864864865,3.2152220329573455,74
MANHATTAN,Greenwich Village and Soho,Summer,5,night,17.60759493670886,8.085152142486466,79
MANHATTAN,Greenwich Village and Soho,Summer,5,overnight,4.27027027027027,3.6985643171567437,74
MANHATTAN,Greenwich Village and Soho,Summer,6,afternoon,5.9480519480519485,6.187627944229781,77
MANHATTAN,Greenwich Village and Soho,Summer,6,evening,5.878378378378378,4.0576418777774395,74
MANHATTAN,Greenwich Village and Soho,Summer,6,morning,2.484848484848485,1.675547435156405,66
MANHATTAN,Greenwich Village and Soho,Summer,6,night,12.050632911392405,7.629058372143289,79
MANHATTAN,Greenwich Village and Soho,Summer,6,overnight,4.222222222222222,3.976062962569396,72
MANHATTAN,Greenwich Village and Soho,Winter,0,afternoon,4.089743589743589,5.581011167135006,78
MANHATTAN,Greenwich Village and Soho,Winter,0,evening,3.8904109589041096,2.860466375317612,73
MANHATTAN,Greenwich Village and Soho,Winter,0,morning,3.189189189189189,1.810741736126392,74
MANHATTAN,Greenwich Village and Soho,Winter,0,night,5.240963855421687,3.6075475131525634,83
MANHATTAN,Greenwich Village and Soho,Winter,0,overnight,2.188679245283019,3.374432167466134,53
MANHATTAN,Greenwich Village and Soho,Winter,1,afternoon,3.8641975308641974,2.8668496926929787,81
MANHATTAN,Greenwich Village and Soho,Winter,1,evening,3.3333333333333335,2.621686372665449,72
MANHATTAN,Greenwich Village and Soho,Winter,1,morning,3.12,2.0265801309168667,75
MANHATTAN,Greenwich Village and Soho,Winter,1,night,5.3,2.757727921884108,80
MANHATTAN,Greenwich Village and Soho,Winter,1,overnight,2.021276595744681,1.8236294639623576,47
MANHATTAN,Greenwich Village and Soho,Winter,2,afternoon,4.207792207792208,3.1006691227678345,77
MANHATTAN,Greenwich Village and Soho,Winter,2,evening,3.3902439024390243,3.029713336726783,82
MANHATTAN,Greenwich Village and Soho,Winter,2,morning,3.776315789473684,3.5985133382570686,76
MANHATTAN,Greenwich Village and Soho,Winter,2,night,5.481927710843373,3.772045591708836,83
MANHATTAN,Greenwich Village and Soho,Winter,2,overnight,1.9761904761904763,2.005943549507195,42
MANHATTAN,Greenwich Village and Soho,Winter,3,afternoon,4.073170731707317,3.2232967089913576,82
MANHATTAN,Greenwich Village and Soho,Winter,3,evening,4.468354430379747,3.3544285425579656,79
MANHATTAN,Greenwich Village and Soho,Winter,3,morning,3.6233766233766236,2.645945065661602,77
MANHATTAN,Greenwich Village and Soho,Winter,3,night,7.790697674418604,4.099114047951359,86
MANHATTAN,Greenwich Village and Soho,Winter,3,overnight,2.8360655737704916,3.9250491626171695,61
MANHATTAN,Greenwich Village and Soho,Winter,4,afternoon,4.589743589743589,3.0427085397841283,78
MANHATTAN,Greenwich Village and Soho,Winter,4,evening,4.074074074074074,4.349648772538358,81
MANHATTAN,Greenwich Village and Soho,Winter,4,morning,3.4444444444444446,2.449489742783178,81
MANHATTAN,Greenwich Village and Soho,Winter,4,night,10.816091954022989,5.444281693137933,87
MANHATTAN,Greenwich Village and Soho,Winter,4,overnight,2.859375,2.1666094314784625,64
MANHATTAN,Greenwich Village and Soho,Winter,5,afternoon,5.036144578313253,2.764962766619728,83
MANHATTAN,Greenwich Village and Soho,Winter,5,evening,5.948717948717949,4.575194086855872,78
MANHATTAN,Greenwich Village and Soho,Winter,5,morning,4.4375,4.043572020323653,80
MANHATTAN,Greenwich Village and Soho,Winter,5,night,17.892857142857142,9.296997646141362,84
MANHATTAN,Greenwich Village and Soho,Winter,5,overnight,4.181818181818182,3.323470256441984,77
MANHATTAN,Greenwich Village and Soho,Winter,6,afternoon,4.461538461538462,3.7475266568706407,78
MANHATTAN,Greenwich Village and Soho,Winter,6,evening,3.3098591549295775,2.429529932757567,71
MANHATTAN,Greenwich Village and Soho,Winter,6,morning,3.380281690140845,3.369468788921646,71
MANHATTAN,Greenwich Village and Soho,Winter,6,night,12.380952380952381,6.919336903087464,84
MANHATTAN,Greenwich Village and Soho,Winter,6,overnight,4.65,2.397783786876455,80
MANHATTAN,Inwood and Washington Heights,Fall,0,afternoon,16.794871794871796,8.963648049035971,78
MANHATTAN,Inwood and Washington Heights,Fall,0,evening,27.53846153846154,18.602256745996062,78
MANHATTAN,Inwood and Washington Heights,Fall,0,morning,9.371794871794872,3.888407594339052,78
MANHATTAN,Inwood and Washington Heights,Fall,0,night,41.46153846153846,31.203018630068012,78
MANHATTAN,Inwood and Washington Heights,Fall,0,overnight,12.142857142857142,8.157518788329872,77
MANHATTAN,Inwood and Washington Heights,Fall,1,afternoon,17.44871794871795,7.788848898660647,78
MANHATTAN,Inwood and Washington Heights,Fall,1,evening,28.0,13.315355845740706,78
MANHATTAN,Inwood and Washington Heights,Fall,1,morning,9.61038961038961,4.072228938851174,77
MANHATTAN,Inwood and Washington Heights,Fall,1,night,30.666666666666668,15.657591550432434,78
MANHATTAN,Inwood and Washington Heights,Fall,1,overnight,7.7894736842105265,5.431551747517915,76
MANHATTAN,Inwood and Washington Heights,Fall,2,afternoon,17.384615384615383,9.18670802821143,78
MANHATTAN,Inwood and Washington Heights,Fall,2,evening,29.128205128205128,14.46299260796863,78
MANHATTAN,Inwood and Washington Heights,Fall,2,morning,9.384615384615385,3.9583243510773185,78
MANHATTAN,Inwood and Washington Heights,Fall,2,night,35.65384615384615,19.544705280343937,78
MANHATTAN,Inwood and Washington Heights,Fall,2,overnight,6.473684210526316,3.388111309507708,76
MANHATTAN,Inwood and Washington Heights,Fall,3,afternoon,18.064102564102566,9.024267058182398,78
MANHATTAN,Inwood and Washington Heights,Fall,3,evening,29.576923076923077,16.915004659100234,78
MANHATTAN,Inwood and Washington Heights,Fall,3,morning,8.961538461538462,4.160551623305475,78
MANHATTAN,Inwood and Washington Heights,Fall,3,night,41.17948717948718,21.976223036599787,78
MANHATTAN,Inwood and Washington Heights,Fall,3,overnight,7.597402597402597,5.580180482507854,77
MANHATTAN,Inwood and Washington Heights,Fall,4,afternoon,22.08974358974359,11.096022333327904,78
MANHATTAN,Inwood and Washington Heights,Fall,4,evening,45.64102564102564,24.33744075105315,78
MANHATTAN,Inwood and Washington Heights,Fall,4,morning,9.423076923076923,4.376796049205818,78
MANHATTAN,Inwood and Washington Heights,Fall,4,night,64.98717948717949,29.16522283662896,78
MANHATTAN,Inwood and Washington Heights,Fall,4,overnight,12.397435897435898,17.095104291655865,78
MANHATTAN,Inwood and Washington Heights,Fall,5,afternoon,30.487179487179485,13.670276400880008,78
MANHATTAN,Inwood and Washington Heights,Fall,5,evening,60.1025641025641,34.412920309806374,78
MANHATTAN,Inwood and Washington Heights,Fall,5,morning,14.179487179487179,6.0768746019977185,78
MANHATTAN,Inwood and Washington Heights,Fall,5,night,98.55128205128206,53.52791417323858,78
MANHATTAN,Inwood and Washington Heights,Fall,5,overnight,23.371794871794872,12.393032158727182,78
MANHATTAN,Inwood and Washington Heights,Fall,6,afternoon,37.65384615384615,19.431415802249713,78
MANHATTAN,Inwood and Washington Heights,Fall,6,evening,56.782051282051285,32.187215109680054,78
MANHATTAN,Inwood and Washington Heights,Fall,6,morning,15.26923076923077,8.47252714859718,78
MANHATTAN,Inwood and Washington Heights,Fall,6,night,95.2948717948718,57.4680281467379,78
MANHATTAN,Inwood and Washington Heights,Fall,6,overnight,38.782051282051285,23.628975958100785,78
MANHATTAN,Inwood and Washington Heights,Spring,0,afternoon,17.439560439560438,8.913421579230068,91
MANHATTAN,Inwood and Washington Heights,Spring,0,evening,29.76923076923077,27.05019076666227,91
MANHATTAN,Inwood and Washington Heights,Spring,0,morning,9.846153846153847,6.018348014240521,91
MANHATTAN,Inwood and Washington Heights,Spring,0,night,47.81318681318681,36.429509432727166,91
MANHATTAN,Inwood and Washington Heights,Spring,0,overnight,11.333333333333334,10.584066888966277,90
MANHATTAN,Inwood and Washington Heights,Spring,1,afternoon,20.142857142857142,9.42051122530151,91
MANHATTAN,Inwood and Washington Heights,Spring,1,evening,31.318681318681318,20.08696599006935,91
MANHATTAN,Inwood and Washington Heights,Spring,1,morning,9.175824175824175,3.990526021002485,91
MANHATTAN,Inwood and Washington Heights,Spring,1,night,35.02197802197802,22.859463404792937,91
MANHATTAN,Inwood and Washington Heights,Spring,1,overnight,7.235955056179775,6.90194714277018,89
MANHATTAN,Inwood and Washington Heights,Spring,2,afternoon,18.75824175824176,10.44492504025084,91
MANHATTAN,Inwood and Washington Heights,Spring,2,evening,29.24175824175824,23.0864754344475,91
MANHATTAN,Inwood and Washington Heights,Spring,2,morning,8.538461538461538,4.222447137509223,91
MANHATTAN,Inwood and Washington Heights,Spring,2,night,34.37362637362637,20.02700862538074,91
MANHATTAN,Inwood and Washington Heights,Spring,2,overnight,7.351648351648351,4.445656122987739,91
MANHATTAN,Inwood and Washington Heights,Spring,3,afternoon,18.255555555555556,9.311779553443856,90
MANHATTAN,Inwood and Washington Heights,Spring,3,evening,28.755555555555556,16.985989673654814,90
MANHATTAN,Inwood and Washington Heights,Spring,3,morning,8.277777777777779,3.765687121977106,90
MANHATTAN,Inwood and Washington Heights,Spring,3,night,37.111111111111114,22.340794773488046,90
MANHATTAN,Inwood and Washington Heights,Spring,3,overnight,7.044943820224719,4.94724467015261,89
MANHATTAN,Inwood and Washington Heights,Spring,4,afternoon,24.166666666666668,13.833073866074367,90
MANHATTAN,Inwood and Washington Heights,Spring,4,evening,38.96666666666667,26.63758011076276,90
MANHATTAN,Inwood and Washington Heights,Spring,4,morning,9.333333333333334,4.213408239034528,90
MANHATTAN,Inwood and Washington Heights,Spring,4,night,53.0,29.040202019499326,91
MANHATTAN,Inwood and Washington Heights,Spring,4,overnight,7.888888888888889,4.480781544099485,90
MANHATTAN,Inwood and Washington Heights,Spring,5,afternoon,33.41111111111111,16.514817619300295,90
MANHATTAN,Inwood and Washington Heights,Spring,5,evening,53.25555555555555,37.63352590656103,90
MANHATTAN,Inwood and Washington Heights,Spring,5,morning,12.077777777777778,5.6493566856146,90
MANHATTAN,Inwood and Washington Heights,Spring,5,night,84.0,49.02051851985102,90
MANHATTAN,Inwood and Washington Heights,Spring,5,overnight,19.833333333333332,15.894490600855198,90
MANHATTAN,Inwood and Washington Heights,Spring,6,afternoon,35.362637362637365,16.29077208695939,91
MANHATTAN,Inwood and Washington Heights,Spring,6,evening,57.89010989010989,39.48598923090753,91
MANHATTAN,Inwood and Washington Heights,Spring,6,morning,12.406593406593407,6.025829628409909,91
MANHATTAN,Inwood and Washington Heights,Spring,6,night,88.61538461538461,64.60353778251695,91
MANHATTAN,Inwood and Washington Heights,Spring,6,overnight,32.175824175824175,21.075838407782616,91
MANHATTAN,Inwood and Washington Heights,Summer,0,afternoon,16.253164556962027,8.115304241623495,79
MANHATTAN,Inwood and Washington Heights,Summer,0,evening,31.443037974683545,21.819625860762777,79
MANHATTAN,Inwood and Washington Heights,Summer,0,morning,7.3924050632911396,4.424343270168097,79
MANHATTAN,Inwood and Washington Heights,Summer,0,night,77.92405063291139,59.232001951452645,79
MANHATTAN,Inwood and Washington Heights,Summer,0,overnight,19.88607594936709,21.56087823586623,79
MANHATTAN,Inwood and Washington Heights,Summer,1,afternoon,14.822784810126583,6.92220413554276,79
MANHATTAN,Inwood and Washington Heights,Summer,1,evening,33.64556962025316,20.499554701032018,79
MANHATTAN,Inwood and Washington Heights,Summer,1,morning,7.076923076923077,3.360462362935686,78
MANHATTAN,Inwood and Washington Heights,Summer,1,night,53.734177215189874,42.25797113722876,79
MANHATTAN,Inwood and Washington Heights,Summer,1,overnight,9.76923076923077,16.964380619115154,78
MANHATTAN,Inwood and Washington Heights,Summer,2,afternoon,16.139240506329113,5.792865145613291,79
MANHATTAN,Inwood and Washington Heights,Summer,2,evening,35.20253164556962,18.2752317652254,79
MANHATTAN,Inwood and Washington Heights,Summer,2,morning,7.708860759493671,4.391576723841809,79
MANHATTAN,Inwood and Washington Heights,Summer,2,night,54.30379746835443,39.46675148240402,79
MANHATTAN,Inwood and Washington Heights,Summer,2,overnight,11.41025641025641,13.63383481935482,78
MANHATTAN,Inwood and Washington Heights,Summer,3,afternoon,16.734177215189874,7.64384931347855,79
MANHATTAN,Inwood and Washington Heights,Summer,3,evening,37.037974683544306,21.487290839944812,79
MANHATTAN,Inwood and Washington Heights,Summer,3,morning,7.556962025316456,3.9572939324455296,79
MANHATTAN,Inwood and Washington Heights,Summer,3,night,58.34177215189873,38.534329042659266,79
MANHATTAN,Inwood and Washington Heights,Summer,3,overnight,9.481012658227849,7.216186860630066,79
MANHATTAN,Inwood and Washington Heights,Summer,4,afternoon,18.94871794871795,7.486606978417127,78
MANHATTAN,Inwood and Washington Heights,Summer,4,evening,50.94871794871795,28.94414569068449,78
MANHATTAN,Inwood and Washington Heights,Summer,4,morning,7.756410256410256,3.2119335012600763,78
MANHATTAN,Inwood and Washington Heights,Summer,4,night,95.84615384615384,62.182194996842746,78
MANHATTAN,Inwood and Washington Heights,Summer,4,overnight,13.76923076923077,13.480070018819918,78
MANHATTAN,Inwood and Washington Heights,Summer,5,afternoon,30.860759493670887,14.431744014955711,79
MANHATTAN,Inwood and Washington Heights,Summer,5,evening,83.07594936708861,41.78816301295622,79
MANHATTAN,Inwood and Washington Heights,Summer,5,morning,13.151898734177216,8.937229260873227,79
MANHATTAN,Inwood and Washington Heights,Summer,5,night,165.44303797468353,93.42126080362848,79
MANHATTAN,Inwood and Washington Heights,Summer,5,overnight,37.59493670886076,29.165979033949196,79
MANHATTAN,Inwood and Washington Heights,Summer,6,afternoon,41.32911392405063,16.869576255820935,79
MANHATTAN,Inwood and Washington Heights,Summer,6,evening,96.84810126582279,44.64362837002495,79
MANHATTAN,Inwood and Washington Heights,Summer,6,morning,16.10126582278481,10.388103324709597,79
MANHATTAN,Inwood and Washington Heights,Summer,6,night,180.29113924050634,97.77409230265744,79
MANHATTAN,Inwood and Washington Heights,Summer,6,overnight,60.63291139240506,51.03974751142986,79
MANHATTAN,Inwood and Washington Heights,Winter,0,afternoon,14.666666666666666,7.028913322125963,84
MANHATTAN,Inwood and Washington Heights,Winter,0,evening,15.5,5.8319849273442985,84
MANHATTAN,Inwood and Washington Heights,Winter,0,morning,7.880952380952381,4.855514221908004,84
MANHATTAN,Inwood and Washington Heights,Winter,0,night,24.535714285714285,9.937693156199852,84
MANHATTAN,Inwood and Washington Heights,Winter,0,overnight,8.821428571428571,11.016046034024738,84
MANHATTAN,Inwood and Washington Heights,Winter,1,afternoon,13.595238095238095,6.798509843135181,84
MANHATTAN,Inwood and Washington Heights,Winter,1,evening,14.595238095238095,7.115432147201099,84
MANHATTAN,Inwood and Washington Heights,Winter,1,morning,7.190476190476191,3.8822307289960514,84
MANHATTAN,Inwood and Washington Heights,Winter,1,night,22.11904761904762,8.394497282399412,84
MANHATTAN,Inwood and Washington Heights,Winter,1,overnight,5.464285714285714,3.1677837206028374,84
MANHATTAN,Inwood and Washington Heights,Winter,2,afternoon,14.952941176470588,7.117894756900254,85
MANHATTAN,Inwood and Washington Heights,Winter,2,evening,17.258823529411764,10.126759625082528,85
MANHATTAN,Inwood and Washington Heights,Winter,2,morning,8.352941176470589,4.034688523863253,85
MANHATTAN,Inwood and Washington Heights,Winter,2,night,25.58823529411765,16.12473264277956,85
MANHATTAN,Inwood and Washington Heights,Winter,2,overnight,7.238095238095238,9.679961972965046,84
MANHATTAN,Inwood and Washington Heights,Winter,3,afternoon,14.781609195402298,9.508166975860522,87
MANHATTAN,Inwood and Washington Heights,Winter,3,evening,18.93103448275862,12.68288821872071,87
MANHATTAN,Inwood and Washington Heights,Winter,3,morning,8.850574712643677,4.701629444491197,87
MANHATTAN,Inwood and Washington Heights,Winter,3,night,24.862068965517242,11.263413103467993,87
MANHATTAN,Inwood and Washington Heights,Winter,3,overnight,6.883720930232558,6.369815963083767,86
MANHATTAN,Inwood and Washington Heights,Winter,4,afternoon,16.724137931034484,7.609189143569391,87
MANHATTAN,Inwood and Washington Heights,Winter,4,evening,21.804597701149426,9.81910700299542,87
MANHATTAN,Inwood and Washington Heights,Winter,4,morning,8.068965517241379,3.6369969194130976,87
MANHATTAN,Inwood and Washington Heights,Winter,4,night,33.71264367816092,13.41892801144002,87
MANHATTAN,Inwood and Washington Heights,Winter,4,overnight,8.068965517241379,9.087165883878354,87
MANHATTAN,Inwood and Washington Heights,Winter,5,afternoon,22.941176470588236,10.227592163191813,85
MANHATTAN,Inwood and Washington Heights,Winter,5,evening,26.388235294117646,10.833253608842607,85
MANHATTAN,Inwood and Washington Heights,Winter,5,morning,10.6,4.990944180165092,85
MANHATTAN,Inwood and Washington Heights,Winter,5,night,51.50588235294118,18.055221860020602,85
MANHATTAN,Inwood and Washington Heights,Winter,5,overnight,14.988235294117647,11.726541037572945,85
MANHATTAN,Inwood and Washington Heights,Winter,6,afternoon,21.63095238095238,8.933192149148518,84
MANHATTAN,Inwood and Washington Heights,Winter,6,evening,21.845238095238095,10.135817496786819,84
MANHATTAN,Inwood and Washington Heights,Winter,6,morning,10.734939759036145,5.072845781767377,83
MANHATTAN,Inwood and Washington Heights,Winter,6,night,44.714285714285715,14.463557385883087,84
MANHATTAN,Inwood and Washington Heights,Winter,6,overnight,20.86904761904762,11.177408111637094,84
MANHATTAN,Lower East Side,Fall,0,afternoon,8.794871794871796,3.669314576848034,78
MANHATTAN,Lower East Side,Fall,0,evening,11.461538461538462,5.706438167844856,78
MANHATTAN,Lower East Side,Fall,0,morning,6.294871794871795,2.4553624027431327,78
MANHATTAN,Lower East Side,Fall,0,night,16.923076923076923,8.68012991519455,78
MANHATTAN,Lower East Side,Fall,0,overnight,4.701298701298701,4.591367572512501,77
MANHATTAN,Lower East Side,Fall,1,afternoon,7.675324675324675,3.6793933940884966,77
MANHATTAN,Lower East Side,Fall,1,evening,11.435897435897436,6.234778333867282,78
MANHATTAN,Lower East Side,Fall,1,morning,5.884615384615385,2.4387604325871055,78
MANHATTAN,Lower East Side,Fall,1,night,17.205128205128204,7.244091142224572,78
MANHATTAN,Lower East Side,Fall,1,overnight,3.6486486486486487,2.7219676224883464,74
MANHATTAN,Lower East Side,Fall,2,afternoon,9.512820512820513,5.023951954397379,78
MANHATTAN,Lower East Side,Fall,2,evening,13.73076923076923,6.8256070124869535,78
MANHATTAN,Lower East Side,Fall,2,morning,6.3076923076923075,3.101351579292747,78
MANHATTAN,Lower East Side,Fall,2,night,21.012820512820515,8.984103695645949,78
MANHATTAN,Lower East Side,Fall,2,overnight,4.54054054054054,3.269574096469838,74
MANHATTAN,Lower East Side,Fall,3,afternoon,8.12987012987013,3.997863407498696,77
MANHATTAN,Lower East Side,Fall,3,evening,15.846153846153847,8.391518481036815,78
MANHATTAN,Lower East Side,Fall,3,morning,6.1558441558441555,2.719640722522656,77
MANHATTAN,Lower East Side,Fall,3,night,26.243589743589745,10.780195764113968,78
MANHATTAN,Lower East Side,Fall,3,overnight,3.9594594594594597,2.17355960296676,74
MANHATTAN,Lower East Side,Fall,4,afternoon,10.166666666666666,4.635875536653457,78
MANHATTAN,Lower East Side,Fall,4,evening,18.705128205128204,8.365217060952842,78
MANHATTAN,Lower East Side,Fall,4,morning,6.181818181818182,3.186019099652304,77
MANHATTAN,Lower East Side,Fall,4,night,43.782051282051285,19.07514016622086,78
MANHATTAN,Lower East Side,Fall,4,overnight,5.753246753246753,3.5914952323650886,77
MANHATTAN,Lower East Side,Fall,5,afternoon,20.141025641025642,8.504734142258819,78
MANHATTAN,Lower East Side,Fall,5,evening,27.21794871794872,13.4547316409434,78
MANHATTAN,Lower East Side,Fall,5,morning,8.41025641025641,3.168169193287511,78
MANHATTAN,Lower East Side,Fall,5,night,64.85897435897436,28.869938690155895,78
MANHATTAN,Lower East Side,Fall,5,overnight,14.884615384615385,6.736180214047414,78
MANHATTAN,Lower East Side,Fall,6,afternoon,12.628205128205128,6.062679049403594,78
MANHATTAN,Lower East Side,Fall,6,evening,14.205128205128204,11.308379807888212,78
MANHATTAN,Lower East Side,Fall,6,morning,6.8441558441558445,4.495801945514033,77
MANHATTAN,Lower East Side,Fall,6,night,45.782051282051285,24.003055777268994,78
MANHATTAN,Lower East Side,Fall,6,overnight,16.602564102564102,9.6904555313426,78
MANHATTAN,Lower East Side,Spring,0,afternoon,9.43956043956044,4.412630334767061,91
MANHATTAN,Lower East Side,Spring,0,evening,11.846153846153847,7.364966737381443,91
MANHATTAN,Lower East Side,Spring,0,morning,6.164835164835165,2.914575388414185,91
MANHATTAN,Lower East Side,Spring,0,night,17.10989010989011,10.893882635528932,91
MANHATTAN,Lower East Side,Spring,0,overnight,4.244186046511628,2.6917566820884304,86
MANHATTAN,Lower East Side,Spring,1,afternoon,9.736263736263735,4.753560454684152,91
MANHATTAN,Lower East Side,Spring,1,evening,13.241758241758241,7.25617079815619,91
MANHATTAN,Lower East Side,Spring,1,morning,7.1208791208791204,3.7678026748141944,91
MANHATTAN,Lower East Side,Spring,1,night,19.36263736263736,9.140285047240635,91
MANHATTAN,Lower East Side,Spring,1,overnight,4.954545454545454,4.127031971582224,88
MANHATTAN,Lower East Side,Spring,2,afternoon,9.725274725274724,5.509720569776723,91
MANHATTAN,Lower East Side,Spring,2,evening,11.703296703296703,6.737118582062126,91
MANHATTAN,Lower East Side,Spring,2,morning,6.747252747252747,3.188846557729357,91
MANHATTAN,Lower East Side,Spring,2,night,20.52747252747253,10.316481591598585,91
MANHATTAN,Lower East Side,Spring,2,overnight,4.533333333333333,3.0212728919514116,90
MANHATTAN,Lower East Side,Spring,3,afternoon,9.477777777777778,5.842940189872044,90
MANHATTAN,Lower East Side,Spring,3,evening,13.722222222222221,8.089426831791998,90
MANHATTAN,Lower East Side,Spring,3,morning,6.311111111111111,3.056194462768555,90
MANHATTAN,Lower East Side,Spring,3,night,24.07777777777778,11.554684616175203,90
MANHATTAN,Lower East Side,Spring,3,overnight,3.895348837209302,2.0351561279460304,86
MANHATTAN,Lower East Side,Spring,4,afternoon,11.944444444444445,5.123993156481125,90
MANHATTAN,Lower East Side,Spring,4,evening,15.844444444444445,8.589137523392862,90
MANHATTAN,Lower East Side,Spring,4,morning,7.144444444444445,3.707148003129039,90
MANHATTAN,Lower East Side,Spring,4,night,36.75824175824176,16.654889611923217,91
MANHATTAN,Lower East Side,Spring,4,overnight,5.359550561797753,3.0273270200985882,89
MANHATTAN,Lower East Side,Spring,5,afternoon,19.41111111111111,9.95031978984092,90
MANHATTAN,Lower East Side,Spring,5,evening,22.433333333333334,15.348425238550398,90
MANHATTAN,Lower East Side,Spring,5,morning,8.155555555555555,4.466884672414788,90
MANHATTAN,Lower East Side,Spring,5,night,51.21111111111111,28.2407365519873,90
MANHATTAN,Lower East Side,Spring,5,overnight,11.022222222222222,6.558257129701145,90
MANHATTAN,Lower East Side,Spring,6,afternoon,13.835164835164836,5.920329826141891,91
MANHATTAN,Lower East Side,Spring,6,evening,13.868131868131869,8.6682162604525,91
MANHATTAN,Lower East Side,Spring,6,morning,6.3,3.5202464162982503,90
MANHATTAN,Lower East Side,Spring,6,night,35.24175824175824,19.817691680438056,91
MANHATTAN,Lower East Side,Spring,6,overnight,11.43956043956044,6.143124053604415,91
MANHATTAN,Lower East Side,Summer,0,afternoon,7.987341772151899,5.566598351076452,79
MANHATTAN,Lower East Side,Summer,0,evening,10.518987341772151,5.193340803853133,79
MANHATTAN,Lower East Side,Summer,0,morning,4.358974358974359,2.5018141935552003,78
MANHATTAN,Lower East Side,Summer,0,night,15.645569620253164,7.294251292282348,79
MANHATTAN,Lower East Side,Summer,0,overnight,4.013698630136986,2.9368026391380297,73
MANHATTAN,Lower East Side,Summer,1,afternoon,6.2025316455696204,3.505964686130762,79
MANHATTAN,Lower East Side,Summer,1,evening,10.844155844155845,5.525217154734463,77
MANHATTAN,Lower East Side,Summer,1,morning,4.285714285714286,2.2875932126947127,77
MANHATTAN,Lower East Side,Summer,1,night,16.88607594936709,8.485262248749601,79
MANHATTAN,Lower East Side,Summer,1,overnight,3.219178082191781,2.0017115963765844,73
MANHATTAN,Lower East Side,Summer,2,afternoon,7.564102564102564,4.1265366868967766,78
MANHATTAN,Lower East Side,Summer,2,evening,11.205128205128204,6.765763650583561,78
MANHATTAN,Lower East Side,Summer,2,morning,4.961038961038961,2.807141074406479,77
MANHATTAN,Lower East Side,Summer,2,night,18.17721518987342,9.156417804862455,79
MANHATTAN,Lower East Side,Summer,2,overnight,4.152777777777778,2.915039787722676,72
MANHATTAN,Lower East Side,Summer,3,afternoon,7.538461538461538,3.853459594851209,78
MANHATTAN,Lower East Side,Summer,3,evening,12.89873417721519,6.53117756828218,79
MANHATTAN,Lower East Side,Summer,3,morning,4.3076923076923075,2.2638187040651303,78
MANHATTAN,Lower East Side,Summer,3,night,21.860759493670887,10.15613263919908,79
MANHATTAN,Lower East Side,Summer,3,overnight,3.9452054794520546,2.499391097841544,73
MANHATTAN,Lower East Side,Summer,4,afternoon,9.217948717948717,4.4478141016740205,78
MANHATTAN,Lower East Side,Summer,4,evening,15.243589743589743,7.193405886302277,78
MANHATTAN,Lower East Side,Summer,4,morning,4.792207792207792,2.4620149126149666,77
MANHATTAN,Lower East Side,Summer,4,night,33.87179487179487,13.473744525624328,78
MANHATTAN,Lower East Side,Summer,4,overnight,5.594594594594595,3.475625178488072,74
MANHATTAN,Lower East Side,Summer,5,afternoon,15.329113924050633,7.927106237926155,79
MANHATTAN,Lower East Side,Summer,5,evening,23.189873417721518,10.371405400608515,79
MANHATTAN,Lower East Side,Summer,5,morning,6.423076923076923,3.466047679055572,78
MANHATTAN,Lower East Side,Summer,5,night,50.18987341772152,23.678441969148547,79
MANHATTAN,Lower East Side,Summer,5,overnight,12.645569620253164,11.55814506309633,79
MANHATTAN,Lower East Side,Summer,6,afternoon,12.620253164556962,6.637700786413757,79
MANHATTAN,Lower East Side,Summer,6,evening,14.39240506329114,7.151147875438199,79
MANHATTAN,Lower East Side,Summer,6,morning,4.306666666666667,2.2955499449041725,75
MANHATTAN,Lower East Side,Summer,6,night,33.91139240506329,14.727603486195852,79
MANHATTAN,Lower East Side,Summer,6,overnight,12.632911392405063,6.820363955981236,79
MANHATTAN,Lower East Side,Winter,0,afternoon,7.182926829268292,4.701268672431135,82
MANHATTAN,Lower East Side,Winter,0,evening,7.325301204819277,3.9758675498591405,83
MANHATTAN,Lower East Side,Winter,0,morning,5.54320987654321,3.037471739440754,81
MANHATTAN,Lower East Side,Winter,0,night,12.547619047619047,6.086534143272603,84
MANHATTAN,Lower East Side,Winter,0,overnight,3.914285714285714,2.7544054680459915,70
MANHATTAN,Lower East Side,Winter,1,afternoon,6.373493975903615,3.0988229211935443,83
MANHATTAN,Lower East Side,Winter,1,evening,7.440476190476191,2.999402311851803,84
MANHATTAN,Lower East Side,Winter,1,morning,5.642857142857143,2.9315190237443236,84
MANHATTAN,Lower East Side,Winter,1,night,13.142857142857142,5.582120461510648,84
MANHATTAN,Lower East Side,Winter,1,overnight,3.848101265822785,2.4499534668262095,79
MANHATTAN,Lower East Side,Winter,2,afternoon,6.869047619047619,3.566172265077941,84
MANHATTAN,Lower East Side,Winter,2,evening,7.741176470588235,4.197938669827163,85
MANHATTAN,Lower East Side,Winter,2,morning,5.901234567901234,3.4300325737214394,81
MANHATTAN,Lower East Side,Winter,2,night,14.694117647058823,4.932939646643061,85
MANHATTAN,Lower East Side,Winter,2,overnight,3.8518518518518516,2.8857889350709245,81
MANHATTAN,Lower East Side,Winter,3,afternoon,6.528735632183908,3.3300571978458398,87
MANHATTAN,Lower East Side,Winter,3,evening,9.379310344827585,4.901925059227965,87
MANHATTAN,Lower East Side,Winter,3,morning,5.837209302325581,2.9698899370229355,86
MANHATTAN,Lower East Side,Winter,3,night,16.114942528735632,6.9557158816969515,87
MANHATTAN,Lower East Side,Winter,3,overnight,4.17948717948718,3.1735251804991362,78
MANHATTAN,Lower East Side,Winter,4,afternoon,7.310344827586207,3.861889960337791,87
MANHATTAN,Lower East Side,Winter,4,evening,9.505747126436782,5.137354226344465,87
MANHATTAN,Lower East Side,Winter,4,morning,5.3604651162790695,3.457005813256098,86
MANHATTAN,Lower East Side,Winter,4,night,24.229885057471265,9.39779928398045,87
MANHATTAN,Lower East Side,Winter,4,overnight,4.435294117647059,2.6024121540616587,85
MANHATTAN,Lower East Side,Winter,5,afternoon,11.470588235294118,8.215241693245027,85
MANHATTAN,Lower East Side,Winter,5,evening,11.952941176470588,6.629490180701863,85
MANHATTAN,Lower East Side,Winter,5,morning,7.833333333333333,3.7699935551168378,84
MANHATTAN,Lower East Side,Winter,5,night,33.92941176470588,13.989611992384885,85
MANHATTAN,Lower East Side,Winter,5,overnight,8.529411764705882,4.016597219200417,85
MANHATTAN,Lower East Side,Winter,6,afternoon,9.773809523809524,4.719483304565966,84
MANHATTAN,Lower East Side,Winter,6,evening,7.785714285714286,3.6506194508898266,84
MANHATTAN,Lower East Side,Winter,6,morning,5.469879518072289,3.140364082502686,83
MANHATTAN,Lower East Side,Winter,6,night,25.63095238095238,9.388251773956592,84
MANHATTAN,Lower East Side,Winter,6,overnight,11.349397590361447,6.121600569713452,83
MANHATTAN,Lower Manhattan,Fall,0,afternoon,2.7301587301587302,1.5575658139292032,63
MANHATTAN,Lower Manhattan,Fall,0,evening,2.9384615384615387,2.2421872906057256,65
MANHATTAN,Lower Manhattan,Fall,0,morning,2.507936507936508,2.7466872473242043,63
MANHATTAN,Lower Manhattan,Fall,0,night,5.144927536231884,4.099050687511612,69
MANHATTAN,Lower Manhattan,Fall,0,overnight,1.5,0.7620007620011432,32
MANHATTAN,Lower Manhattan,Fall,1,afternoon,2.357142857142857,1.803315849192274,56
MANHATTAN,Lower Manhattan,Fall,1,evening,2.629032258064516,1.7946539094432843,62
MANHATTAN,Lower Manhattan,Fall,1,morning,2.7903225806451615,2.3548839849895886,62
MANHATTAN,Lower Manhattan,Fall,1,night,5.5,5.340635548293994,68
MANHATTAN,Lower Manhattan,Fall,1,overnight,1.8823529411764706,1.1485090699593827,34
MANHATTAN,Lower Manhattan,Fall,2,afternoon,2.3559322033898304,1.689345025746377,59
MANHATTAN,Lower Manhattan,Fall,2,evening,3.7205882352941178,2.46676770945236,68
MANHATTAN,Lower Manhattan,Fall,2,morning,2.828125,2.7691881080522096,64
MANHATTAN,Lower Manhattan,Fall,2,night,5.6891891891891895,5.327431403685777,74
MANHATTAN,Lower Manhattan,Fall,2,overnight,1.7428571428571429,1.0387452029437516,35
MANHATTAN,Lower Manhattan,Fall,3,afternoon,2.4444444444444446,1.550005072014424,54
MANHATTAN,Lower Manhattan,Fall,3,evening,3.8656716417910446,2.865127435888428,67
MANHATTAN,Lower Manhattan,Fall,3,morning,3.156862745098039,2.532765674274727,51
MANHATTAN,Lower Manhattan,Fall,3,night,6.545454545454546,4.239672767422643,66
MANHATTAN,Lower Manhattan,Fall,3,overnight,1.95,1.3577885489242218,40
MANHATTAN,Lower Manhattan,Fall,4,afternoon,2.4210526315789473,1.614082760546911,57
MANHATTAN,Lower Manhattan,Fall,4,evening,3.3134328358208953,2.2033648869322753,67
MANHATTAN,Lower Manhattan,Fall,4,morning,3.1451612903225805,2.4417594717377997,62
MANHATTAN,Lower Manhattan,Fall,4,night,6.0,3.7000190330686715,72
MANHATTAN,Lower Manhattan,Fall,4,overnight,1.763157894736842,1.1492467692178256,38
MANHATTAN,Lower Manhattan,Fall,5,afternoon,3.5625,2.3829753310874677,64
MANHATTAN,Lower Manhattan,Fall,5,evening,4.014285714285714,3.419860396942479,70
MANHATTAN,Lower Manhattan,Fall,5,morning,3.0307692307692307,2.1503577519888317,65
MANHATTAN,Lower Manhattan,Fall,5,night,9.0,5.808636650734813,78
MANHATTAN,Lower Manhattan,Fall,5,overnight,2.1,1.3238362334070466,60
MANHATTAN,Lower Manhattan,Fall,6,afternoon,2.43859649122807,1.5470887851940436,57
MANHATTAN,Lower Manhattan,Fall,6,evening,2.9649122807017543,2.203608341859047,57
MANHATTAN,Lower Manhattan,Fall,6,morning,1.8867924528301887,1.1207891683728677,53
MANHATTAN,Lower Manhattan,Fall,6,night,5.726027397260274,3.3634484369658253,73
MANHATTAN,Lower Manhattan,Fall,6,overnight,2.6226415094339623,1.8731546313263125,53
MANHATTAN,Lower Manhattan,Spring,0,afternoon,2.9594594594594597,3.6015186644129407,74
MANHATTAN,Lower Manhattan,Spring,0,evening,3.4246575342465753,2.5653557703192944,73
MANHATTAN,Lower Manhattan,Spring,0,morning,2.373134328358209,1.8326650646690066,67
MANHATTAN,Lower Manhattan,Spring,0,night,4.121951219512195,3.34955402928837,82
MANHATTAN,Lower Manhattan,Spring,0,overnight,1.4864864864864864,1.0171207079469644,37
MANHATTAN,Lower Manhattan,Spring,1,afternoon,2.5072463768115942,1.77915370170431,69
MANHATTAN,Lower Manhattan,Spring,1,evening,2.9863013698630136,2.2699311705481016,73
MANHATTAN,Lower Manhattan,Spring,1,morning,2.6933333333333334,1.9099549544237755,75
MANHATTAN,Lower Manhattan,Spring,1,night,4.609756097560975,3.582385223617703,82
MANHATTAN,Lower Manhattan,Spring,1,overnight,1.7083333333333333,1.2369890233836478,48
MANHATTAN,Lower Manhattan,Spring,2,afternoon,2.2063492063492065,1.3095028625611367,63
MANHATTAN,Lower Manhattan,Spring,2,evening,2.591549295774648,1.5908440238595034,71
MANHATTAN,Lower Manhattan,Spring,2,morning,2.6493506493506493,1.9314995113303313,77
MANHATTAN,Lower Manhattan,Spring,2,night,4.767441860465116,3.756326173285467,86
MANHATTAN,Lower Manhattan,Spring,2,overnight,1.9148936170212767,1.176394403584299,47
MANHATTAN,Lower Manhattan,Spring,3,afternoon,2.5616438356164384,2.2297627014367283,73
MANHATTAN,Lower Manhattan,Spring,3,evening,3.3846153846153846,2.4979512084426787,78
MANHATTAN,Lower Manhattan,Spring,3,morning,2.5,1.562049935181331,76
MANHATTAN,Lower Manhattan,Spring,3,night,5.0,3.6625993701661477,83
MANHATTAN,Lower Manhattan,Spring,3,overnight,1.7777777777777777,0.9974715509474417,45
MANHATTAN,Lower Manhattan,Spring,4,afternoon,2.5616438356164384,2.254540488842356,73
MANHATTAN,Lower Manhattan,Spring,4,evening,3.0684931506849313,2.7250319423371883,73
MANHATTAN,Lower Manhattan,Spring,4,morning,2.888888888888889,2.191890017002534,72
MANHATTAN,Lower Manhattan,Spring,4,night,6.0476190476190474,3.9481725585290683,84
MANHATTAN,Lower Manhattan,Spring,4,overnight,1.5555555555555556,1.1601344532792457,54
MANHATTAN,Lower Manhattan,Spring,5,afternoon,2.7777777777777777,1.9152628049157079,72
MANHATTAN,Lower Manhattan,Spring,5,evening,3.7246376811594204,2.949995303939505,69
MANHATTAN,Lower Manhattan,Spring,5,morning,2.8493150684931505,2.2215562167888345,73
MANHATTAN,Lower Manhattan,Spring,5,night,7.022988505747127,4.8655815673194125,87
MANHATTAN,Lower Manhattan,Spring,5,overnight,2.5,1.9250668437592433,52
MANHATTAN,Lower Manhattan,Spring,6,afternoon,2.5873015873015874,2.290477627573951,63
MANHATTAN,Lower Manhattan,Spring,6,evening,3.380952380952381,2.714528245288681,63
MANHATTAN,Lower Manhattan,Spring,6,morning,2.5,1.9753381442967495,52
MANHATTAN,Lower Manhattan,Spring,6,night,3.965909090909091,2.428039574543337,88
MANHATTAN,Lower Manhattan,Spring,6,overnight,2.6271186440677967,2.6515987700640204,59
MANHATTAN,Lower Manhattan,Summer,0,afternoon,1.7450980392156863,1.0553319336569316,51
MANHATTAN,Lower Manhattan,Summer,0,evening,2.480769230769231,1.7319419522875223,52
MANHATTAN,Lower Manhattan,Summer,0,morning,1.875,1.0842194957173648,48
MANHATTAN,Lower Manhattan,Summer,0,night,3.7096774193548385,3.446961583268797,62
MANHATTAN,Lower Manhattan,Summer,0,overnight,1.3103448275862069,0.7123125455595853,29
MANHATTAN,Lower Manhattan,Summer,1,afternoon,1.836734693877551,1.1428571428571428,49
MANHATTAN,Lower Manhattan,Summer,1,evening,2.456140350877193,1.4888895123379287,57
MANHATTAN,Lower Manhattan,Summer,1,morning,2.3846153846153846,1.890677294908934,52
MANHATTAN,Lower Manhattan,Summer,1,night,3.6,3.4574012188934327,70
MANHATTAN,Lower Manhattan,Summer,1,overnight,1.5151515151515151,0.9055803429711565,33
MANHATTAN,Lower Manhattan,Summer,2,afternoon,2.3333333333333335,1.8428853505018534,54
MANHATTAN,Lower Manhattan,Summer,2,evening,2.473684210526316,1.7124049833691994,57
MANHATTAN,Lower Manhattan,Summer,2,morning,2.3220338983050848,1.382659580689503,59
MANHATTAN,Lower Manhattan,Summer,2,night,3.791044776119403,2.9415380095455315,67
MANHATTAN,Lower Manhattan,Summer,2,overnight,1.696969696969697,1.131504763712036,33
MANHATTAN,Lower Manhattan,Summer,3,afternoon,1.9824561403508771,1.3159899596633848,57
MANHATTAN,Lower Manhattan,Summer,3,evening,2.71875,2.073787655015633,64
MANHATTAN,Lower Manhattan,Summer,3,morning,2.685185185185185,2.6904728775220987,54
MANHATTAN,Lower Manhattan,Summer,3,night,3.6944444444444446,2.688729156263856,72
MANHATTAN,Lower Manhattan,Summer,3,overnight,2.2666666666666666,2.476556749467561,30
MANHATTAN,Lower Manhattan,Summer,4,afternoon,1.9821428571428572,1.2861651446143219,56
MANHATTAN,Lower Manhattan,Summer,4,evening,2.389830508474576,1.4973188584535932,59
MANHATTAN,Lower Manhattan,Summer,4,morning,2.0588235294117645,1.377124027905727,51
MANHATTAN,Lower Manhattan,Summer,4,night,4.561643835616438,3.0275875130477834,73
MANHATTAN,Lower Manhattan,Summer,4,overnight,1.5277777777777777,1.0819588350001679,36
MANHATTAN,Lower Manhattan,Summer,5,afternoon,2.719298245614035,2.2099966545297254,57
MANHATTAN,Lower Manhattan,Summer,5,evening,2.7846153846153845,2.465336612997222,65
MANHATTAN,Lower Manhattan,Summer,5,morning,2.19672131147541,2.219757285013743,61
MANHATTAN,Lower Manhattan,Summer,5,night,5.558441558441558,3.4962141422939874,77
MANHATTAN,Lower Manhattan,Summer,5,overnight,2.020408163265306,1.4928970147329788,49
MANHATTAN,Lower Manhattan,Summer,6,afternoon,2.1403508771929824,1.7872424538859948,57
MANHATTAN,Lower Manhattan,Summer,6,evening,2.8333333333333335,2.124646863312892,60
MANHATTAN,Lower Manhattan,Summer,6,morning,1.4705882352941178,1.0512703460401887,34
MANHATTAN,Lower Manhattan,Summer,6,night,4.25,3.161163986015099,72
MANHATTAN,Lower Manhattan,Summer,6,overnight,2.1951219512195124,2.123905744084727,41
MANHATTAN,Lower Manhattan,Winter,0,afternoon,2.7169811320754715,2.4602795220381424,53
MANHATTAN,Lower Manhattan,Winter,0,evening,2.8688524590163933,2.6361298010281766,61
MANHATTAN,Lower Manhattan,Winter,0,morning,2.4838709677419355,3.283051037407929,62
MANHATTAN,Lower Manhattan,Winter,0,night,4.2368421052631575,5.111734007301584,76
MANHATTAN,Lower Manhattan,Winter,0,overnight,1.5405405405405406,1.0696467380140715,37
MANHATTAN,Lower Manhattan,Winter,1,afternoon,2.9672131147540983,3.868536386088646,61
MANHATTAN,Lower Manhattan,Winter,1,evening,2.8,2.3491794456355626,60
MANHATTAN,Lower Manhattan,Winter,1,morning,2.5806451612903225,2.1081293634426213,62
MANHATTAN,Lower Manhattan,Winter,1,night,4.6891891891891895,4.992942075215459,74
MANHATTAN,Lower Manhattan,Winter,1,overnight,1.2894736842105263,0.653799487273455,38
MANHATTAN,Lower Manhattan,Winter,2,afternoon,2.711864406779661,2.865074154770164,59
MANHATTAN,Lower Manhattan,Winter,2,evening,3.189655172413793,2.4953071501810564,58
MANHATTAN,Lower Manhattan,Winter,2,morning,2.5441176470588234,1.995770329931074,68
MANHATTAN,Lower Manhattan,Winter,2,night,4.786666666666667,5.92131589952622,75
MANHATTAN,Lower Manhattan,Winter,2,overnight,1.9705882352941178,1.527233468640661,34
MANHATTAN,Lower Manhattan,Winter,3,afternoon,2.8524590163934427,2.7739025792420473,61
MANHATTAN,Lower Manhattan,Winter,3,evening,2.888888888888889,2.2301111925512616,72
MANHATTAN,Lower Manhattan,Winter,3,morning,2.436619718309859,1.9473967558637073,71
MANHATTAN,Lower Manhattan,Winter,3,night,3.935064935064935,2.5871019263467185,77
MANHATTAN,Lower Manhattan,Winter,3,overnight,1.7647058823529411,0.9865404361127634,34
MANHATTAN,Lower Manhattan,Winter,4,afternoon,3.2153846153846155,4.392793486539585,65
MANHATTAN,Lower Manhattan,Winter,4,evening,2.7796610169491527,2.342028273704959,59
MANHATTAN,Lower Manhattan,Winter,4,morning,3.484375,4.178524792847884,64
MANHATTAN,Lower Manhattan,Winter,4,night,5.512820512820513,4.566232894901754,78
MANHATTAN,Lower Manhattan,Winter,4,overnight,1.9473684210526316,2.300967697966211,38
MANHATTAN,Lower Manhattan,Winter,5,afternoon,2.3230769230769233,2.008635204464809,65
MANHATTAN,Lower Manhattan,Winter,5,evening,3.2295081967213113,3.0571961153042984,61
MANHATTAN,Lower Manhattan,Winter,5,morning,2.6417910447761193,2.005307295557356,67
MANHATTAN,Lower Manhattan,Winter,5,night,6.063291139240507,3.903784397130488,79
MANHATTAN,Lower Manhattan,Winter,5,overnight,2.0652173913043477,1.3233320556340342,46
MANHATTAN,Lower Manhattan,Winter,6,afternoon,2.272727272727273,3.70412455521392,55
MANHATTAN,Lower Manhattan,Winter,6,evening,2.372549019607843,2.9997385506988805,51
MANHATTAN,Lower Manhattan,Winter,6,morning,1.9333333333333333,1.8997607504869947,45
MANHATTAN,Lower Manhattan,Winter,6,night,4.7272727272727275,3.3191484467379966,77
MANHATTAN,Lower Manhattan,Winter,6,overnight,1.8679245283018868,1.1773133667062707,53
MANHATTAN,Upper East Side,Fall,0,afternoon,6.346666666666667,4.88376608481315,75
MANHATTAN,Upper East Side,Fall,0,evening,6.697368421052632,4.718812666599104,76
MANHATTAN,Upper East Side,Fall,0,morning,5.87012987012987,4.617901805817765,77
MANHATTAN,Upper East Side,Fall,0,night,7.705128205128205,5.4178851827516485,78
MANHATTAN,Upper East Side,Fall,0,overnight,3.135593220338983,4.0490851547353355,59
MANHATTAN,Upper East Side,Fall,1,afternoon,5.0256410256410255,3.040737944329838,78
MANHATTAN,Upper East Side,Fall,1,evening,6.64935064935065,5.3107790928258005,77
MANHATTAN,Upper East Side,Fall,1,morning,5.675675675675675,3.061506962212269,74
MANHATTAN,Upper East Side,Fall,1,night,8.948717948717949,7.493542563646393,78
MANHATTAN,Upper East Side,Fall,1,overnight,2.7884615384615383,3.4997845225633615,52
MANHATTAN,Upper East Side,Fall,2,afternoon,5.453333333333333,2.8583369448142553,75
MANHATTAN,Upper East Side,Fall,2,evening,6.833333333333333,4.3764917061134305,78
MANHATTAN,Upper East Side,Fall,2,morning,5.5394736842105265,3.1556966033875278,76
MANHATTAN,Upper East Side,Fall,2,night,9.311688311688311,5.754311290492363,77
MANHATTAN,Upper East Side,Fall,2,overnight,2.2857142857142856,1.8946267151104967,56
MANHATTAN,Upper East Side,Fall,3,afternoon,5.368421052631579,4.111259678048916,76
MANHATTAN,Upper East Side,Fall,3,evening,8.532467532467532,7.149870104790672,77
MANHATTAN,Upper East Side,Fall,3,morning,5.573333333333333,4.445384285013101,75
MANHATTAN,Upper East Side,Fall,3,night,8.753246753246753,5.271961195438223,77
MANHATTAN,Upper East Side,Fall,3,overnight,2.360655737704918,1.4947997288962145,61
MANHATTAN,Upper East Side,Fall,4,afternoon,5.666666666666667,3.055050463303893,75
MANHATTAN,Upper East Side,Fall,4,evening,8.285714285714286,5.142334977668841,77
MANHATTAN,Upper East Side,Fall,4,morning,5.618421052631579,3.0020753055762746,76
MANHATTAN,Upper East Side,Fall,4,night,11.371794871794872,7.717594966132394,78
MANHATTAN,Upper East Side,Fall,4,overnight,2.767857142857143,1.8487447478916992,56
MANHATTAN,Upper East Side,Fall,5,afternoon,6.628205128205129,3.01127308090209,78
MANHATTAN,Upper East Side,Fall,5,evening,9.846153846153847,7.476503320276259,78
MANHATTAN,Upper East Side,Fall,5,morning,6.615384615384615,3.4985368712878016,78
MANHATTAN,Upper East Side,Fall,5,night,16.628205128205128,10.135585983558286,78
MANHATTAN,Upper East Side,Fall,5,overnight,2.8615384615384616,1.8445606105937111,65
MANHATTAN,Upper East Side,Fall,6,afternoon,8.480519480519481,6.57869445857009,77
MANHATTAN,Upper East Side,Fall,6,evening,8.346153846153847,9.438559931812353,78
MANHATTAN,Upper East Side,Fall,6,morning,5.0519480519480515,3.9299661974443714,77
MANHATTAN,Upper East Side,Fall,6,night,10.551282051282051,5.676672328451656,78
MANHATTAN,Upper East Side,Fall,6,overnight,3.4225352112676055,2.5727249135664136,71
MANHATTAN,Upper East Side,Spring,0,afternoon,5.449438202247191,3.165909448380068,89
MANHATTAN,Upper East Side,Spring,0,evening,6.5227272727272725,4.502814631197449,88
MANHATTAN,Upper East Side,Spring,0,morning,5.544444444444444,3.3825763437944762,90
MANHATTAN,Upper East Side,Spring,0,night,6.393258426966292,4.0943918893799385,89
MANHATTAN,Upper East Side,Spring,0,overnight,2.328125,1.8348884097378992,64
MANHATTAN,Upper East Side,Spring,1,afternoon,6.241758241758242,3.7957305235712147,91
MANHATTAN,Upper East Side,Spring,1,evening,5.707865168539326,3.6872083773469497,89
MANHATTAN,Upper East Side,Spring,1,morning,6.325842696629214,3.5444427722680976,89
MANHATTAN,Upper East Side,Spring,1,night,7.769230769230769,4.506974651894607,91
MANHATTAN,Upper East Side,Spring,1,overnight,2.4558823529411766,1.722838888781786,68
MANHATTAN,Upper East Side,Spring,2,afternoon,6.3,4.3972667710954,90
MANHATTAN,Upper East Side,Spring,2,evening,6.044943820224719,4.078519429332699,89
MANHATTAN,Upper East Side,Spring,2,morning,6.573033707865169,5.134304503775291,89
MANHATTAN,Upper East Side,Spring,2,night,8.43956043956044,5.86175701988707,91
MANHATTAN,Upper East Side,Spring,2,overnight,2.212121212121212,1.8688964371451653,66
MANHATTAN,Upper East Side,Spring,3,afternoon,6.454545454545454,4.322911670188851,88
MANHATTAN,Upper East Side,Spring,3,evening,7.122222222222222,6.072275877468422,90
MANHATTAN,Upper East Side,Spring,3,morning,6.034883720930233,3.6988000420441756,86
MANHATTAN,Upper East Side,Spring,3,night,8.191011235955056,4.569852803712565,89
MANHATTAN,Upper East Side,Spring,3,overnight,2.176470588235294,1.7358483363713637,68
MANHATTAN,Upper East Side,Spring,4,afternoon,6.644444444444445,4.399466543532911,90
MANHATTAN,Upper East Side,Spring,4,evening,7.482758620689655,5.658625991835575,87
MANHATTAN,Upper East Side,Spring,4,morning,5.775280898876405,3.277862416647763,89
MANHATTAN,Upper East Side,Spring,4,night,9.725274725274724,4.8098647106544,91
MANHATTAN,Upper East Side,Spring,4,overnight,2.3714285714285714,1.889493671702482,70
MANHATTAN,Upper East Side,Spring,5,afternoon,8.314606741573034,5.463921971395591,89
MANHATTAN,Upper East Side,Spring,5,evening,7.911111111111111,6.516434615637231,90
MANHATTAN,Upper East Side,Spring,5,morning,7.455555555555556,4.274726119385346,90
MANHATTAN,Upper East Side,Spring,5,night,13.122222222222222,7.652315178461475,90
MANHATTAN,Upper East Side,Spring,5,overnight,3.038961038961039,2.2562285627589755,77
MANHATTAN,Upper East Side,Spring,6,afternoon,7.569767441860465,5.084094453869703,86
MANHATTAN,Upper East Side,Spring,6,evening,6.4,6.368461617281407,90
MANHATTAN,Upper East Side,Spring,6,morning,4.848837209302325,3.164202127329918,86
MANHATTAN,Upper East Side,Spring,6,night,9.133333333333333,5.755700642635999,90
MANHATTAN,Upper East Side,Spring,6,overnight,3.3947368421052633,3.9262499406547247,76
MANHATTAN,Upper East Side,Summer,0,afternoon,4.2368421052631575,2.897669965346326,76
MANHATTAN,Upper East Side,Summer,0,evening,4.9868421052631575,6.0033177961360265,76
MANHATTAN,Upper East Side,Summer,0,morning,4.52054794520548,4.109979687166267,73
MANHATTAN,Upper East Side,Summer,0,night,6.783783783783784,8.124494117478262,74
MANHATTAN,Upper East Side,Summer,0,overnight,2.0,1.540160064167298,44
MANHATTAN,Upper East Side,Summer,1,afternoon,3.5675675675675675,1.806237905726821,74
MANHATTAN,Upper East Side,Summer,1,evening,4.6103896103896105,4.799001661957368,77
MANHATTAN,Upper East Side,Summer,1,morning,4.092105263157895,3.7208516286067175,76
MANHATTAN,Upper East Side,Summer,1,night,5.636363636363637,4.86098617595965,77
MANHATTAN,Upper East Side,Summer,1,overnight,2.2045454545454546,2.6986606967207587,44
MANHATTAN,Upper East Side,Summer,2,afternoon,3.4246575342465753,2.0201609411902064,73
MANHATTAN,Upper East Side,Summer,2,evening,4.246376811594203,2.9823293161625575,69
MANHATTAN,Upper East Side,Summer,2,morning,4.121621621621622,2.694249089493848,74
MANHATTAN,Upper East Side,Summer,2,night,6.113924050632911,5.474854738202115,79
MANHATTAN,Upper East Side,Summer,2,overnight,1.851063829787234,1.9334439131773145,47
MANHATTAN,Upper East Side,Summer,3,afternoon,3.958904109589041,2.057765482834229,73
MANHATTAN,Upper East Side,Summer,3,evening,5.118421052631579,3.9428149175030023,76
MANHATTAN,Upper East Side,Summer,3,morning,4.054054054054054,3.557326577726563,74
MANHATTAN,Upper East Side,Summer,3,night,6.883116883116883,5.436170347951585,77
MANHATTAN,Upper East Side,Summer,3,overnight,2.488372093023256,2.557641147464331,43
MANHATTAN,Upper East Side,Summer,4,afternoon,4.1466666666666665,2.340555104713024,75
MANHATTAN,Upper East Side,Summer,4,evening,5.2,4.334026278621738,75
MANHATTAN,Upper East Side,Summer,4,morning,4.3561643835616435,3.591540458005677,73
MANHATTAN,Upper East Side,Summer,4,night,7.052631578947368,4.8218799565926025,76
MANHATTAN,Upper East Side,Summer,4,overnight,2.148936170212766,2.4314848156796427,47
MANHATTAN,Upper East Side,Summer,5,afternoon,5.753246753246753,3.554670182923349,77
MANHATTAN,Upper East Side,Summer,5,evening,5.438356164383562,4.3075718262208635,73
MANHATTAN,Upper East Side,Summer,5,morning,4.881578947368421,3.1621389607380546,76
MANHATTAN,Upper East Side,Summer,5,night,9.807692307692308,7.533574533695491,78
MANHATTAN,Upper East Side,Summer,5,overnight,2.85,3.7499152532796876,60
MANHATTAN,Upper East Side,Summer,6,afternoon,6.426666666666667,5.26121282218847,75
MANHATTAN,Upper East Side,Summer,6,evening,9.662162162162161,11.719644002058555,74
MANHATTAN,Upper East Side,Summer,6,morning,3.0555555555555554,2.3788320538726735,72
MANHATTAN,Upper East Side,Summer,6,night,8.518987341772151,6.953805008021242,79
MANHATTAN,Upper East Side,Summer,6,overnight,2.7580645161290325,2.7501742649462617,62
MANHATTAN,Upper East Side,Winter,0,afternoon,5.2560975609756095,4.1746175269762364,82
MANHATTAN,Upper East Side,Winter,0,evening,5.5256410256410255,5.307980658843688,78
MANHATTAN,Upper East Side,Winter,0,morning,5.963855421686747,5.537996871134531,83
MANHATTAN,Upper East Side,Winter,0,night,5.9523809523809526,4.672154792742173,84
MANHATTAN,Upper East Side,Winter,0,overnight,3.126984126984127,3.6122196888324978,63
MANHATTAN,Upper East Side,Winter,1,afternoon,5.879518072289157,6.487130957333622,83
MANHATTAN,Upper East Side,Winter,1,evening,5.575,5.703152581431484,80
MANHATTAN,Upper East Side,Winter,1,morning,4.963855421686747,4.437769663761098,83
MANHATTAN,Upper East Side,Winter,1,night,6.404761904761905,4.799897206778463,84
MANHATTAN,Upper East Side,Winter,1,overnight,2.9833333333333334,3.1862611140654566,60
MANHATTAN,Upper East Side,Winter,2,afternoon,5.4125,4.78577467506634,80
MANHATTAN,Upper East Side,Winter,2,evening,5.154761904761905,3.8791815296809733,84
MANHATTAN,Upper East Side,Winter,2,morning,5.048780487804878,4.300164909339618,82
MANHATTAN,Upper East Side,Winter,2,night,7.154761904761905,5.158906318247985,84
MANHATTAN,Upper East Side,Winter,2,overnight,2.5555555555555554,2.883645641610621,63
MANHATTAN,Upper East Side,Winter,3,afternoon,4.9397590361445785,3.4441516268935093,83
MANHATTAN,Upper East Side,Winter,3,evening,5.253012048192771,4.045001050661552,83
MANHATTAN,Upper East Side,Winter,3,morning,4.906976744186046,3.17574597804986,86
MANHATTAN,Upper East Side,Winter,3,night,7.344827586206897,4.5027835995466665,87
MANHATTAN,Upper East Side,Winter,3,overnight,2.618181818181818,2.376512454798301,55
MANHATTAN,Upper East Side,Winter,4,afternoon,5.767441860465116,6.209431950157667,86
MANHATTAN,Upper East Side,Winter,4,evening,4.951219512195122,3.9531279661366407,82
MANHATTAN,Upper East Side,Winter,4,morning,5.593023255813954,4.733803114712796,86
MANHATTAN,Upper East Side,Winter,4,night,9.03448275862069,5.39260535009828,87
MANHATTAN,Upper East Side,Winter,4,overnight,2.7183098591549295,1.9137330653653961,71
MANHATTAN,Upper East Side,Winter,5,afternoon,6.630952380952381,6.829736119908634,84
MANHATTAN,Upper East Side,Winter,5,evening,5.481927710843373,3.48292505953262,83
MANHATTAN,Upper East Side,Winter,5,morning,6.475609756097561,5.398275009704254,82
MANHATTAN,Upper East Side,Winter,5,night,11.376470588235295,6.3245110305785985,85
MANHATTAN,Upper East Side,Winter,5,overnight,3.0,2.2912878474779204,73
MANHATTAN,Upper East Side,Winter,6,afternoon,6.686746987951807,5.224071187940269,83
MANHATTAN,Upper East Side,Winter,6,evening,5.246753246753247,4.313857243800569,77
MANHATTAN,Upper East Side,Winter,6,morning,3.973333333333333,3.4483577498819895,75
MANHATTAN,Upper East Side,Winter,6,night,8.94047619047619,4.919474921721866,84
MANHATTAN,Upper East Side,Winter,6,overnight,3.4155844155844157,2.1296815264176137,77
MANHATTAN,Upper West Side,Fall,0,afternoon,19.564102564102566,14.516975950334519,78
MANHATTAN,Upper West Side,Fall,0,evening,14.41025641025641,8.393621414674385,78
MANHATTAN,Upper West Side,Fall,0,morning,10.948717948717949,9.446908978289631,78
MANHATTAN,Upper West Side,Fall,0,night,11.5,5.854845922756701,78
MANHATTAN,Upper West Side,Fall,0,overnight,3.625,4.3987732777680595,64
MANHATTAN,Upper West Side,Fall,1,afternoon,13.923076923076923,10.988505482878583,78
MANHATTAN,Upper West Side,Fall,1,evening,12.727272727272727,7.463307372592866,77
MANHATTAN,Upper West Side,Fall,1,morning,7.756410256410256,3.9843391390490814,78
MANHATTAN,Upper West Side,Fall,1,night,13.397435897435898,7.843170150858516,78
MANHATTAN,Upper West Side,Fall,1,overnight,4.0,6.786865142430521,66
MANHATTAN,Upper West Side,Fall,2,afternoon,17.76923076923077,16.37223106512824,78
MANHATTAN,Upper West Side,Fall,2,evening,15.012820512820513,9.644988726059118,78
MANHATTAN,Upper West Side,Fall,2,morning,8.487179487179487,5.973412063607504,78
MANHATTAN,Upper West Side,Fall,2,night,12.961538461538462,6.341867289630139,78
MANHATTAN,Upper West Side,Fall,2,overnight,3.074626865671642,2.395155671766362,67
MANHATTAN,Upper West Side,Fall,3,afternoon,15.207792207792208,13.515427502962426,77
MANHATTAN,Upper West Side,Fall,3,evening,15.766233766233766,11.342625826008934,77
MANHATTAN,Upper West Side,Fall,3,morning,10.2987012987013,8.36984709516522,77
MANHATTAN,Upper West Side,Fall,3,night,14.884615384615385,6.593938123763369,78
MANHATTAN,Upper West Side,Fall,3,overnight,2.6875,1.8929694486000914,64
MANHATTAN,Upper West Side,Fall,4,afternoon,21.333333333333332,16.407684821818133,78
MANHATTAN,Upper West Side,Fall,4,evening,20.423076923076923,12.123305055739772,78
MANHATTAN,Upper West Side,Fall,4,morning,8.923076923076923,5.577713609615425,78
MANHATTAN,Upper West Side,Fall,4,night,20.44871794871795,9.100659938818247,78
MANHATTAN,Upper West Side,Fall,4,overnight,3.5588235294117645,2.979443767286635,68
MANHATTAN,Upper West Side,Fall,5,afternoon,29.82051282051282,21.733177455931344,78
MANHATTAN,Upper West Side,Fall,5,evening,24.512820512820515,13.243713127213885,78
MANHATTAN,Upper West Side,Fall,5,morning,12.051282051282051,5.975920156061466,78
MANHATTAN,Upper West Side,Fall,5,night,26.884615384615383,11.705233338660427,78
MANHATTAN,Upper West Side,Fall,5,overnight,4.563380281690141,2.8870765953825392,71
MANHATTAN,Upper West Side,Fall,6,afternoon,28.141025641025642,21.951969032160747,78
MANHATTAN,Upper West Side,Fall,6,evening,16.28205128205128,9.712620569907916,78
MANHATTAN,Upper West Side,Fall,6,morning,9.74025974025974,6.871762582065745,77
MANHATTAN,Upper West Side,Fall,6,night,18.28205128205128,7.203710147794671,78
MANHATTAN,Upper West Side,Fall,6,overnight,5.532467532467533,5.192566588743687,77
MANHATTAN,Upper West Side,Spring,0,afternoon,22.582417582417584,19.676870761867676,91
MANHATTAN,Upper West Side,Spring,0,evening,20.78021978021978,19.287187570913606,91
MANHATTAN,Upper West Side,Spring,0,morning,10.835164835164836,10.711638256550403,91
MANHATTAN,Upper West Side,Spring,0,night,12.428571428571429,8.47367538929682,91
MANHATTAN,Upper West Side,Spring,0,overnight,2.608108108108108,1.885907125704411,74
MANHATTAN,Upper West Side,Spring,1,afternoon,16.7,14.250133056741308,90
MANHATTAN,Upper West Side,Spring,1,evening,19.63736263736264,17.97499280390305,91
MANHATTAN,Upper West Side,Spring,1,morning,9.573033707865168,9.455503015860222,89
MANHATTAN,Upper West Side,Spring,1,night,13.659340659340659,9.00397415986689,91
MANHATTAN,Upper West Side,Spring,1,overnight,4.202702702702703,6.589696668616559,74
MANHATTAN,Upper West Side,Spring,2,afternoon,19.296703296703296,18.10923306891604,91
MANHATTAN,Upper West Side,Spring,2,evening,17.741573033707866,15.268452390682475,89
MANHATTAN,Upper West Side,Spring,2,morning,9.955056179775282,11.075064243974913,89
MANHATTAN,Upper West Side,Spring,2,night,12.274725274725276,7.2878375607978745,91
MANHATTAN,Upper West Side,Spring,2,overnight,3.3703703703703702,3.712965272004454,81
MANHATTAN,Upper West Side,Spring,3,afternoon,13.833333333333334,12.529739902427021,90
MANHATTAN,Upper West Side,Spring,3,evening,16.266666666666666,17.070771393087544,90
MANHATTAN,Upper West Side,Spring,3,morning,8.213483146067416,6.984515194525217,89
MANHATTAN,Upper West Side,Spring,3,night,13.4,7.842265208184791,90
MANHATTAN,Upper West Side,Spring,3,overnight,3.8904109589041096,6.33017825761736,73
MANHATTAN,Upper West Side,Spring,4,afternoon,25.31111111111111,23.522231628271,90
MANHATTAN,Upper West Side,Spring,4,evening,23.123595505617978,19.391200103936033,89
MANHATTAN,Upper West Side,Spring,4,morning,10.355555555555556,9.074363333733626,90
MANHATTAN,Upper West Side,Spring,4,night,16.813186813186814,9.26991800025112,91
MANHATTAN,Upper West Side,Spring,4,overnight,3.324675324675325,2.1240574283640212,77
MANHATTAN,Upper West Side,Spring,5,afternoon,29.60674157303371,26.918065063484818,89
MANHATTAN,Upper West Side,Spring,5,evening,22.5,19.107766524977055,90
MANHATTAN,Upper West Side,Spring,5,morning,11.310344827586206,7.908356405884981,87
MANHATTAN,Upper West Side,Spring,5,night,21.322222222222223,11.000334803666616,90
MANHATTAN,Upper West Side,Spring,5,overnight,5.0813953488372094,5.384542399649683,86
MANHATTAN,Upper West Side,Spring,6,afternoon,29.9010989010989,30.872877325162847,91
MANHATTAN,Upper West Side,Spring,6,evening,23.34065934065934,18.6352233866823,91
MANHATTAN,Upper West Side,Spring,6,morning,9.855555555555556,8.463485497508803,90
MANHATTAN,Upper West Side,Spring,6,night,17.21978021978022,8.133336335794796,91
MANHATTAN,Upper West Side,Spring,6,overnight,4.9411764705882355,6.044188356194241,85
MANHATTAN,Upper West Side,Summer,0,afternoon,17.329113924050635,16.347760388433155,79
MANHATTAN,Upper West Side,Summer,0,evening,16.835443037974684,12.948052402548793,79
MANHATTAN,Upper West Side,Summer,0,morning,8.835443037974683,7.485764917746551,79
MANHATTAN,Upper West Side,Summer,0,night,12.556962025316455,10.125807135214709,79
MANHATTAN,Upper West Side,Summer,0,overnight,2.8035714285714284,1.9764030032280437,56
MANHATTAN,Upper West Side,Summer,1,afternoon,13.448717948717949,12.513522489221215,78
MANHATTAN,Upper West Side,Summer,1,evening,15.5,11.182953168033995,78
MANHATTAN,Upper West Side,Summer,1,morning,8.272727272727273,6.244231787979172,77
MANHATTAN,Upper West Side,Summer,1,night,11.835443037974683,9.148953113358472,79
MANHATTAN,Upper West Side,Summer,1,overnight,3.1186440677966103,3.0233844119070397,59
MANHATTAN,Upper West Side,Summer,2,afternoon,15.721518987341772,15.553824419523089,79
MANHATTAN,Upper West Side,Summer,2,evening,16.253164556962027,15.803657767477382,79
MANHATTAN,Upper West Side,Summer,2,morning,7.333333333333333,5.123580998782224,78
MANHATTAN,Upper West Side,Summer,2,night,11.544303797468354,8.606493476312284,79
MANHATTAN,Upper West Side,Summer,2,overnight,2.7049180327868854,2.124023401433248,61
MANHATTAN,Upper West Side,Summer,3,afternoon,13.139240506329115,13.08721648453979,79
MANHATTAN,Upper West Side,Summer,3,evening,14.632911392405063,10.569886125080831,79
MANHATTAN,Upper West Side,Summer,3,morning,7.897435897435898,7.05744470807429,78
MANHATTAN,Upper West Side,Summer,3,night,12.341772151898734,9.67270290221917,79
MANHATTAN,Upper West Side,Summer,3,overnight,3.081967213114754,3.426830809787245,61
MANHATTAN,Upper West Side,Summer,4,afternoon,17.0,16.76654058286572,78
MANHATTAN,Upper West Side,Summer,4,evening,20.0,19.51356504535296,78
MANHATTAN,Upper West Side,Summer,4,morning,8.371794871794872,6.42864727819981,78
MANHATTAN,Upper West Side,Summer,4,night,14.807692307692308,9.193529192914928,78
MANHATTAN,Upper West Side,Summer,4,overnight,3.4393939393939394,3.6632427327911703,66
MANHATTAN,Upper West Side,Summer,5,afternoon,27.126582278481013,26.474645388103607,79
MANHATTAN,Upper West Side,Summer,5,evening,20.949367088607595,15.399715893297758,79
MANHATTAN,Upper West Side,Summer,5,morning,10.430379746835444,9.361245183863366,79
MANHATTAN,Upper West Side,Summer,5,night,21.379746835443036,12.09079306158876,79
MANHATTAN,Upper West Side,Summer,5,overnight,3.926470588235294,4.519662437766878,68
MANHATTAN,Upper West Side,Summer,6,afternoon,21.088607594936708,20.0609263491263,79
MANHATTAN,Upper West Side,Summer,6,evening,18.810126582278482,15.588519731509757,79
MANHATTAN,Upper West Side,Summer,6,morning,8.692307692307692,8.292239670995935,78
MANHATTAN,Upper West Side,Summer,6,night,17.59493670886076,10.301255820059119,79
MANHATTAN,Upper West Side,Summer,6,overnight,4.916666666666667,4.231837745498445,72
MANHATTAN,Upper West Side,Winter,0,afternoon,24.785714285714285,26.943077626985552,84
MANHATTAN,Upper West Side,Winter,0,evening,12.630952380952381,11.741984974025268,84
MANHATTAN,Upper West Side,Winter,0,morning,9.792682926829269,8.318858250359929,82
MANHATTAN,Upper West Side,Winter,0,night,9.69047619047619,7.818692754995341,84
MANHATTAN,Upper West Side,Winter,0,overnight,3.2028985507246377,3.912948753234451,69
MANHATTAN,Upper West Side,Winter,1,afternoon,18.083333333333332,26.26106574945482,84
MANHATTAN,Upper West Side,Winter,1,evening,9.904761904761905,12.14829954645252,84
MANHATTAN,Upper West Side,Winter,1,morning,9.012048192771084,9.394463828861948,83
MANHATTAN,Upper West Side,Winter,1,night,9.795180722891565,5.606527198100308,83
MANHATTAN,Upper West Side,Winter,1,overnight,3.1549295774647885,4.166697518329778,71
MANHATTAN,Upper West Side,Winter,2,afternoon,19.68235294117647,18.668927434124768,85
MANHATTAN,Upper West Side,Winter,2,evening,10.658823529411764,9.649269576571303,85
MANHATTAN,Upper West Side,Winter,2,morning,8.423529411764706,7.9901374780893155,85
MANHATTAN,Upper West Side,Winter,2,night,9.352941176470589,5.302079291931343,85
MANHATTAN,Upper West Side,Winter,2,overnight,3.418918918918919,5.0013881819711274,74
MANHATTAN,Upper West Side,Winter,3,afternoon,15.35632183908046,14.027362804321148,87
MANHATTAN,Upper West Side,Winter,3,evening,11.459770114942529,9.708309312850522,87
MANHATTAN,Upper West Side,Winter,3,morning,8.127906976744185,8.504388502591445,86
MANHATTAN,Upper West Side,Winter,3,night,10.86046511627907,6.91488214471074,86
MANHATTAN,Upper West Side,Winter,3,overnight,3.4545454545454546,4.250527690291292,77
MANHATTAN,Upper West Side,Winter,4,afternoon,21.689655172413794,19.793885798296152,87
MANHATTAN,Upper West Side,Winter,4,evening,13.471264367816092,11.96685255239206,87
MANHATTAN,Upper West Side,Winter,4,morning,9.476744186046512,9.297345281044787,86
MANHATTAN,Upper West Side,Winter,4,night,12.505747126436782,6.344515234690386,87
MANHATTAN,Upper West Side,Winter,4,overnight,3.628205128205128,4.140735157636582,78
MANHATTAN,Upper West Side,Winter,5,afternoon,29.095238095238095,25.237483619820335,84
MANHATTAN,Upper West Side,Winter,5,evening,14.55421686746988,9.81692541909646,83
MANHATTAN,Upper West Side,Winter,5,morning,10.294117647058824,7.88733694180827,85
MANHATTAN,Upper West Side,Winter,5,night,17.035714285714285,10.083323257606283,84
MANHATTAN,Upper West Side,Winter,5,overnight,4.4605263157894735,5.41464874693009,76
MANHATTAN,Upper West Side,Winter,6,afternoon,29.095238095238095,25.454243875391956,84
MANHATTAN,Upper West Side,Winter,6,evening,12.452380952380953,12.239974763641166,84
MANHATTAN,Upper West Side,Winter,6,morning,8.542168674698795,7.054320946766058,83
MANHATTAN,Upper West Side,Winter,6,night,12.80952380952381,6.679362552509034,84
MANHATTAN,Upper West Side,Winter,6,overnight,4.9113924050632916,4.306196707958646,79
QUEENS,Central Queens,Fall,0,afternoon,18.802816901408452,17.742297901028863,71
QUEENS,Central Queens,Fall,0,evening,7.776119402985074,14.206081599433718,67
QUEENS,Central Queens,Fall,0,morning,10.728571428571428,8.747540322726302,70
QUEENS,Central Queens,Fall,0,night,4.428571428571429,3.9547125752442533,70
QUEENS,Central Queens,Fall,0,overnight,2.5135135135135136,1.9947378221157235,37
QUEENS,Central Queens,Fall,1,afternoon,15.0,14.157279803287475,71
QUEENS,Central Queens,Fall,1,evening,6.030769230769231,6.092949898164145,65
QUEENS,Central Queens,Fall,1,morning,9.805970149253731,7.445231962054131,67
QUEENS,Central Queens,Fall,1,night,4.432835820895522,3.4998869271649116,67
QUEENS,Central Queens,Fall,1,overnight,1.962962962962963,1.1596246568305386,27
QUEENS,Central Queens,Fall,2,afternoon,16.291666666666668,13.671639711255056,72
QUEENS,Central Queens,Fall,2,evening,5.76056338028169,5.795231509568618,71
QUEENS,Central Queens,Fall,2,morning,9.712328767123287,8.026829061298105,73
QUEENS,Central Queens,Fall,2,night,4.013888888888889,2.9286975211822455,72
QUEENS,Central Queens,Fall,2,overnight,2.088235294117647,1.7984445646307565,34
QUEENS,Central Queens,Fall,3,afternoon,18.56338028169014,17.779388061433224,71
QUEENS,Central Queens,Fall,3,evening,5.442857142857143,4.802281203959713,70
QUEENS,Central Queens,Fall,3,morning,9.434782608695652,7.399281087633496,69
QUEENS,Central Queens,Fall,3,night,4.768115942028985,5.641612534228114,69
QUEENS,Central Queens,Fall,3,overnight,1.8235294117647058,1.6043612574988466,34
QUEENS,Central Queens,Fall,4,afternoon,9.227272727272727,9.403428923774321,66
QUEENS,Central Queens,Fall,4,evening,4.426470588235294,4.981506624792682,68
QUEENS,Central Queens,Fall,4,morning,10.121212121212121,8.762709717038536,66
QUEENS,Central Queens,Fall,4,night,5.378378378378378,4.707041366953454,74
QUEENS,Central Queens,Fall,4,overnight,1.935483870967742,1.0934801894552928,31
QUEENS,Central Queens,Fall,5,afternoon,6.6231884057971016,7.6660087193121225,69
QUEENS,Central Queens,Fall,5,evening,6.492957746478873,6.763078841213878,71
QUEENS,Central Queens,Fall,5,morning,6.633333333333334,6.744656809669859,60
QUEENS,Central Queens,Fall,5,night,8.5,6.421837743200929,76
QUEENS,Central Queens,Fall,5,overnight,2.3488372093023258,2.224150141924011,43
QUEENS,Central Queens,Fall,6,afternoon,14.542857142857143,12.154423914934581,70
QUEENS,Central Queens,Fall,6,evening,6.569444444444445,7.140099791958346,72
QUEENS,Central Queens,Fall,6,morning,9.15625,7.609974135909158,64
QUEENS,Central Queens,Fall,6,night,7.9868421052631575,6.115539596912404,76
QUEENS,Central Queens,Fall,6,overnight,3.3220338983050848,3.0594155288455727,59
QUEENS,Central Queens,Spring,0,afternoon,11.850574712643677,13.541090553821542,87
QUEENS,Central Queens,Spring,0,evening,4.941860465116279,4.433441502576924,86
QUEENS,Central Queens,Spring,0,morning,7.36144578313253,6.676457205063856,83
QUEENS,Central Queens,Spring,0,night,5.267441860465116,4.433626635570349,86
QUEENS,Central Queens,Spring,0,overnight,2.0,1.5036188231122245,47
QUEENS,Central Queens,Spring,1,afternoon,11.114942528735632,11.802074401183772,87
QUEENS,Central Queens,Spring,1,evening,5.238636363636363,4.344356408247472,88
QUEENS,Central Queens,Spring,1,morning,7.111111111111111,7.322909257938406,81
QUEENS,Central Queens,Spring,1,night,5.395348837209302,7.426944696437413,86
QUEENS,Central Queens,Spring,1,overnight,5.6938775510204085,13.726804801847633,49
QUEENS,Central Queens,Spring,2,afternoon,11.902439024390244,14.767841067000509,82
QUEENS,Central Queens,Spring,2,evening,5.0588235294117645,3.9980737658946484,85
QUEENS,Central Queens,Spring,2,morning,7.964285714285714,8.210258685109743,84
QUEENS,Central Queens,Spring,2,night,4.320987654320987,3.9680825359795224,81
QUEENS,Central Queens,Spring,2,overnight,3.6511627906976742,6.1329854492316604,43
QUEENS,Central Queens,Spring,3,afternoon,12.209302325581396,14.914750913161157,86
QUEENS,Central Queens,Spring,3,evening,5.275862068965517,3.832813209254121,87
QUEENS,Central Queens,Spring,3,morning,7.881578947368421,7.749351981962806,76
QUEENS,Central Queens,Spring,3,night,4.903614457831325,4.935225444800666,83
QUEENS,Central Queens,Spring,3,overnight,2.972972972972973,4.506085308203208,37
QUEENS,Central Queens,Spring,4,afternoon,7.715909090909091,6.524840005324943,88
QUEENS,Central Queens,Spring,4,evening,5.294117647058823,6.307258723490105,85
QUEENS,Central Queens,Spring,4,morning,7.035714285714286,6.878369147861382,84
QUEENS,Central Queens,Spring,4,night,6.0,6.782329983125269,86
QUEENS,Central Queens,Spring,4,overnight,3.111111111111111,4.473265139705114,45
QUEENS,Central Queens,Spring,5,afternoon,6.890243902439025,6.0164508990981265,82
QUEENS,Central Queens,Spring,5,evening,5.559523809523809,4.655224272097173,84
QUEENS,Central Queens,Spring,5,morning,4.974683544303797,4.239541229245133,79
QUEENS,Central Queens,Spring,5,night,6.677777777777778,4.754247722903865,90
QUEENS,Central Queens,Spring,5,overnight,1.8679245283018868,1.3306698118018,53
QUEENS,Central Queens,Spring,6,afternoon,11.606741573033707,8.459284809561312,89
QUEENS,Central Queens,Spring,6,evening,7.758620689655173,7.705276834652777,87
QUEENS,Central Queens,Spring,6,morning,6.397590361445783,4.408804270824748,83
QUEENS,Central Queens,Spring,6,night,6.887640449438202,7.333668005487355,89
QUEENS,Central Queens,Spring,6,overnight,2.803030303030303,2.2410141726781925,66
QUEENS,Central Queens,Summer,0,afternoon,13.464788732394366,16.066674458923167,71
QUEENS,Central Queens,Summer,0,evening,6.357142857142857,6.2647754954412855,70
QUEENS,Central Queens,Summer,0,morning,6.014705882352941,5.278773735538365,68
QUEENS,Central Queens,Summer,0,night,5.22972972972973,4.830120385627255,74
QUEENS,Central Queens,Summer,0,overnight,2.1777777777777776,2.479817523426865,45
QUEENS,Central Queens,Summer,1,afternoon,10.902777777777779,9.943728609236432,72
QUEENS,Central Queens,Summer,1,evening,6.098591549295775,5.326899204113468,71
QUEENS,Central Queens,Summer,1,morning,7.03125,6.6618286016273585,64
QUEENS,Central Queens,Summer,1,night,4.434782608695652,3.3845594937527577,69
QUEENS,Central Queens,Summer,1,overnight,1.7878787878787878,1.1112373665641757,33
QUEENS,Central Queens,Summer,2,afternoon,8.902777777777779,8.761567359657123,72
QUEENS,Central Queens,Summer,2,evening,5.819444444444445,4.833353569651662,72
QUEENS,Central Queens,Summer,2,morning,6.583333333333333,6.462786212911796,72
QUEENS,Central Queens,Summer,2,night,4.876712328767123,3.818613788185198,73
QUEENS,Central Queens,Summer,2,overnight,1.7428571428571429,2.1467192087798854,35
QUEENS,Central Queens,Summer,3,afternoon,12.378378378378379,12.484184737787139,74
QUEENS,Central Queens,Summer,3,evening,6.013513513513513,4.889163985020099,74
QUEENS,Central Queens,Summer,3,morning,7.042857142857143,7.679137395483713,70
QUEENS,Central Queens,Summer,3,night,4.108108108108108,2.656434769909224,74
QUEENS,Central Queens,Summer,3,overnight,1.696969696969697,1.4466523529525088,33
QUEENS,Central Queens,Summer,4,afternoon,8.705882352941176,8.188194675607933,68
QUEENS,Central Queens,Summer,4,evening,5.884057971014493,6.234477740955717,69
QUEENS,Central Queens,Summer,4,morning,6.714285714285714,6.685790376661726,70
QUEENS,Central Queens,Summer,4,night,5.472222222222222,4.034960677408345,72
QUEENS,Central Queens,Summer,4,overnight,1.6666666666666667,0.9589266029707683,30
QUEENS,Central Queens,Summer,5,afternoon,6.6,5.954902985374103,70
QUEENS,Central Queens,Summer,5,evening,7.0131578947368425,6.522767145013701,76
QUEENS,Central Queens,Summer,5,morning,3.9545454545454546,3.0905902756186006,66
QUEENS,Central Queens,Summer,5,night,10.278481012658228,6.576837188701431,79
QUEENS,Central Queens,Summer,5,overnight,1.7380952380952381,1.250551562399837,42
QUEENS,Central Queens,Summer,6,afternoon,10.733333333333333,9.021495850876804,75
QUEENS,Central Queens,Summer,6,evening,8.922077922077921,7.863584012405797,77
QUEENS,Central Queens,Summer,6,morning,6.101449275362318,5.599750329350912,69
QUEENS,Central Queens,Summer,6,night,10.506493506493506,6.410565654948449,77
QUEENS,Central Queens,Summer,6,overnight,2.935483870967742,2.27510380049225,62
QUEENS,Central Queens,Winter,0,afternoon,17.763157894736842,19.466804854111786,76
QUEENS,Central Queens,Winter,0,evening,5.333333333333333,6.404655169729066,69
QUEENS,Central Queens,Winter,0,morning,10.027397260273972,9.272079658157311,73
QUEENS,Central Queens,Winter,0,night,3.3421052631578947,2.946422153862534,76
QUEENS,Central Queens,Winter,0,overnight,2.25,2.0095923811712506,40
QUEENS,Central Queens,Winter,1,afternoon,15.763157894736842,13.538949659952829,76
QUEENS,Central Queens,Winter,1,evening,4.0,3.617418179546607,71
QUEENS,Central Queens,Winter,1,morning,9.671052631578947,7.605941813949998,76
QUEENS,Central Queens,Winter,1,night,3.8181818181818183,3.140261775575208,77
QUEENS,Central Queens,Winter,1,overnight,2.2162162162162162,2.3468079400554935,37
QUEENS,Central Queens,Winter,2,afternoon,14.194805194805195,15.086626145311408,77
QUEENS,Central Queens,Winter,2,evening,4.085714285714285,4.336374152070999,70
QUEENS,Central Queens,Winter,2,morning,8.512820512820513,8.038452376963903,78
QUEENS,Central Queens,Winter,2,night,4.256756756756757,3.9623599264324225,74
QUEENS,Central Queens,Winter,2,overnight,1.8461538461538463,1.2468584003187146,39
QUEENS,Central Queens,Winter,3,afternoon,17.256410256410255,16.21401982527587,78
QUEENS,Central Queens,Winter,3,evening,3.772727272727273,3.209579193819433,66
QUEENS,Central Queens,Winter,3,morning,8.773333333333333,8.73262496267524,75
QUEENS,Central Queens,Winter,3,night,3.4383561643835616,2.081574600111542,73
QUEENS,Central Queens,Winter,3,overnight,2.121212121212121,1.4088465086191913,33
QUEENS,Central Queens,Winter,4,afternoon,7.611111111111111,8.46959026821393,72
QUEENS,Central Queens,Winter,4,evening,4.594594594594595,4.669689259319138,74
QUEENS,Central Queens,Winter,4,morning,8.175,7.675004638600009,80
QUEENS,Central Queens,Winter,4,night,3.8433734939759034,2.6754617915091687,83
QUEENS,Central Queens,Winter,4,overnight,1.95,1.616422133237637,40
QUEENS,Central Queens,Winter,5,afternoon,5.662162162162162,5.412509677999577,74
QUEENS,Central Queens,Winter,5,evening,4.552631578947368,5.54591678466745,76
QUEENS,Central Queens,Winter,5,morning,5.358208955223881,6.388202887940736,67
QUEENS,Central Queens,Winter,5,night,4.7073170731707314,2.9751555821048408,82
QUEENS,Central Queens,Winter,5,overnight,1.7307692307692308,1.0119944318103153,52
QUEENS,Central Queens,Winter,6,afternoon,11.056338028169014,12.161869362823722,71
QUEENS,Central Queens,Winter,6,evening,4.014285714285714,4.318792293420233,70
QUEENS,Central Queens,Winter,6,morning,8.35135135135135,7.950932455753668,74
QUEENS,Central Queens,Winter,6,night,4.481012658227848,2.5159020378266477,79
QUEENS,Central Queens,Winter,6,overnight,2.6,1.885802216564611,65
QUEENS,Jamaica,Fall,0,afternoon,8.855263157894736,5.573039738762372,76
QUEENS,Jamaica,Fall,0,evening,11.461538461538462,8.919105871691935,78
QUEENS,Jamaica,Fall,0,morning,5.527027027027027,3.2275482572200507,74
QUEENS,Jamaica,Fall,0,night,14.794871794871796,12.757843499689544,78
QUEENS,Jamaica,Fall,0,overnight,4.866666666666666,5.403535712679078,75
QUEENS,Jamaica,Fall,1,afternoon,8.571428571428571,5.076852971105778,77
QUEENS,Jamaica,Fall,1,evening,11.397435897435898,5.664516447742611,78
QUEENS,Jamaica,Fall,1,morning,4.584415584415584,3.270082283491742,77
QUEENS,Jamaica,Fall,1,night,10.41025641025641,6.706143524587061,78
QUEENS,Jamaica,Fall,1,overnight,3.08955223880597,2.137198274175527,67
QUEENS,Jamaica,Fall,2,afternoon,8.545454545454545,5.912843857911207,77
QUEENS,Jamaica,Fall,2,evening,10.833333333333334,5.602449989731804,78
QUEENS,Jamaica,Fall,2,morning,5.324324324324325,3.298435113010819,74
QUEENS,Jamaica,Fall,2,night,10.115384615384615,4.603727369676194,78
QUEENS,Jamaica,Fall,2,overnight,3.671232876712329,2.242610052548815,73
QUEENS,Jamaica,Fall,3,afternoon,8.679487179487179,5.2036290776491345,78
QUEENS,Jamaica,Fall,3,evening,11.897435897435898,4.934873894334116,78
QUEENS,Jamaica,Fall,3,morning,5.421052631578948,3.7390307403380594,76
QUEENS,Jamaica,Fall,3,night,11.923076923076923,6.621039332171485,78
QUEENS,Jamaica,Fall,3,overnight,3.76056338028169,3.266561270696031,71
QUEENS,Jamaica,Fall,4,afternoon,8.688311688311689,5.115147114877076,77
QUEENS,Jamaica,Fall,4,evening,13.41025641025641,6.211501475710246,78
QUEENS,Jamaica,Fall,4,morning,5.44,3.709884532332946,75
QUEENS,Jamaica,Fall,4,night,17.012820512820515,7.582436283500179,78
QUEENS,Jamaica,Fall,4,overnight,3.986111111111111,2.3883110630651343,72
QUEENS,Jamaica,Fall,5,afternoon,12.948717948717949,6.627172392462257,78
QUEENS,Jamaica,Fall,5,evening,21.833333333333332,11.439753728466597,78
QUEENS,Jamaica,Fall,5,morning,7.623376623376624,5.31640698077525,77
QUEENS,Jamaica,Fall,5,night,33.97435897435897,17.244592119733,78
QUEENS,Jamaica,Fall,5,overnight,8.324675324675324,4.287195005084321,77
QUEENS,Jamaica,Fall,6,afternoon,16.0,8.291757760164412,78
QUEENS,Jamaica,Fall,6,evening,19.576923076923077,14.826721428949435,78
QUEENS,Jamaica,Fall,6,morning,7.641025641025641,4.257840312788178,78
QUEENS,Jamaica,Fall,6,night,36.19230769230769,21.32437035949177,78
QUEENS,Jamaica,Fall,6,overnight,17.974358974358974,11.278037914200294,78
QUEENS,Jamaica,Spring,0,afternoon,9.247191011235955,6.509225793365077,89
QUEENS,Jamaica,Spring,0,evening,9.978021978021978,6.924959722270388,91
QUEENS,Jamaica,Spring,0,morning,5.215909090909091,3.505164871050966,88
QUEENS,Jamaica,Spring,0,night,12.131868131868131,10.657505223194475,91
QUEENS,Jamaica,Spring,0,overnight,3.511627906976744,2.232087843762172,86
QUEENS,Jamaica,Spring,1,afternoon,7.593406593406593,4.869355471787073,91
QUEENS,Jamaica,Spring,1,evening,10.956043956043956,6.694794143233129,91
QUEENS,Jamaica,Spring,1,morning,5.159090909090909,4.1325352315396415,88
QUEENS,Jamaica,Spring,1,night,9.593406593406593,5.5196175833275145,91
QUEENS,Jamaica,Spring,1,overnight,3.5060240963855422,2.227179633833675,83
QUEENS,Jamaica,Spring,2,afternoon,7.923076923076923,4.931149897968964,91
QUEENS,Jamaica,Spring,2,evening,9.066666666666666,4.857057878588133,90
QUEENS,Jamaica,Spring,2,morning,5.241379310344827,4.083334015241966,87
QUEENS,Jamaica,Spring,2,night,10.835164835164836,5.4635432871265195,91
QUEENS,Jamaica,Spring,2,overnight,3.364705882352941,2.1092035216636447,85
QUEENS,Jamaica,Spring,3,afternoon,8.044444444444444,4.98742488577632,90
QUEENS,Jamaica,Spring,3,evening,10.224719101123595,5.275916139722181,89
QUEENS,Jamaica,Spring,3,morning,5.3522727272727275,3.985720987077978,88
QUEENS,Jamaica,Spring,3,night,10.52808988764045,5.1502204004922545,89
QUEENS,Jamaica,Spring,3,overnight,3.2875,2.0818306817178414,80
QUEENS,Jamaica,Spring,4,afternoon,9.433333333333334,5.09472077500631,90
QUEENS,Jamaica,Spring,4,evening,13.21111111111111,7.777083079373054,90
QUEENS,Jamaica,Spring,4,morning,5.091954022988506,3.332825409043183,87
QUEENS,Jamaica,Spring,4,night,14.241758241758241,7.613351808705924,91
QUEENS,Jamaica,Spring,4,overnight,3.3333333333333335,2.2778838908250614,84
QUEENS,Jamaica,Spring,5,afternoon,12.8,5.964690108453887,90
QUEENS,Jamaica,Spring,5,evening,17.177777777777777,10.15229843658903,90
QUEENS,Jamaica,Spring,5,morning,6.53932584269663,4.215922684988641,89
QUEENS,Jamaica,Spring,5,night,23.633333333333333,13.083525965327283,90
QUEENS,Jamaica,Spring,5,overnight,5.459770114942529,3.2486297565859314,87
QUEENS,Jamaica,Spring,6,afternoon,13.666666666666666,6.698985333196515,90
QUEENS,Jamaica,Spring,6,evening,16.824175824175825,10.672491541438472,91
QUEENS,Jamaica,Spring,6,morning,6.588888888888889,3.505675797404028,90
QUEENS,Jamaica,Spring,6,night,24.65934065934066,14.980891369578321,91
QUEENS,Jamaica,Spring,6,overnight,10.662921348314606,6.631439957821994,89
QUEENS,Jamaica,Summer,0,afternoon,7.269230769230769,4.392062134147216,78
QUEENS,Jamaica,Summer,0,evening,10.670886075949367,4.919145013754127,79
QUEENS,Jamaica,Summer,0,morning,4.256410256410256,2.224047424491426,78
QUEENS,Jamaica,Summer,0,night,20.0126582278481,10.448277579663273,79
QUEENS,Jamaica,Summer,0,overnight,5.783783783783784,5.318023812251939,74
QUEENS,Jamaica,Summer,1,afternoon,7.506329113924051,4.568210718908076,79
QUEENS,Jamaica,Summer,1,evening,10.08860759493671,5.216320231187936,79
QUEENS,Jamaica,Summer,1,morning,4.054054054054054,2.274889079890546,74
QUEENS,Jamaica,Summer,1,night,13.810126582278482,7.929296456273015,79
QUEENS,Jamaica,Summer,1,overnight,3.318840579710145,3.836714102792175,69
QUEENS,Jamaica,Summer,2,afternoon,7.291139240506329,3.4720565794093745,79
QUEENS,Jamaica,Summer,2,evening,10.430379746835444,6.153347107320884,79
QUEENS,Jamaica,Summer,2,morning,4.2105263157894735,2.5939200166218654,76
QUEENS,Jamaica,Summer,2,night,13.50632911392405,6.580611415988948,79
QUEENS,Jamaica,Summer,2,overnight,3.464788732394366,2.2730155295522096,71
QUEENS,Jamaica,Summer,3,afternoon,6.7215189873417724,3.4341300128486227,79
QUEENS,Jamaica,Summer,3,evening,12.455696202531646,5.784146033981273,79
QUEENS,Jamaica,Summer,3,morning,4.706666666666667,2.870037825032471,75
QUEENS,Jamaica,Summer,3,night,14.60759493670886,7.336976463686658,79
QUEENS,Jamaica,Summer,3,overnight,3.986666666666667,2.3964688737939124,75
QUEENS,Jamaica,Summer,4,afternoon,7.740259740259741,4.1877094524289875,77
QUEENS,Jamaica,Summer,4,evening,16.28205128205128,6.46849996842327,78
QUEENS,Jamaica,Summer,4,morning,4.269230769230769,2.5567485282997695,78
QUEENS,Jamaica,Summer,4,night,22.05128205128205,8.651848291231122,78
QUEENS,Jamaica,Summer,4,overnight,4.0,2.2360679774997894,71
QUEENS,Jamaica,Summer,5,afternoon,12.962025316455696,5.696249413778004,79
QUEENS,Jamaica,Summer,5,evening,29.151898734177216,10.201921145869381,79
QUEENS,Jamaica,Summer,5,morning,6.435897435897436,3.566036555703925,78
QUEENS,Jamaica,Summer,5,night,51.734177215189874,13.310598110932364,79
QUEENS,Jamaica,Summer,5,overnight,9.620253164556962,6.079186428083424,79
QUEENS,Jamaica,Summer,6,afternoon,14.164556962025317,6.1839958448314984,79
QUEENS,Jamaica,Summer,6,evening,27.0126582278481,11.414670801643794,79
QUEENS,Jamaica,Summer,6,morning,6.857142857142857,3.5641278763250046,77
QUEENS,Jamaica,Summer,6,night,63.91139240506329,17.3672177727049,79
QUEENS,Jamaica,Summer,6,overnight,28.468354430379748,11.240763094634264,79
QUEENS,Jamaica,Winter,0,afternoon,7.404761904761905,4.862244629200995,84
QUEENS,Jamaica,Winter,0,evening,6.142857142857143,3.457636413752522,84
QUEENS,Jamaica,Winter,0,morning,5.2375,3.372426351111449,80
QUEENS,Jamaica,Winter,0,night,7.345238095238095,4.367166784742733,84
QUEENS,Jamaica,Winter,0,overnight,3.725,2.885910776974616,80
QUEENS,Jamaica,Winter,1,afternoon,6.890243902439025,4.664036553974916,82
QUEENS,Jamaica,Winter,1,evening,6.7317073170731705,3.6347050774029643,82
QUEENS,Jamaica,Winter,1,morning,5.0,3.1077153564704254,77
QUEENS,Jamaica,Winter,1,night,7.469879518072289,4.091446608616656,83
QUEENS,Jamaica,Winter,1,overnight,3.5384615384615383,2.983470948593081,78
QUEENS,Jamaica,Winter,2,afternoon,7.894117647058824,5.3785808214306,85
QUEENS,Jamaica,Winter,2,evening,7.357142857142857,3.9382059922225094,84
QUEENS,Jamaica,Winter,2,morning,4.987804878048781,3.653153220888025,82
QUEENS,Jamaica,Winter,2,night,7.470588235294118,4.5528333284369875,85
QUEENS,Jamaica,Winter,2,overnight,3.8552631578947367,3.880563352120999,76
QUEENS,Jamaica,Winter,3,afternoon,6.729411764705882,4.892628651967204,85
QUEENS,Jamaica,Winter,3,evening,6.952941176470588,3.939742203171545,85
QUEENS,Jamaica,Winter,3,morning,5.130952380952381,3.646354052642609,84
QUEENS,Jamaica,Winter,3,night,7.758620689655173,4.754350559032392,87
QUEENS,Jamaica,Winter,3,overnight,3.3209876543209877,2.189903881987901,81
QUEENS,Jamaica,Winter,4,afternoon,7.77906976744186,5.180054877725882,86
QUEENS,Jamaica,Winter,4,evening,8.620689655172415,4.354205076064589,87
QUEENS,Jamaica,Winter,4,morning,4.8352941176470585,3.5350188886931524,85
QUEENS,Jamaica,Winter,4,night,9.895348837209303,4.461677526163138,86
QUEENS,Jamaica,Winter,4,overnight,3.6,2.670040060383108,80
QUEENS,Jamaica,Winter,5,afternoon,9.2,5.446274392821643,85
QUEENS,Jamaica,Winter,5,evening,8.576470588235294,4.601698626822582,85
QUEENS,Jamaica,Winter,5,morning,5.853658536585366,4.380433349157102,82
QUEENS,Jamaica,Winter,5,night,13.470588235294118,6.036768757440717,85
QUEENS,Jamaica,Winter,5,overnight,5.695121951219512,4.995526454023193,82
QUEENS,Jamaica,Winter,6,afternoon,10.55952380952381,6.336642702122792,84
QUEENS,Jamaica,Winter,6,evening,8.630952380952381,7.050215346458576,84
QUEENS,Jamaica,Winter,6,morning,5.404761904761905,3.1741389027503124,84
QUEENS,Jamaica,Winter,6,night,13.119047619047619,7.05128333513864,84
QUEENS,Jamaica,Winter,6,overnight,6.585365853658536,3.7513823608884587,82
QUEENS,North Queens,Fall,0,afternoon,5.739726027397261,3.752878144616601,73
QUEENS,North Queens,Fall,0,evening,5.102564102564102,3.3597686360886945,78
QUEENS,North Queens,Fall,0,morning,5.702702702702703,5.69481795138744,74
QUEENS,North Queens,Fall,0,night,11.166666666666666,8.8880726537217,78
QUEENS,North Queens,Fall,0,overnight,4.046875,4.161157071609192,64
QUEENS,North Queens,Fall,1,afternoon,5.333333333333333,3.6366502753530243,75
QUEENS,North Queens,Fall,1,evening,5.565789473684211,3.916922350743551,76
QUEENS,North Queens,Fall,1,morning,5.078947368421052,3.853182781008403,76
QUEENS,North Queens,Fall,1,night,7.8441558441558445,4.542387892382894,77
QUEENS,North Queens,Fall,1,overnight,2.7758620689655173,5.528373712988824,58
QUEENS,North Queens,Fall,2,afternoon,5.226666666666667,3.4546221811385416,75
QUEENS,North Queens,Fall,2,evening,5.597402597402597,4.594790357338178,77
QUEENS,North Queens,Fall,2,morning,4.9324324324324325,3.492971734278417,74
QUEENS,North Queens,Fall,2,night,9.03896103896104,8.230945393103488,77
QUEENS,North Queens,Fall,2,overnight,2.7037037037037037,2.0888710468036806,54
QUEENS,North Queens,Fall,3,afternoon,6.391891891891892,5.006345473681494,74
QUEENS,North Queens,Fall,3,evening,6.311688311688312,4.246545779744621,77
QUEENS,North Queens,Fall,3,morning,4.890410958904109,3.4703571855694904,73
QUEENS,North Queens,Fall,3,night,8.807692307692308,7.683778988262191,78
QUEENS,North Queens,Fall,3,overnight,2.982142857142857,3.8399387846852284,56
QUEENS,North Queens,Fall,4,afternoon,7.184210526315789,6.718552475676667,76
QUEENS,North Queens,Fall,4,evening,7.128205128205129,5.728395832562449,78
QUEENS,North Queens,Fall,4,morning,5.333333333333333,4.497260511986831,72
QUEENS,North Queens,Fall,4,night,13.73076923076923,17.622058989714084,78
QUEENS,North Queens,Fall,4,overnight,3.6,3.561565072087251,60
QUEENS,North Queens,Fall,5,afternoon,6.935064935064935,4.563406109987947,77
QUEENS,North Queens,Fall,5,evening,9.636363636363637,6.5692847702276165,77
QUEENS,North Queens,Fall,5,morning,5.716216216216216,2.8502356079986266,74
QUEENS,North Queens,Fall,5,night,23.32051282051282,12.930878767803284,78
QUEENS,North Queens,Fall,5,overnight,5.444444444444445,4.2156278295018055,72
QUEENS,North Queens,Fall,6,afternoon,9.115384615384615,6.223083900026837,78
QUEENS,North Queens,Fall,6,evening,11.85897435897436,13.087839462323101,78
QUEENS,North Queens,Fall,6,morning,5.589743589743589,3.6801887918678227,78
QUEENS,North Queens,Fall,6,night,23.333333333333332,20.28476919937373,78
QUEENS,North Queens,Fall,6,overnight,11.818181818181818,10.539059271819673,77
QUEENS,North Queens,Spring,0,afternoon,5.808988764044944,12.778601079800968,89
QUEENS,North Queens,Spring,0,evening,7.426966292134831,13.717844748927181,89
QUEENS,North Queens,Spring,0,morning,4.443181818181818,3.158123823016556,88
QUEENS,North Queens,Spring,0,night,10.844444444444445,8.887449945953156,90
QUEENS,North Queens,Spring,0,overnight,3.986111111111111,5.067135356379855,72
QUEENS,North Queens,Spring,1,afternoon,4.839080459770115,2.900976432322884,87
QUEENS,North Queens,Spring,1,evening,6.1,7.148583579354113,90
QUEENS,North Queens,Spring,1,morning,4.953488372093023,4.378844802655783,86
QUEENS,North Queens,Spring,1,night,7.044444444444444,4.744982237001859,90
QUEENS,North Queens,Spring,1,overnight,3.203125,3.035136499636972,64
QUEENS,North Queens,Spring,2,afternoon,4.50561797752809,3.0455765072464223,89
QUEENS,North Queens,Spring,2,evening,4.730337078651686,3.1757749410176905,89
QUEENS,North Queens,Spring,2,morning,3.7790697674418605,2.2875682582715884,86
QUEENS,North Queens,Spring,2,night,6.944444444444445,3.9558266259571733,90
QUEENS,North Queens,Spring,2,overnight,2.463768115942029,1.6766537941504338,69
QUEENS,North Queens,Spring,3,afternoon,4.7701149425287355,3.7251538111690286,87
QUEENS,North Queens,Spring,3,evening,5.445783132530121,3.418932268243109,83
QUEENS,North Queens,Spring,3,morning,3.7951807228915664,2.3672513449897052,83
QUEENS,North Queens,Spring,3,night,6.932584269662922,4.09766494706267,89
QUEENS,North Queens,Spring,3,overnight,2.44,2.621326258089853,75
QUEENS,North Queens,Spring,4,afternoon,5.658823529411765,5.397426505766806,85
QUEENS,North Queens,Spring,4,evening,5.732558139534884,3.7492726152733744,86
QUEENS,North Queens,Spring,4,morning,4.290697674418604,2.486983900086337,86
QUEENS,North Queens,Spring,4,night,9.714285714285714,5.4737468668093126,91
QUEENS,North Queens,Spring,4,overnight,2.652173913043478,2.1131666157168136,69
QUEENS,North Queens,Spring,5,afternoon,6.114942528735632,3.2828847473069334,87
QUEENS,North Queens,Spring,5,evening,7.741573033707865,5.625688018301809,89
QUEENS,North Queens,Spring,5,morning,4.954545454545454,3.1473728906585983,88
QUEENS,North Queens,Spring,5,night,16.808988764044944,9.498655891151584,89
QUEENS,North Queens,Spring,5,overnight,4.851851851851852,8.05932861830176,81
QUEENS,North Queens,Spring,6,afternoon,7.640449438202247,4.864638618296224,89
QUEENS,North Queens,Spring,6,evening,11.142857142857142,12.804141195177118,91
QUEENS,North Queens,Spring,6,morning,4.682352941176471,3.1930421555756068,85
QUEENS,North Queens,Spring,6,night,22.934065934065934,22.47111835114487,91
QUEENS,North Queens,Spring,6,overnight,9.597701149425287,10.926242965974641,87
QUEENS,North Queens,Summer,0,afternoon,5.379746835443038,4.4384791732060025,79
QUEENS,North Queens,Summer,0,evening,6.0,4.56127118303602,78
QUEENS,North Queens,Summer,0,morning,6.25,5.673623181001712,76
QUEENS,North Queens,Summer,0,night,12.721518987341772,9.002758421814834,79
QUEENS,North Queens,Summer,0,overnight,4.1571428571428575,5.767564764493712,70
QUEENS,North Queens,Summer,1,afternoon,6.207792207792208,4.937338038216818,77
QUEENS,North Queens,Summer,1,evening,6.064102564102564,4.660805748270381,78
QUEENS,North Queens,Summer,1,morning,6.337662337662338,4.48861246175835,77
QUEENS,North Queens,Summer,1,night,10.240506329113924,7.336622554661975,79
QUEENS,North Queens,Summer,1,overnight,3.40625,6.03881295494089,64
QUEENS,North Queens,Summer,2,afternoon,5.5256410256410255,3.584687343407142,78
QUEENS,North Queens,Summer,2,evening,5.753246753246753,4.329081111189656,77
QUEENS,North Queens,Summer,2,morning,5.776315789473684,3.6935933153160447,76
QUEENS,North Queens,Summer,2,night,9.064102564102564,7.570173433120657,78
QUEENS,North Queens,Summer,2,overnight,2.830508474576271,2.400808357924194,59
QUEENS,North Queens,Summer,3,afternoon,8.012987012987013,6.02078309842251,77
QUEENS,North Queens,Summer,3,evening,6.6103896103896105,5.770058478577702,77
QUEENS,North Queens,Summer,3,morning,5.486486486486487,4.800808274536276,74
QUEENS,North Queens,Summer,3,night,9.569620253164556,5.23225583625216,79
QUEENS,North Queens,Summer,3,overnight,2.75,2.2218386899545846,68
QUEENS,North Queens,Summer,4,afternoon,7.773333333333333,5.686811041332376,75
QUEENS,North Queens,Summer,4,evening,7.782051282051282,8.270817789458725,78
QUEENS,North Queens,Summer,4,morning,5.094594594594595,4.278550897044527,74
QUEENS,North Queens,Summer,4,night,14.179487179487179,7.812317263930148,78
QUEENS,North Queens,Summer,4,overnight,3.1846153846153844,2.989002277581035,65
QUEENS,North Queens,Summer,5,afternoon,5.506329113924051,3.104477402329965,79
QUEENS,North Queens,Summer,5,evening,11.594936708860759,9.499688236911092,79
QUEENS,North Queens,Summer,5,morning,5.767123287671233,4.111368209493463,73
QUEENS,North Queens,Summer,5,night,27.88607594936709,10.014076428313619,79
QUEENS,North Queens,Summer,5,overnight,5.328947368421052,3.9543668954536386,76
QUEENS,North Queens,Summer,6,afternoon,7.5,4.961540397586531,78
QUEENS,North Queens,Summer,6,evening,15.151898734177216,28.987215841574443,79
QUEENS,North Queens,Summer,6,morning,5.828947368421052,6.747618163262722,76
QUEENS,North Queens,Summer,6,night,30.050632911392405,14.185491625996285,79
QUEENS,North Queens,Summer,6,overnight,10.576923076923077,8.055842811065977,78
QUEENS,North Queens,Winter,0,afternoon,4.617283950617284,3.257943758087944,81
QUEENS,North Queens,Winter,0,evening,4.207792207792208,3.581155585097542,77
QUEENS,North Queens,Winter,0,morning,5.571428571428571,4.59813626840888,77
QUEENS,North Queens,Winter,0,night,6.240963855421687,5.140917545146461,83
QUEENS,North Queens,Winter,0,overnight,3.274193548387097,4.896199110781415,62
QUEENS,North Queens,Winter,1,afternoon,5.1625,3.8498520438444994,80
QUEENS,North Queens,Winter,1,evening,4.158536585365853,3.476444587186856,82
QUEENS,North Queens,Winter,1,morning,5.35064935064935,4.814359644160576,77
QUEENS,North Queens,Winter,1,night,6.108433734939759,4.282727784134129,83
QUEENS,North Queens,Winter,1,overnight,2.603448275862069,2.420233823504575,58
QUEENS,North Queens,Winter,2,afternoon,6.075,4.796557309708334,80
QUEENS,North Queens,Winter,2,evening,4.0,2.643417167415627,82
QUEENS,North Queens,Winter,2,morning,5.253012048192771,3.5607733247968447,83
QUEENS,North Queens,Winter,2,night,7.588235294117647,9.450742119571576,85
QUEENS,North Queens,Winter,2,overnight,3.6714285714285713,5.5605271061044705,70
QUEENS,North Queens,Winter,3,afternoon,4.329411764705882,3.310834434075486,85
QUEENS,North Queens,Winter,3,evening,4.378048780487805,3.6468834789038977,82
QUEENS,North Queens,Winter,3,morning,4.888888888888889,3.933827652554189,81
QUEENS,North Queens,Winter,3,night,6.5058823529411764,4.439067709424079,85
QUEENS,North Queens,Winter,3,overnight,2.9298245614035086,3.726639855356139,57
QUEENS,North Queens,Winter,4,afternoon,5.536585365853658,3.9195462131877026,82
QUEENS,North Queens,Winter,4,evening,4.726190476190476,3.2905530735040207,84
QUEENS,North Queens,Winter,4,morning,4.170731707317073,3.1340616885873707,82
QUEENS,North Queens,Winter,4,night,7.3604651162790695,5.2913087243531605,86
QUEENS,North Queens,Winter,4,overnight,2.8666666666666667,4.023097156975365,60
QUEENS,North Queens,Winter,5,afternoon,4.7,3.6713050830267737,80
QUEENS,North Queens,Winter,5,evening,4.7407407407407405,2.6447012013542177,81
QUEENS,North Queens,Winter,5,morning,4.4625,3.0479034088818198,80
QUEENS,North Queens,Winter,5,night,10.223529411764705,9.670003287767496,85
QUEENS,North Queens,Winter,5,overnight,4.44,7.791610179493659,75
QUEENS,North Queens,Winter,6,afternoon,5.353658536585366,3.4654269550415715,82
QUEENS,North Queens,Winter,6,evening,4.2727272727272725,3.4929868218759488,77
QUEENS,North Queens,Winter,6,morning,4.061728395061729,3.191181908840147,81
QUEENS,North Queens,Winter,6,night,9.928571428571429,6.345068693857952,84
QUEENS,North Queens,Winter,6,overnight,5.283950617283951,4.897026056448022,81
QUEENS,Northeast Queens,Fall,0,afternoon,1.6444444444444444,0.9331168580124733,45
QUEENS,Northeast Queens,Fall,0,evening,2.372549019607843,2.576515354611538,51
QUEENS,Northeast Queens,Fall,0,morning,1.5789473684210527,1.0035498869181483,38
QUEENS,Northeast Queens,Fall,0,night,2.43859649122807,1.512065095202692,57
QUEENS,Northeast Queens,Fall,0,overnight,1.53125,0.8025915684870178,32
QUEENS,Northeast Queens,Fall,1,afternoon,1.4615384615384615,0.6823393910177054,39
QUEENS,Northeast Queens,Fall,1,evening,1.5,0.7313574508612273,44
QUEENS,Northeast Queens,Fall,1,morning,1.5675675675675675,0.8987812903080524,37
QUEENS,Northeast Queens,Fall,1,night,2.290909090909091,1.3699517059983088,55
QUEENS,Northeast Queens,Fall,1,overnight,1.4444444444444444,0.7510676161988107,27
QUEENS,Northeast Queens,Fall,2,afternoon,1.4878048780487805,1.2272316655691418,41
QUEENS,Northeast Queens,Fall,2,evening,1.9565217391304348,1.2284863629529439,46
QUEENS,Northeast Queens,Fall,2,morning,1.697674418604651,1.4063611221014976,43
QUEENS,Northeast Queens,Fall,2,night,3.1818181818181817,2.3917106263676047,66
QUEENS,Northeast Queens,Fall,2,overnight,1.393939393939394,0.933387444318875,33
QUEENS,Northeast Queens,Fall,3,afternoon,1.8095238095238095,1.3834931970373212,42
QUEENS,Northeast Queens,Fall,3,evening,1.553191489361702,1.0385715658139785,47
QUEENS,Northeast Queens,Fall,3,morning,1.6153846153846154,0.8465218191419527,39
QUEENS,Northeast Queens,Fall,3,night,2.5964912280701755,1.8013848752200843,57
QUEENS,Northeast Queens,Fall,3,overnight,1.375,0.6468989572333266,24
QUEENS,Northeast Queens,Fall,4,afternoon,1.8222222222222222,1.0288760171108369,45
QUEENS,Northeast Queens,Fall,4,evening,2.159090909090909,1.539301892782808,44
QUEENS,Northeast Queens,Fall,4,morning,1.4864864864864864,0.9315942613970245,37
QUEENS,Northeast Queens,Fall,4,night,3.4927536231884058,2.2597708655694246,69
QUEENS,Northeast Queens,Fall,4,overnight,1.4761904761904763,0.749603069567329,21
QUEENS,Northeast Queens,Fall,5,afternoon,2.0425531914893615,1.382459163773188,47
QUEENS,Northeast Queens,Fall,5,evening,2.5555555555555554,1.7485272861041932,63
QUEENS,Northeast Queens,Fall,5,morning,2.230769230769231,1.3520555826749632,52
QUEENS,Northeast Queens,Fall,5,night,6.602564102564102,4.388117791898681,78
QUEENS,Northeast Queens,Fall,5,overnight,2.0,1.509230856356236,37
QUEENS,Northeast Queens,Fall,6,afternoon,1.9795918367346939,1.1812739577529447,49
QUEENS,Northeast Queens,Fall,6,evening,2.8076923076923075,2.425667173542655,52
QUEENS,Northeast Queens,Fall,6,morning,2.096774193548387,1.7000948740129656,31
QUEENS,Northeast Queens,Fall,6,night,5.657534246575342,3.648512551111265,73
QUEENS,Northeast Queens,Fall,6,overnight,2.508771929824561,2.036478113746726,57
QUEENS,Northeast Queens,Spring,0,afternoon,1.6666666666666667,0.8528028654224417,45
QUEENS,Northeast Queens,Spring,0,evening,2.0,1.2247448713915892,49
QUEENS,Northeast Queens,Spring,0,morning,1.4722222222222223,0.6540472290116194,36
QUEENS,Northeast Queens,Spring,0,night,2.7241379310344827,1.8618336881675668,58
QUEENS,Northeast Queens,Spring,0,overnight,1.3125,0.5922891621605981,32
QUEENS,Northeast Queens,Spring,1,afternoon,1.7083333333333333,0.9215697369932695,48
QUEENS,Northeast Queens,Spring,1,evening,2.0555555555555554,1.4197616949475187,54
QUEENS,Northeast Queens,Spring,1,morning,1.75,1.2966775038611595,52
QUEENS,Northeast Queens,Spring,1,night,2.2666666666666666,1.4826321857420333,75
QUEENS,Northeast Queens,Spring,1,overnight,1.3928571428571428,0.994029797388005,28
QUEENS,Northeast Queens,Spring,2,afternoon,1.8297872340425532,1.0282773466203645,47
QUEENS,Northeast Queens,Spring,2,evening,1.744186046511628,1.1358450442567285,43
QUEENS,Northeast Queens,Spring,2,morning,1.6923076923076923,0.9401389454768977,52
QUEENS,Northeast Queens,Spring,2,night,3.1095890410958904,2.1509793882711015,73
QUEENS,Northeast Queens,Spring,2,overnight,1.4838709677419355,0.6768046366042658,31
QUEENS,Northeast Queens,Spring,3,afternoon,1.836734693877551,1.0477543202708635,49
QUEENS,Northeast Queens,Spring,3,evening,1.736842105263158,1.1730046247240717,57
QUEENS,Northeast Queens,Spring,3,morning,1.54,0.885483840989242,50
QUEENS,Northeast Queens,Spring,3,night,2.5584415584415585,1.7732924068961204,77
QUEENS,Northeast Queens,Spring,3,overnight,1.8076923076923077,1.7209121016305455,26
QUEENS,Northeast Queens,Spring,4,afternoon,1.6511627906976745,1.3252802206870848,43
QUEENS,Northeast Queens,Spring,4,evening,2.1052631578947367,1.5888474093586094,57
QUEENS,Northeast Queens,Spring,4,morning,1.6122448979591837,0.9086695065362563,49
QUEENS,Northeast Queens,Spring,4,night,3.0864197530864197,2.05059461415584,81
QUEENS,Northeast Queens,Spring,4,overnight,1.4090909090909092,0.7963662060880875,22
QUEENS,Northeast Queens,Spring,5,afternoon,1.9836065573770492,1.3477364143715014,61
QUEENS,Northeast Queens,Spring,5,evening,3.1538461538461537,2.470012457147036,65
QUEENS,Northeast Queens,Spring,5,morning,1.90625,1.3653158248505368,64
QUEENS,Northeast Queens,Spring,5,night,5.116279069767442,3.758656219984392,86
QUEENS,Northeast Queens,Spring,5,overnight,1.7073170731707317,1.2498780428310674,41
QUEENS,Northeast Queens,Spring,6,afternoon,1.9206349206349207,1.2088595972476108,63
QUEENS,Northeast Queens,Spring,6,evening,3.15625,3.0353407800103187,64
QUEENS,Northeast Queens,Spring,6,morning,1.8,0.8806305718527109,50
QUEENS,Northeast Queens,Spring,6,night,5.152941176470589,4.260856951457572,85
QUEENS,Northeast Queens,Spring,6,overnight,2.2884615384615383,2.337558123102795,52
QUEENS,Northeast Queens,Summer,0,afternoon,1.8636363636363635,1.17316723150007,44
QUEENS,Northeast Queens,Summer,0,evening,2.0,1.3070322617798436,49
QUEENS,Northeast Queens,Summer,0,morning,1.4634146341463414,0.6363002819270849,41
QUEENS,Northeast Queens,Summer,0,night,3.442622950819672,3.068792325785148,61
QUEENS,Northeast Queens,Summer,0,overnight,1.7333333333333334,1.0327955589886444,15
QUEENS,Northeast Queens,Summer,1,afternoon,1.6388888888888888,0.9305229797662259,36
QUEENS,Northeast Queens,Summer,1,evening,2.0,2.4675674031095665,46
QUEENS,Northeast Queens,Summer,1,morning,1.6428571428571428,1.1003642095816382,42
QUEENS,Northeast Queens,Summer,1,night,2.75,2.239614479296161,64
QUEENS,Northeast Queens,Summer,1,overnight,1.3888888888888888,0.7775443160352294,18
QUEENS,Northeast Queens,Summer,2,afternoon,1.4722222222222223,0.8446845940894526,36
QUEENS,Northeast Queens,Summer,2,evening,1.8409090909090908,1.1194513153135752,44
QUEENS,Northeast Queens,Summer,2,morning,1.6122448979591837,1.2880270204627606,49
QUEENS,Northeast Queens,Summer,2,night,3.296875,2.7411021274326632,64
QUEENS,Northeast Queens,Summer,2,overnight,1.3157894736842106,0.9459053029269172,19
QUEENS,Northeast Queens,Summer,3,afternoon,1.9142857142857144,1.0395538797520614,35
QUEENS,Northeast Queens,Summer,3,evening,1.851063829787234,1.102935281404862,47
QUEENS,Northeast Queens,Summer,3,morning,1.641025641025641,0.8106910465827574,39
QUEENS,Northeast Queens,Summer,3,night,3.295774647887324,2.503679384980565,71
QUEENS,Northeast Queens,Summer,3,overnight,1.8888888888888888,1.9063018984684914,18
QUEENS,Northeast Queens,Summer,4,afternoon,1.8157894736842106,1.3326515563706114,38
QUEENS,Northeast Queens,Summer,4,evening,2.5454545454545454,2.4781876727588936,55
QUEENS,Northeast Queens,Summer,4,morning,1.5833333333333333,1.0522085616183026,36
QUEENS,Northeast Queens,Summer,4,night,3.788732394366197,3.320565756260504,71
QUEENS,Northeast Queens,Summer,4,overnight,1.25,0.531609533071195,24
QUEENS,Northeast Queens,Summer,5,afternoon,1.8823529411764706,1.1071957157346557,51
QUEENS,Northeast Queens,Summer,5,evening,3.380952380952381,2.5553774509944103,63
QUEENS,Northeast Queens,Summer,5,morning,1.9464285714285714,1.1348951550636794,56
QUEENS,Northeast Queens,Summer,5,night,6.434210526315789,3.70345973855363,76
QUEENS,Northeast Queens,Summer,5,overnight,1.8974358974358974,1.2730996528339342,39
QUEENS,Northeast Queens,Summer,6,afternoon,1.826086956521739,0.9262672478786851,46
QUEENS,Northeast Queens,Summer,6,evening,4.212121212121212,6.785765988200599,66
QUEENS,Northeast Queens,Summer,6,morning,2.020408163265306,1.3767382333854559,49
QUEENS,Northeast Queens,Summer,6,night,5.756410256410256,4.41422110743764,78
QUEENS,Northeast Queens,Summer,6,overnight,2.1296296296296298,2.11950774185535,54
QUEENS,Northeast Queens,Winter,0,afternoon,1.358974358974359,0.5843205450138101,39
QUEENS,Northeast Queens,Winter,0,evening,2.032258064516129,1.957615402604947,31
QUEENS,Northeast Queens,Winter,0,morning,1.5348837209302326,0.9347481761543696,43
QUEENS,Northeast Queens,Winter,0,night,2.673076923076923,6.388473547607177,52
QUEENS,Northeast Queens,Winter,0,overnight,1.5263157894736843,1.1722922015640778,19
QUEENS,Northeast Queens,Winter,1,afternoon,1.3142857142857143,0.5297851157852238,35
QUEENS,Northeast Queens,Winter,1,evening,1.5526315789473684,0.7951667654786408,38
QUEENS,Northeast Queens,Winter,1,morning,1.5294117647058822,1.022038785887012,34
QUEENS,Northeast Queens,Winter,1,night,2.1666666666666665,1.5388062023211004,54
QUEENS,Northeast Queens,Winter,1,overnight,1.2105263157894737,0.5353033790313108,19
QUEENS,Northeast Queens,Winter,2,afternoon,1.2647058823529411,0.5672273623252055,34
QUEENS,Northeast Queens,Winter,2,evening,1.3783783783783783,0.6811490027622178,37
QUEENS,Northeast Queens,Winter,2,morning,1.5666666666666667,0.9352607356658147,30
QUEENS,Northeast Queens,Winter,2,night,2.859375,2.52522001241696,64
QUEENS,Northeast Queens,Winter,2,overnight,1.2580645161290323,0.6815542010964778,31
QUEENS,Northeast Queens,Winter,3,afternoon,1.4838709677419355,0.6768046366042658,31
QUEENS,Northeast Queens,Winter,3,evening,1.5789473684210527,0.7929274854329679,38
QUEENS,Northeast Queens,Winter,3,morning,1.3846153846153846,0.7474653526694701,39
QUEENS,Northeast Queens,Winter,3,night,2.5084745762711864,2.4661353359116656,59
QUEENS,Northeast Queens,Winter,3,overnight,1.380952380952381,1.1169686869465265,21
QUEENS,Northeast Queens,Winter,4,afternoon,1.7058823529411764,1.0008908687735623,34
QUEENS,Northeast Queens,Winter,4,evening,2.0425531914893615,2.710346093803541,47
QUEENS,Northeast Queens,Winter,4,morning,1.4047619047619047,0.8570944624355864,42
QUEENS,Northeast Queens,Winter,4,night,2.9210526315789473,2.1894483804205835,76
QUEENS,Northeast Queens,Winter,4,overnight,1.380952380952381,0.8047478161629563,21
QUEENS,Northeast Queens,Winter,5,afternoon,1.9714285714285715,1.2244017575393895,35
QUEENS,Northeast Queens,Winter,5,evening,1.853658536585366,1.2157502952859214,41
QUEENS,Northeast Queens,Winter,5,morning,1.58,0.7848046682754497,50
QUEENS,Northeast Queens,Winter,5,night,4.418918918918919,2.8090204832872936,74
QUEENS,Northeast Queens,Winter,5,overnight,1.7391304347826086,1.3217547325894201,23
QUEENS,Northeast Queens,Winter,6,afternoon,1.7297297297297298,1.710241189108988,37
QUEENS,Northeast Queens,Winter,6,evening,1.9714285714285715,1.5432150222966392,35
QUEENS,Northeast Queens,Winter,6,morning,1.3235294117647058,0.9445405564321195,34
QUEENS,Northeast Queens,Winter,6,night,3.3506493506493507,2.4048538294908237,77
QUEENS,Northeast Queens,Winter,6,overnight,2.024390243902439,1.8095276300467031,41
QUEENS,Northwest Queens,Fall,0,afternoon,7.701298701298701,7.912456759780302,77
QUEENS,Northwest Queens,Fall,0,evening,9.883116883116884,5.6264741366012485,77
QUEENS,Northwest Queens,Fall,0,morning,6.282051282051282,3.7204155468834186,78
QUEENS,Northwest Queens,Fall,0,night,16.32051282051282,8.062247422389957,78
QUEENS,Northwest Queens,Fall,0,overnight,6.243243243243243,5.806965139537436,74
QUEENS,Northwest Queens,Fall,1,afternoon,7.102564102564102,3.7540964416541165,78
QUEENS,Northwest Queens,Fall,1,evening,9.833333333333334,5.125481711074849,78
QUEENS,Northwest Queens,Fall,1,morning,6.35064935064935,3.1404250205406483,77
QUEENS,Northwest Queens,Fall,1,night,14.064102564102564,6.327305787995277,78
QUEENS,Northwest Queens,Fall,1,overnight,3.6710526315789473,2.3629820588667867,76
QUEENS,Northwest Queens,Fall,2,afternoon,6.589743589743589,3.725782049644327,78
QUEENS,Northwest Queens,Fall,2,evening,10.038461538461538,5.544254795620529,78
QUEENS,Northwest Queens,Fall,2,morning,6.597402597402597,4.120742588480804,77
QUEENS,Northwest Queens,Fall,2,night,14.166666666666666,5.537162916166832,78
QUEENS,Northwest Queens,Fall,2,overnight,4.2368421052631575,2.637516109537566,76
QUEENS,Northwest Queens,Fall,3,afternoon,6.584415584415584,3.400273399807454,77
QUEENS,Northwest Queens,Fall,3,evening,11.782051282051283,6.08307730542934,78
QUEENS,Northwest Queens,Fall,3,morning,6.423076923076923,3.0854464863257665,78
QUEENS,Northwest Queens,Fall,3,night,17.025641025641026,8.233561913992132,78
QUEENS,Northwest Queens,Fall,3,overnight,4.657534246575342,3.4529342517238226,73
QUEENS,Northwest Queens,Fall,4,afternoon,6.883116883116883,3.4867192616903915,77
QUEENS,Northwest Queens,Fall,4,evening,12.35897435897436,6.591955662311409,78
QUEENS,Northwest Queens,Fall,4,morning,5.961038961038961,4.402276798614548,77
QUEENS,Northwest Queens,Fall,4,night,27.67948717948718,13.105459940539298,78
QUEENS,Northwest Queens,Fall,4,overnight,4.8,2.9408584883752313,75
QUEENS,Northwest Queens,Fall,5,afternoon,11.5,4.782951324927255,78
QUEENS,Northwest Queens,Fall,5,evening,16.987179487179485,7.704769293331879,78
QUEENS,Northwest Queens,Fall,5,morning,10.282051282051283,4.073664025756002,78
QUEENS,Northwest Queens,Fall,5,night,42.73076923076923,20.15374224984845,78
QUEENS,Northwest Queens,Fall,5,overnight,12.807692307692308,8.45931085017805,78
QUEENS,Northwest Queens,Fall,6,afternoon,10.205128205128204,5.822836757580269,78
QUEENS,Northwest Queens,Fall,6,evening,16.051948051948052,10.056283848389086,77
QUEENS,Northwest Queens,Fall,6,morning,7.102564102564102,6.230610950822786,78
QUEENS,Northwest Queens,Fall,6,night,36.56410256410256,17.713880201174216,78
QUEENS,Northwest Queens,Fall,6,overnight,16.94871794871795,9.937332778496593,78
QUEENS,Northwest Queens,Spring,0,afternoon,7.648351648351649,3.73087307736593,91
QUEENS,Northwest Queens,Spring,0,evening,10.274725274725276,5.938697825965879,91
QUEENS,Northwest Queens,Spring,0,morning,6.131868131868132,3.3671906892798833,91
QUEENS,Northwest Queens,Spring,0,night,16.24175824175824,8.307079523368621,91
QUEENS,Northwest Queens,Spring,0,overnight,5.571428571428571,4.595028369257986,91
QUEENS,Northwest Queens,Spring,1,afternoon,7.34065934065934,3.8477115282832735,91
QUEENS,Northwest Queens,Spring,1,evening,11.153846153846153,6.3314437127071965,91
QUEENS,Northwest Queens,Spring,1,morning,6.3,4.133855832626947,90
QUEENS,Northwest Queens,Spring,1,night,14.725274725274724,7.910704328897838,91
QUEENS,Northwest Queens,Spring,1,overnight,3.558139534883721,2.278310267373301,86
QUEENS,Northwest Queens,Spring,2,afternoon,7.164835164835165,3.566086358597042,91
QUEENS,Northwest Queens,Spring,2,evening,10.483516483516484,5.014119258792309,91
QUEENS,Northwest Queens,Spring,2,morning,6.065934065934066,3.248254908587063,91
QUEENS,Northwest Queens,Spring,2,night,15.032967032967033,8.492415635207884,91
QUEENS,Northwest Queens,Spring,2,overnight,3.831460674157303,2.594732229380501,89
QUEENS,Northwest Queens,Spring,3,afternoon,6.876404494382022,3.890022857840944,89
QUEENS,Northwest Queens,Spring,3,evening,9.966666666666667,4.746258135851318,90
QUEENS,Northwest Queens,Spring,3,morning,6.438202247191011,3.4243614407379774,89
QUEENS,Northwest Queens,Spring,3,night,16.133333333333333,6.962499873923304,90
QUEENS,Northwest Queens,Spring,3,overnight,4.941860465116279,5.915790735595687,86
QUEENS,Northwest Queens,Spring,4,afternoon,9.033333333333333,5.097807415883636,90
QUEENS,Northwest Queens,Spring,4,evening,12.822222222222223,6.3574741959609735,90
QUEENS,Northwest Queens,Spring,4,morning,7.344444444444444,4.30876063702963,90
QUEENS,Northwest Queens,Spring,4,night,23.043956043956044,10.385793810042305,91
QUEENS,Northwest Queens,Spring,4,overnight,4.149425287356322,2.484972208127702,87
QUEENS,Northwest Queens,Spring,5,afternoon,11.522222222222222,6.269648266710395,90
QUEENS,Northwest Queens,Spring,5,evening,15.355555555555556,7.180358839130301,90
QUEENS,Northwest Queens,Spring,5,morning,10.269662921348315,4.544637311620999,89
QUEENS,Northwest Queens,Spring,5,night,35.13333333333333,15.535533752940841,90
QUEENS,Northwest Queens,Spring,5,overnight,11.02247191011236,7.173146780131828,89
QUEENS,Northwest Queens,Spring,6,afternoon,11.89010989010989,5.9188034628828845,91
QUEENS,Northwest Queens,Spring,6,evening,15.307692307692308,8.609674542425847,91
QUEENS,Northwest Queens,Spring,6,morning,6.325842696629214,4.044567852235651,89
QUEENS,Northwest Queens,Spring,6,night,31.10989010989011,13.169367275318672,91
QUEENS,Northwest Queens,Spring,6,overnight,12.12087912087912,7.339141888736287,91
QUEENS,Northwest Queens,Summer,0,afternoon,5.782051282051282,3.638350689199124,78
QUEENS,Northwest Queens,Summer,0,evening,8.645569620253164,5.0026607655802025,79
QUEENS,Northwest Queens,Summer,0,morning,5.025316455696203,2.7314628537926002,79
QUEENS,Northwest Queens,Summer,0,night,17.20253164556962,10.288629206288784,79
QUEENS,Northwest Queens,Summer,0,overnight,6.243589743589744,4.458133956596456,78
QUEENS,Northwest Queens,Summer,1,afternoon,5.641025641025641,3.4489763547229337,78
QUEENS,Northwest Queens,Summer,1,evening,10.177215189873417,5.7417934607060985,79
QUEENS,Northwest Queens,Summer,1,morning,5.1923076923076925,3.7453267584381105,78
QUEENS,Northwest Queens,Summer,1,night,15.873417721518987,9.932292694510442,79
QUEENS,Northwest Queens,Summer,1,overnight,4.28169014084507,3.7765558708263325,71
QUEENS,Northwest Queens,Summer,2,afternoon,5.545454545454546,2.830963452075219,77
QUEENS,Northwest Queens,Summer,2,evening,9.115384615384615,4.387055247686511,78
QUEENS,Northwest Queens,Summer,2,morning,5.6835443037974684,4.096728850785485,79
QUEENS,Northwest Queens,Summer,2,night,15.113924050632912,7.702792270559325,79
QUEENS,Northwest Queens,Summer,2,overnight,4.449275362318841,3.525271086297344,69
QUEENS,Northwest Queens,Summer,3,afternoon,4.936708860759493,2.5935905818881553,79
QUEENS,Northwest Queens,Summer,3,evening,10.49367088607595,6.816032039397278,79
QUEENS,Northwest Queens,Summer,3,morning,5.410256410256411,3.4166737733737,78
QUEENS,Northwest Queens,Summer,3,night,16.936708860759495,8.503908260100326,79
QUEENS,Northwest Queens,Summer,3,overnight,3.824324324324324,3.2408273428208987,74
QUEENS,Northwest Queens,Summer,4,afternoon,6.181818181818182,3.1569775382529244,77
QUEENS,Northwest Queens,Summer,4,evening,13.602564102564102,6.669059677072696,78
QUEENS,Northwest Queens,Summer,4,morning,5.6103896103896105,3.738687653779361,77
QUEENS,Northwest Queens,Summer,4,night,25.064102564102566,14.740473255006156,78
QUEENS,Northwest Queens,Summer,4,overnight,4.828947368421052,4.997034208127155,76
QUEENS,Northwest Queens,Summer,5,afternoon,10.037974683544304,4.799687591261522,79
QUEENS,Northwest Queens,Summer,5,evening,17.759493670886076,7.799104468435773,79
QUEENS,Northwest Queens,Summer,5,morning,8.468354430379748,4.460181216963409,79
QUEENS,Northwest Queens,Summer,5,night,39.78481012658228,18.102040461609352,79
QUEENS,Northwest Queens,Summer,5,overnight,11.341772151898734,7.5377444697342595,79
QUEENS,Northwest Queens,Summer,6,afternoon,10.30379746835443,5.350184349519151,79
QUEENS,Northwest Queens,Summer,6,evening,17.329113924050635,7.933572802333879,79
QUEENS,Northwest Queens,Summer,6,morning,5.578947368421052,3.688769109589221,76
QUEENS,Northwest Queens,Summer,6,night,35.65822784810127,17.62638325246573,79
QUEENS,Northwest Queens,Summer,6,overnight,15.177215189873417,10.133417037868126,79
QUEENS,Northwest Queens,Winter,0,afternoon,6.035714285714286,3.0078068244632057,84
QUEENS,Northwest Queens,Winter,0,evening,6.409638554216867,3.166270964239045,83
QUEENS,Northwest Queens,Winter,0,morning,6.180722891566265,4.1764279822076595,83
QUEENS,Northwest Queens,Winter,0,night,13.428571428571429,7.074961303969641,84
QUEENS,Northwest Queens,Winter,0,overnight,4.753086419753086,3.7600893081066937,81
QUEENS,Northwest Queens,Winter,1,afternoon,5.309523809523809,2.661534073787578,84
QUEENS,Northwest Queens,Winter,1,evening,7.369047619047619,3.4633355393242042,84
QUEENS,Northwest Queens,Winter,1,morning,5.962962962962963,3.2727833889689535,81
QUEENS,Northwest Queens,Winter,1,night,11.048192771084338,4.926047281141814,83
QUEENS,Northwest Queens,Winter,1,overnight,3.7432432432432434,2.909883068830909,74
QUEENS,Northwest Queens,Winter,2,afternoon,5.258823529411765,2.6954677179456983,85
QUEENS,Northwest Queens,Winter,2,evening,7.552941176470588,4.368463504409273,85
QUEENS,Northwest Queens,Winter,2,morning,5.870588235294117,2.8401384745504665,85
QUEENS,Northwest Queens,Winter,2,night,11.8,6.437982529303652,85
QUEENS,Northwest Queens,Winter,2,overnight,4.028169014084507,5.056740426643899,71
QUEENS,Northwest Queens,Winter,3,afternoon,5.758620689655173,3.080189956545565,87
QUEENS,Northwest Queens,Winter,3,evening,7.655172413793103,4.054361952517418,87
QUEENS,Northwest Queens,Winter,3,morning,5.891566265060241,3.3965981840974253,83
QUEENS,Northwest Queens,Winter,3,night,11.839080459770114,5.343706498734165,87
QUEENS,Northwest Queens,Winter,3,overnight,4.0120481927710845,3.977049942048952,83
QUEENS,Northwest Queens,Winter,4,afternoon,5.885057471264368,3.0932232280453205,87
QUEENS,Northwest Queens,Winter,4,evening,8.195402298850574,4.790589322536838,87
QUEENS,Northwest Queens,Winter,4,morning,5.244186046511628,2.5295247008160056,86
QUEENS,Northwest Queens,Winter,4,night,17.264367816091955,7.234381364263519,87
QUEENS,Northwest Queens,Winter,4,overnight,4.320987654320987,3.07338234073564,81
QUEENS,Northwest Queens,Winter,5,afternoon,7.635294117647059,4.20274020254453,85
QUEENS,Northwest Queens,Winter,5,evening,9.392857142857142,4.809673628540808,84
QUEENS,Northwest Queens,Winter,5,morning,7.578313253012048,3.39698748149833,83
QUEENS,Northwest Queens,Winter,5,night,25.51764705882353,9.68136620217499,85
QUEENS,Northwest Queens,Winter,5,overnight,8.892857142857142,5.671781465412272,84
QUEENS,Northwest Queens,Winter,6,afternoon,7.857142857142857,3.9549964042536385,84
QUEENS,Northwest Queens,Winter,6,evening,7.734939759036145,3.6260720445044283,83
QUEENS,Northwest Queens,Winter,6,morning,5.590361445783133,3.1778046747228768,83
QUEENS,Northwest Queens,Winter,6,night,21.726190476190474,7.493533261043553,84
QUEENS,Northwest Queens,Winter,6,overnight,10.214285714285714,6.301790582357514,84
QUEENS,Rockaways,Fall,0,afternoon,3.408450704225352,2.6053651501070547,71
QUEENS,Rockaways,Fall,0,evening,3.986666666666667,2.59153160043169,75
QUEENS,Rockaways,Fall,0,morning,3.262295081967213,2.0485900789263356,61
QUEENS,Rockaways,Fall,0,night,4.323943661971831,3.032088614834543,71
QUEENS,Rockaways,Fall,0,overnight,1.9574468085106382,1.3666437277618835,47
QUEENS,Rockaways,Fall,1,afternoon,3.101449275362319,1.9564743766172257,69
QUEENS,Rockaways,Fall,1,evening,3.8026315789473686,2.3721705213698567,76
QUEENS,Rockaways,Fall,1,morning,2.3714285714285714,1.3638333504748645,70
QUEENS,Rockaways,Fall,1,night,3.7837837837837838,2.271142795256556,74
QUEENS,Rockaways,Fall,1,overnight,1.6444444444444444,1.1511961280566076,45
QUEENS,Rockaways,Fall,2,afternoon,3.0704225352112675,2.0724308960526234,71
QUEENS,Rockaways,Fall,2,evening,4.45945945945946,2.9010588014666006,74
QUEENS,Rockaways,Fall,2,morning,2.761904761904762,1.7844696123036172,63
QUEENS,Rockaways,Fall,2,night,3.8552631578947367,2.2133169519579794,76
QUEENS,Rockaways,Fall,2,overnight,1.6511627906976745,1.1314491535875268,43
QUEENS,Rockaways,Fall,3,afternoon,3.1944444444444446,1.8662222811079907,72
QUEENS,Rockaways,Fall,3,evening,4.702702702702703,3.1086698460552893,74
QUEENS,Rockaways,Fall,3,morning,2.5555555555555554,1.5941200199460615,63
QUEENS,Rockaways,Fall,3,night,4.266666666666667,2.8679653458898744,75
QUEENS,Rockaways,Fall,3,overnight,1.7916666666666667,1.4433756729740645,48
QUEENS,Rockaways,Fall,4,afternoon,3.1267605633802815,2.0627968355386455,71
QUEENS,Rockaways,Fall,4,evening,5.88,4.175086987279588,75
QUEENS,Rockaways,Fall,4,morning,2.4444444444444446,1.478641243951829,63
QUEENS,Rockaways,Fall,4,night,6.171052631578948,3.799607551295219,76
QUEENS,Rockaways,Fall,4,overnight,1.6666666666666667,1.0708252269472671,51
QUEENS,Rockaways,Fall,5,afternoon,4.1066666666666665,2.2455561722037864,75
QUEENS,Rockaways,Fall,5,evening,7.153846153846154,4.704451948087909,78
QUEENS,Rockaways,Fall,5,morning,3.467741935483871,2.487461949197292,62
QUEENS,Rockaways,Fall,5,night,9.85897435897436,5.4813126662131335,78
QUEENS,Rockaways,Fall,5,overnight,2.8360655737704916,1.8090543373896804,61
QUEENS,Rockaways,Fall,6,afternoon,5.089743589743589,3.3736407457599698,78
QUEENS,Rockaways,Fall,6,evening,5.157894736842105,3.5779049049369562,76
QUEENS,Rockaways,Fall,6,morning,3.2083333333333335,1.711086468127328,72
QUEENS,Rockaways,Fall,6,night,7.6923076923076925,4.562147171364249,78
QUEENS,Rockaways,Fall,6,overnight,3.462686567164179,2.0024860171187764,67
QUEENS,Rockaways,Spring,0,afternoon,3.6707317073170733,2.910410764139535,82
QUEENS,Rockaways,Spring,0,evening,5.1234567901234565,4.013672620086815,81
QUEENS,Rockaways,Spring,0,morning,2.7333333333333334,1.726841620410506,75
QUEENS,Rockaways,Spring,0,night,4.816091954022989,4.053504758681732,87
QUEENS,Rockaways,Spring,0,overnight,1.8571428571428572,1.4433756729740645,49
QUEENS,Rockaways,Spring,1,afternoon,3.325,2.5146406744342196,80
QUEENS,Rockaways,Spring,1,evening,4.011764705882353,2.652465688692669,85
QUEENS,Rockaways,Spring,1,morning,2.647887323943662,1.852400693689106,71
QUEENS,Rockaways,Spring,1,night,4.241379310344827,2.4635270482057585,87
QUEENS,Rockaways,Spring,1,overnight,1.490909090909091,0.9403058460815205,55
QUEENS,Rockaways,Spring,2,afternoon,3.197530864197531,2.363364937363778,81
QUEENS,Rockaways,Spring,2,evening,3.413793103448276,2.16500563476323,87
QUEENS,Rockaways,Spring,2,morning,2.352112676056338,1.4050784578937299,71
QUEENS,Rockaways,Spring,2,night,4.2625,2.598654715254399,80
QUEENS,Rockaways,Spring,2,overnight,1.5384615384615385,0.8508712596230341,52
QUEENS,Rockaways,Spring,3,afternoon,3.189873417721519,1.9287032269423043,79
QUEENS,Rockaways,Spring,3,evening,4.2823529411764705,2.8098964762572507,85
QUEENS,Rockaways,Spring,3,morning,2.410958904109589,1.6058540168046629,73
QUEENS,Rockaways,Spring,3,night,4.174418604651163,3.0953166158117624,86
QUEENS,Rockaways,Spring,3,overnight,1.7674418604651163,1.1304699676372607,43
QUEENS,Rockaways,Spring,4,afternoon,3.3875,2.137630001968642,80
QUEENS,Rockaways,Spring,4,evening,5.034090909090909,3.4087408388704277,88
QUEENS,Rockaways,Spring,4,morning,2.535211267605634,1.6285926081435464,71
QUEENS,Rockaways,Spring,4,night,5.2272727272727275,3.1866361492573008,88
QUEENS,Rockaways,Spring,4,overnight,1.6326530612244898,0.9285714285714286,49
QUEENS,Rockaways,Spring,5,afternoon,4.703703703703703,2.8259708263021954,81
QUEENS,Rockaways,Spring,5,evening,6.238636363636363,4.076831985581757,88
QUEENS,Rockaways,Spring,5,morning,3.0142857142857142,1.9448397508058857,70
QUEENS,Rockaways,Spring,5,night,7.550561797752809,4.871091057441612,89
QUEENS,Rockaways,Spring,5,overnight,2.25,1.2531650071763365,72
QUEENS,Rockaways,Spring,6,afternoon,4.433734939759036,2.963982040877167,83
QUEENS,Rockaways,Spring,6,evening,4.932584269662922,3.5220014738813603,89
QUEENS,Rockaways,Spring,6,morning,2.6,1.489201638122703,80
QUEENS,Rockaways,Spring,6,night,7.4945054945054945,5.572499192709429,91
QUEENS,Rockaways,Spring,6,overnight,2.7941176470588234,1.6441558513609742,68
QUEENS,Rockaways,Summer,0,afternoon,3.5277777777777777,2.6376057336644876,72
QUEENS,Rockaways,Summer,0,evening,5.371794871794871,3.4040044193928547,78
QUEENS,Rockaways,Summer,0,morning,2.4242424242424243,1.6177915246561956,66
QUEENS,Rockaways,Summer,0,night,6.602564102564102,4.169586056846397,78
QUEENS,Rockaways,Summer,0,overnight,1.5294117647058822,0.9022846818265415,51
QUEENS,Rockaways,Summer,1,afternoon,3.6984126984126986,2.5249396072938675,63
QUEENS,Rockaways,Summer,1,evening,4.986486486486487,3.4739470396166747,74
QUEENS,Rockaways,Summer,1,morning,2.6885245901639343,2.1873955868913866,61
QUEENS,Rockaways,Summer,1,night,5.415584415584416,3.3730770324916017,77
QUEENS,Rockaways,Summer,1,overnight,2.130434782608696,1.3921796763376952,46
QUEENS,Rockaways,Summer,2,afternoon,3.4473684210526314,2.174977313856278,76
QUEENS,Rockaways,Summer,2,evening,5.666666666666667,3.2187513666576293,75
QUEENS,Rockaways,Summer,2,morning,2.365079365079365,1.8077038304879705,63
QUEENS,Rockaways,Summer,2,night,6.217948717948718,3.485209699097982,78
QUEENS,Rockaways,Summer,2,overnight,1.9375,1.4203123719951725,48
QUEENS,Rockaways,Summer,3,afternoon,3.507042253521127,2.557192877448795,71
QUEENS,Rockaways,Summer,3,evening,5.454545454545454,3.381627817865916,77
QUEENS,Rockaways,Summer,3,morning,2.2096774193548385,1.4387733479234561,62
QUEENS,Rockaways,Summer,3,night,6.569620253164557,3.597305060749974,79
QUEENS,Rockaways,Summer,3,overnight,1.8636363636363635,1.2866200373487893,44
QUEENS,Rockaways,Summer,4,afternoon,3.295774647887324,1.9668275122075805,71
QUEENS,Rockaways,Summer,4,evening,7.246753246753247,3.887076577569657,77
QUEENS,Rockaways,Summer,4,morning,2.5283018867924527,1.3672512231158382,53
QUEENS,Rockaways,Summer,4,night,9.168831168831169,4.953474584366321,77
QUEENS,Rockaways,Summer,4,overnight,2.0652173913043477,1.9933464203923064,46
QUEENS,Rockaways,Summer,5,afternoon,5.7368421052631575,3.9744799946747964,76
QUEENS,Rockaways,Summer,5,evening,10.721518987341772,5.1164308194055605,79
QUEENS,Rockaways,Summer,5,morning,2.925373134328358,1.7693812720648892,67
QUEENS,Rockaways,Summer,5,night,17.9873417721519,7.07558762783206,79
QUEENS,Rockaways,Summer,5,overnight,3.242424242424242,2.1344111496407985,66
QUEENS,Rockaways,Summer,6,afternoon,5.103896103896104,3.7891271581516652,77
QUEENS,Rockaways,Summer,6,evening,8.474358974358974,4.659090706041921,78
QUEENS,Rockaways,Summer,6,morning,2.9571428571428573,2.6012021428546683,70
QUEENS,Rockaways,Summer,6,night,15.569620253164556,6.719057367311695,79
QUEENS,Rockaways,Summer,6,overnight,4.554054054054054,3.4646626746471183,74
QUEENS,Rockaways,Winter,0,afternoon,2.8059701492537314,1.8848583739911393,67
QUEENS,Rockaways,Winter,0,evening,2.875,2.0619797679366987,72
QUEENS,Rockaways,Winter,0,morning,2.380952380952381,1.600691094985794,63
QUEENS,Rockaways,Winter,0,night,3.518987341772152,3.7411802590368377,79
QUEENS,Rockaways,Winter,0,overnight,1.9555555555555555,1.5367550753507084,45
QUEENS,Rockaways,Winter,1,afternoon,2.6956521739130435,1.647675259142648,69
QUEENS,Rockaways,Winter,1,evening,2.9305555555555554,1.7224809235754623,72
QUEENS,Rockaways,Winter,1,morning,2.5,2.0707813967728073,60
QUEENS,Rockaways,Winter,1,night,3.472972972972973,2.5169179509595208,74
QUEENS,Rockaways,Winter,1,overnight,1.7333333333333334,1.031327476428493,45
QUEENS,Rockaways,Winter,2,afternoon,2.4444444444444446,1.6605521641393433,72
QUEENS,Rockaways,Winter,2,evening,3.0,1.8864844365675968,69
QUEENS,Rockaways,Winter,2,morning,2.375,1.5275252316519468,64
QUEENS,Rockaways,Winter,2,night,3.430379746835443,2.0043769049309184,79
QUEENS,Rockaways,Winter,2,overnight,1.8297872340425532,1.273802061890687,47
QUEENS,Rockaways,Winter,3,afternoon,2.7058823529411766,1.639610652084879,68
QUEENS,Rockaways,Winter,3,evening,3.2083333333333335,2.0065912515268836,72
QUEENS,Rockaways,Winter,3,morning,2.484848484848485,1.9864341786026405,66
QUEENS,Rockaways,Winter,3,night,3.0123456790123457,1.8199850765905594,81
QUEENS,Rockaways,Winter,3,overnight,1.9555555555555555,1.6781423110575622,45
QUEENS,Rockaways,Winter,4,afternoon,2.4054054054054053,1.5608122132088433,74
QUEENS,Rockaways,Winter,4,evening,3.1265822784810124,2.090068632216232,79
QUEENS,Rockaways,Winter,4,morning,2.4029850746268657,1.5478205742517086,67
QUEENS,Rockaways,Winter,4,night,4.152941176470589,2.674864849068886,85
QUEENS,Rockaways,Winter,4,overnight,2.1132075471698113,1.772225647189807,53
QUEENS,Rockaways,Winter,5,afternoon,3.4166666666666665,2.3058407161924053,72
QUEENS,Rockaways,Winter,5,evening,4.28,2.9018167655006306,75
QUEENS,Rockaways,Winter,5,morning,2.5970149253731343,1.6611396370303289,67
QUEENS,Rockaways,Winter,5,night,5.695121951219512,3.013094977422548,82
QUEENS,Rockaways,Winter,5,overnight,2.298507462686567,1.2674828953855668,67
QUEENS,Rockaways,Winter,6,afternoon,3.230769230769231,2.1436894820389902,78
QUEENS,Rockaways,Winter,6,evening,2.9178082191780823,1.6223561797029635,73
QUEENS,Rockaways,Winter,6,morning,2.5,1.255755978254962,66
QUEENS,Rockaways,Winter,6,night,4.524390243902439,2.5493916473848226,82
QUEENS,Rockaways,Winter,6,overnight,2.365079365079365,1.5994110539214248,63
QUEENS,Southeast Queens,Fall,0,afternoon,3.1,2.81461078984379,60
QUEENS,Southeast Queens,Fall,0,evening,4.358208955223881,5.645329237351921,67
QUEENS,Southeast Queens,Fall,0,morning,1.8214285714285714,1.800072148626199,56
QUEENS,Southeast Queens,Fall,0,night,6.297297297297297,8.859218138187623,74
QUEENS,Southeast Queens,Fall,0,overnight,3.088888888888889,4.521776713468352,45
QUEENS,Southeast Queens,Fall,1,afternoon,2.9206349206349205,1.5688663186701581,63
QUEENS,Southeast Queens,Fall,1,evening,3.573529411764706,2.4936706533702977,68
QUEENS,Southeast Queens,Fall,1,morning,2.388888888888889,2.013320421467198,54
QUEENS,Southeast Queens,Fall,1,night,3.712328767123288,3.4053856530452635,73
QUEENS,Southeast Queens,Fall,1,overnight,1.7692307692307692,1.2145423509173923,52
QUEENS,Southeast Queens,Fall,2,afternoon,2.4310344827586206,1.5572362942029898,58
QUEENS,Southeast Queens,Fall,2,evening,3.2058823529411766,2.154889085551091,68
QUEENS,Southeast Queens,Fall,2,morning,2.276595744680851,1.3625763266945652,47
QUEENS,Southeast Queens,Fall,2,night,3.7971014492753623,2.0261504367884116,69
QUEENS,Southeast Queens,Fall,2,overnight,1.58,0.7848046682754499,50
QUEENS,Southeast Queens,Fall,3,afternoon,2.5846153846153848,1.8276719113081032,65
QUEENS,Southeast Queens,Fall,3,evening,3.7733333333333334,1.9971150363633208,75
QUEENS,Southeast Queens,Fall,3,morning,1.9615384615384615,1.2827901340061316,52
QUEENS,Southeast Queens,Fall,3,night,4.154929577464789,2.583728686131972,71
QUEENS,Southeast Queens,Fall,3,overnight,1.605263157894737,1.0536801320932914,38
QUEENS,Southeast Queens,Fall,4,afternoon,2.5396825396825395,1.8034500701871292,63
QUEENS,Southeast Queens,Fall,4,evening,5.112676056338028,3.8933984265480825,71
QUEENS,Southeast Queens,Fall,4,morning,1.6875,0.8291561975888501,48
QUEENS,Southeast Queens,Fall,4,night,6.906666666666666,4.997765266362322,75
QUEENS,Southeast Queens,Fall,4,overnight,1.6153846153846154,1.4256186951522527,39
QUEENS,Southeast Queens,Fall,5,afternoon,4.6891891891891895,4.0065893522658085,74
QUEENS,Southeast Queens,Fall,5,evening,8.48,6.386979999460895,75
QUEENS,Southeast Queens,Fall,5,morning,2.5,1.5122451011332916,62
QUEENS,Southeast Queens,Fall,5,night,15.243589743589743,10.900001069267073,78
QUEENS,Southeast Queens,Fall,5,overnight,3.029850746268657,2.575938483018352,67
QUEENS,Southeast Queens,Fall,6,afternoon,4.8133333333333335,3.854422988798268,75
QUEENS,Southeast Queens,Fall,6,evening,7.097222222222222,5.652270445525264,72
QUEENS,Southeast Queens,Fall,6,morning,2.3392857142857144,1.492731306446928,56
QUEENS,Southeast Queens,Fall,6,night,17.012820512820515,12.32513384953382,78
QUEENS,Southeast Queens,Fall,6,overnight,7.878378378378378,6.237212019217944,74
QUEENS,Southeast Queens,Spring,0,afternoon,3.125,2.4873095627121873,80
QUEENS,Southeast Queens,Spring,0,evening,4.102564102564102,3.2894547907689535,78
QUEENS,Southeast Queens,Spring,0,morning,1.9705882352941178,1.4348601079588783,68
QUEENS,Southeast Queens,Spring,0,night,5.329411764705882,4.9217404860236895,85
QUEENS,Southeast Queens,Spring,0,overnight,2.0,1.3070322617798433,49
QUEENS,Southeast Queens,Spring,1,afternoon,2.9873417721518987,2.0661724236516075,79
QUEENS,Southeast Queens,Spring,1,evening,3.5555555555555554,2.2638462845343543,81
QUEENS,Southeast Queens,Spring,1,morning,2.0869565217391304,1.8128554859082737,69
QUEENS,Southeast Queens,Spring,1,night,3.857142857142857,3.003131198013367,77
QUEENS,Southeast Queens,Spring,1,overnight,1.6470588235294117,0.8677218312746247,51
QUEENS,Southeast Queens,Spring,2,afternoon,3.1285714285714286,2.2836623812717174,70
QUEENS,Southeast Queens,Spring,2,evening,3.3896103896103895,2.417892972228877,77
QUEENS,Southeast Queens,Spring,2,morning,1.9433962264150944,1.5116864543083435,53
QUEENS,Southeast Queens,Spring,2,night,3.3625,1.943790828461264,80
QUEENS,Southeast Queens,Spring,2,overnight,1.6764705882352942,0.878034590168848,34
QUEENS,Southeast Queens,Spring,3,afternoon,2.73972602739726,2.0140299378517605,73
QUEENS,Southeast Queens,Spring,3,evening,3.8354430379746836,2.350288469729726,79
QUEENS,Southeast Queens,Spring,3,morning,2.3492063492063493,1.806428754152791,63
QUEENS,Southeast Queens,Spring,3,night,4.195121951219512,2.817226656541324,82
QUEENS,Southeast Queens,Spring,3,overnight,1.9148936170212767,1.332369370936808,47
QUEENS,Southeast Queens,Spring,4,afternoon,2.858974358974359,1.7186853853685533,78
QUEENS,Southeast Queens,Spring,4,evening,4.063291139240507,3.3943458723781723,79
QUEENS,Southeast Queens,Spring,4,morning,2.365079365079365,2.089154693245397,63
QUEENS,Southeast Queens,Spring,4,night,4.804597701149425,3.309040050710169,87
QUEENS,Southeast Queens,Spring,4,overnight,1.5208333333333333,0.7715577868440681,48
QUEENS,Southeast Queens,Spring,5,afternoon,4.261904761904762,3.054205268502057,84
QUEENS,Southeast Queens,Spring,5,evening,5.113636363636363,3.7245128299244294,88
QUEENS,Southeast Queens,Spring,5,morning,2.467741935483871,1.9393909973256216,62
QUEENS,Southeast Queens,Spring,5,night,9.166666666666666,6.080453117355609,90
QUEENS,Southeast Queens,Spring,5,overnight,2.1363636363636362,1.5077886368541755,66
QUEENS,Southeast Queens,Spring,6,afternoon,4.372093023255814,3.7886720058241323,86
QUEENS,Southeast Queens,Spring,6,evening,4.964705882352941,3.58384954916308,85
QUEENS,Southeast Queens,Spring,6,morning,2.5416666666666665,1.9278353912548256,72
QUEENS,Southeast Queens,Spring,6,night,9.922222222222222,7.4761460025327215,90
QUEENS,Southeast Queens,Spring,6,overnight,4.2105263157894735,2.913489497601043,76
QUEENS,Southeast Queens,Summer,0,afternoon,3.3472222222222223,2.622544309281943,72
QUEENS,Southeast Queens,Summer,0,evening,5.1466666666666665,3.861428573809262,75
QUEENS,Southeast Queens,Summer,0,morning,2.280701754385965,2.7823062502491416,57
QUEENS,Southeast Queens,Summer,0,night,8.10126582278481,5.621832297138564,79
QUEENS,Southeast Queens,Summer,0,overnight,2.7222222222222223,2.572838287834257,54
QUEENS,Southeast Queens,Summer,1,afternoon,3.0833333333333335,3.0058628158326908,72
QUEENS,Southeast Queens,Summer,1,evening,4.541666666666667,4.259000411721306,72
QUEENS,Southeast Queens,Summer,1,morning,2.4035087719298245,2.234946860368648,57
QUEENS,Southeast Queens,Summer,1,night,5.142857142857143,4.260325802077773,77
QUEENS,Southeast Queens,Summer,1,overnight,2.3333333333333335,1.5811388300841898,45
QUEENS,Southeast Queens,Summer,2,afternoon,2.9577464788732395,2.38109590446026,71
QUEENS,Southeast Queens,Summer,2,evening,3.608108108108108,2.465196469247057,74
QUEENS,Southeast Queens,Summer,2,morning,2.0344827586206895,1.2837105926424506,58
QUEENS,Southeast Queens,Summer,2,night,5.243589743589744,3.542637866094,78
QUEENS,Southeast Queens,Summer,2,overnight,2.051282051282051,1.8771299193564226,39
QUEENS,Southeast Queens,Summer,3,afternoon,2.876923076923077,2.7128611067681634,65
QUEENS,Southeast Queens,Summer,3,evening,4.7272727272727275,4.115555739272911,77
QUEENS,Southeast Queens,Summer,3,morning,2.227272727272727,1.8712024479993077,66
QUEENS,Southeast Queens,Summer,3,night,6.064935064935065,3.353465067099145,77
QUEENS,Southeast Queens,Summer,3,overnight,1.8636363636363635,1.2312011357964503,44
QUEENS,Southeast Queens,Summer,4,afternoon,4.222222222222222,3.0499236758966592,72
QUEENS,Southeast Queens,Summer,4,evening,7.564102564102564,5.385381230918661,78
QUEENS,Southeast Queens,Summer,4,morning,2.1904761904761907,1.2029150461669897,63
QUEENS,Southeast Queens,Summer,4,night,9.038461538461538,5.010229296389299,78
QUEENS,Southeast Queens,Summer,4,overnight,1.9130434782608696,1.151348715522061,46
QUEENS,Southeast Queens,Summer,5,afternoon,6.493333333333333,4.97119631404683,75
QUEENS,Southeast Queens,Summer,5,evening,12.569620253164556,6.2484532328138185,79
QUEENS,Southeast Queens,Summer,5,morning,3.0,1.5970988190093807,70
QUEENS,Southeast Queens,Summer,5,night,24.40506329113924,9.412919364229218,79
QUEENS,Southeast Queens,Summer,5,overnight,3.9583333333333335,3.0921868828241696,72
QUEENS,Southeast Queens,Summer,6,afternoon,6.025316455696203,4.329311793310814,79
QUEENS,Southeast Queens,Summer,6,evening,10.151898734177216,5.699951883726146,79
QUEENS,Southeast Queens,Summer,6,morning,2.8550724637681157,2.088310338096614,69
QUEENS,Southeast Queens,Summer,6,night,28.556962025316455,9.33252766959025,79
QUEENS,Southeast Queens,Summer,6,overnight,11.683544303797468,6.63816530066173,79
QUEENS,Southeast Queens,Winter,0,afternoon,2.0338983050847457,1.991067134555594,59
QUEENS,Southeast Queens,Winter,0,evening,2.339622641509434,1.5559241160359072,53
QUEENS,Southeast Queens,Winter,0,morning,2.0754716981132075,1.673883745202405,53
QUEENS,Southeast Queens,Winter,0,night,2.8125,1.541747102148769,64
QUEENS,Southeast Queens,Winter,0,overnight,1.880952380952381,1.7278547385926628,42
QUEENS,Southeast Queens,Winter,1,afternoon,2.3793103448275863,2.183089603700646,58
QUEENS,Southeast Queens,Winter,1,evening,2.3174603174603177,1.9161907510390608,63
QUEENS,Southeast Queens,Winter,1,morning,2.0727272727272728,1.893991918463589,55
QUEENS,Southeast Queens,Winter,1,night,2.787878787878788,1.5934013113235908,66
QUEENS,Southeast Queens,Winter,1,overnight,1.9189189189189189,1.7220526895148898,37
QUEENS,Southeast Queens,Winter,2,afternoon,2.109090909090909,1.717801429397982,55
QUEENS,Southeast Queens,Winter,2,evening,2.515625,2.7138222766434703,64
QUEENS,Southeast Queens,Winter,2,morning,2.1551724137931036,1.4241245280895742,58
QUEENS,Southeast Queens,Winter,2,night,3.0,2.6947241902537007,66
QUEENS,Southeast Queens,Winter,2,overnight,2.255813953488372,2.3410724369482376,43
QUEENS,Southeast Queens,Winter,3,afternoon,1.9838709677419355,1.6445831150847923,62
QUEENS,Southeast Queens,Winter,3,evening,2.3088235294117645,1.5574314190710763,68
QUEENS,Southeast Queens,Winter,3,morning,2.0,1.9794866372215738,50
QUEENS,Southeast Queens,Winter,3,night,2.675324675324675,1.6657664463319046,77
QUEENS,Southeast Queens,Winter,3,overnight,1.829268292682927,1.563688572324909,41
QUEENS,Southeast Queens,Winter,4,afternoon,2.1451612903225805,1.2524961855712133,62
QUEENS,Southeast Queens,Winter,4,evening,2.4507042253521125,1.7791549550628663,71
QUEENS,Southeast Queens,Winter,4,morning,2.1228070175438596,1.402423609309924,57
QUEENS,Southeast Queens,Winter,4,night,3.7066666666666666,2.0584258833188804,75
QUEENS,Southeast Queens,Winter,4,overnight,2.3421052631578947,2.0830891274605903,38
QUEENS,Southeast Queens,Winter,5,afternoon,2.5692307692307694,1.8537902959985686,65
QUEENS,Southeast Queens,Winter,5,evening,2.6338028169014085,1.899168514449854,71
QUEENS,Southeast Queens,Winter,5,morning,1.851063829787234,1.3509855244011815,47
QUEENS,Southeast Queens,Winter,5,night,4.45,2.950648930985191,80
QUEENS,Southeast Queens,Winter,5,overnight,2.23728813559322,1.8414666479593012,59
QUEENS,Southeast Queens,Winter,6,afternoon,2.864864864864865,2.7314722023932885,74
QUEENS,Southeast Queens,Winter,6,evening,2.298507462686567,2.222576483144801,67
QUEENS,Southeast Queens,Winter,6,morning,1.7777777777777777,1.192217953143947,54
QUEENS,Southeast Queens,Winter,6,night,5.4935064935064934,3.303201702907175,77
QUEENS,Southeast Queens,Winter,6,overnight,2.5384615384615383,2.525352222196707,65
QUEENS,Southwest Queens,Fall,0,afternoon,13.333333333333334,10.388138423866902,78
QUEENS,Southwest Queens,Fall,0,evening,12.948717948717949,10.501573705071555,78
QUEENS,Southwest Queens,Fall,0,morning,7.123287671232877,5.614824637311709,73
QUEENS,Southwest Queens,Fall,0,night,17.91025641025641,21.397406019164674,78
QUEENS,Southwest Queens,Fall,0,overnight,5.142857142857143,6.592234593506044,70
QUEENS,Southwest Queens,Fall,1,afternoon,12.513157894736842,9.810869375072569,76
QUEENS,Southwest Queens,Fall,1,evening,11.64102564102564,7.720733359579492,78
QUEENS,Southwest Queens,Fall,1,morning,7.619718309859155,6.123412207452169,71
QUEENS,Southwest Queens,Fall,1,night,10.233766233766234,8.40253110972506,77
QUEENS,Southwest Queens,Fall,1,overnight,2.4727272727272727,2.035377346528388,55
QUEENS,Southwest Queens,Fall,2,afternoon,12.246753246753247,10.533350349392567,77
QUEENS,Southwest Queens,Fall,2,evening,11.467532467532468,6.163526877365827,77
QUEENS,Southwest Queens,Fall,2,morning,7.222222222222222,6.056592781336371,72
QUEENS,Southwest Queens,Fall,2,night,10.41025641025641,4.952858016418653,78
QUEENS,Southwest Queens,Fall,2,overnight,2.3793103448275863,1.8809067075076444,58
QUEENS,Southwest Queens,Fall,3,afternoon,15.43421052631579,13.092833180857166,76
QUEENS,Southwest Queens,Fall,3,evening,13.064102564102564,8.050715453549413,78
QUEENS,Southwest Queens,Fall,3,morning,7.928571428571429,6.368676582137571,70
QUEENS,Southwest Queens,Fall,3,night,10.820512820512821,6.797141472790765,78
QUEENS,Southwest Queens,Fall,3,overnight,2.3174603174603177,1.9329519195779024,63
QUEENS,Southwest Queens,Fall,4,afternoon,14.846153846153847,11.625181940290444,78
QUEENS,Southwest Queens,Fall,4,evening,17.5,10.373229781697507,78
QUEENS,Southwest Queens,Fall,4,morning,7.5675675675675675,6.560740605289363,74
QUEENS,Southwest Queens,Fall,4,night,19.846153846153847,10.223574644980028,78
QUEENS,Southwest Queens,Fall,4,overnight,3.272727272727273,3.2275041776554243,66
QUEENS,Southwest Queens,Fall,5,afternoon,15.282051282051283,8.722113165698898,78
QUEENS,Southwest Queens,Fall,5,evening,29.628205128205128,16.589864668634576,78
QUEENS,Southwest Queens,Fall,5,morning,5.1866666666666665,4.3455268499462285,75
QUEENS,Southwest Queens,Fall,5,night,53.11538461538461,32.39407544407039,78
QUEENS,Southwest Queens,Fall,5,overnight,8.220779220779221,6.350763270794135,77
QUEENS,Southwest Queens,Fall,6,afternoon,19.602564102564102,10.259414103913429,78
QUEENS,Southwest Queens,Fall,6,evening,25.08974358974359,16.1383514321131,78
QUEENS,Southwest Queens,Fall,6,morning,6.5064935064935066,3.965719476182483,77
QUEENS,Southwest Queens,Fall,6,night,56.48717948717949,31.983657998333758,78
QUEENS,Southwest Queens,Fall,6,overnight,24.205128205128204,17.146700090959893,78
QUEENS,Southwest Queens,Spring,0,afternoon,12.703296703296703,10.303715085664228,91
QUEENS,Southwest Queens,Spring,0,evening,12.956043956043956,11.644657418663993,91
QUEENS,Southwest Queens,Spring,0,morning,6.848837209302325,5.993167564447064,86
QUEENS,Southwest Queens,Spring,0,night,14.758241758241759,16.449478653907182,91
QUEENS,Southwest Queens,Spring,0,overnight,4.048192771084337,4.042166813449438,83
QUEENS,Southwest Queens,Spring,1,afternoon,11.877777777777778,8.957863631968218,90
QUEENS,Southwest Queens,Spring,1,evening,11.857142857142858,7.957625872319553,91
QUEENS,Southwest Queens,Spring,1,morning,7.732558139534884,6.6729029199391885,86
QUEENS,Southwest Queens,Spring,1,night,9.296703296703297,7.046661156564395,91
QUEENS,Southwest Queens,Spring,1,overnight,2.6923076923076925,2.0985342870313444,65
QUEENS,Southwest Queens,Spring,2,afternoon,11.395604395604396,9.550891896547464,91
QUEENS,Southwest Queens,Spring,2,evening,10.868131868131869,9.196869988339381,91
QUEENS,Southwest Queens,Spring,2,morning,7.517241379310345,5.850585478484915,87
QUEENS,Southwest Queens,Spring,2,night,8.340659340659341,5.226470617538676,91
QUEENS,Southwest Queens,Spring,2,overnight,2.611111111111111,2.412149736993461,72
QUEENS,Southwest Queens,Spring,3,afternoon,13.696629213483146,12.440224799180154,89
QUEENS,Southwest Queens,Spring,3,evening,14.177777777777777,9.735349439753426,90
QUEENS,Southwest Queens,Spring,3,morning,6.783132530120482,6.026462362296209,83
QUEENS,Southwest Queens,Spring,3,night,9.366666666666667,5.8606476614138785,90
QUEENS,Southwest Queens,Spring,3,overnight,3.084507042253521,4.2719900978792404,71
QUEENS,Southwest Queens,Spring,4,afternoon,14.258426966292134,10.22422267537382,89
QUEENS,Southwest Queens,Spring,4,evening,17.6,11.01255667383292,90
QUEENS,Southwest Queens,Spring,4,morning,8.647727272727273,7.362595389351069,88
QUEENS,Southwest Queens,Spring,4,night,15.505494505494505,8.948461849668327,91
QUEENS,Southwest Queens,Spring,4,overnight,3.0704225352112675,3.279041426401371,71
QUEENS,Southwest Queens,Spring,5,afternoon,13.755555555555556,7.636857861875973,90
QUEENS,Southwest Queens,Spring,5,evening,23.22222222222222,15.220312992527841,90
QUEENS,Southwest Queens,Spring,5,morning,5.941860465116279,5.758583672198636,86
QUEENS,Southwest Queens,Spring,5,night,36.333333333333336,22.838465482995513,90
QUEENS,Southwest Queens,Spring,5,overnight,5.569767441860465,3.8548386635177128,86
QUEENS,Southwest Queens,Spring,6,afternoon,22.054945054945055,11.87655265860018,91
QUEENS,Southwest Queens,Spring,6,evening,27.0,18.66428556241989,91
QUEENS,Southwest Queens,Spring,6,morning,5.579545454545454,3.952946204928617,88
QUEENS,Southwest Queens,Spring,6,night,41.30769230769231,30.400910917526538,91
QUEENS,Southwest Queens,Spring,6,overnight,15.241758241758241,10.405490707998199,91
QUEENS,Southwest Queens,Summer,0,afternoon,12.064102564102564,9.20945271522794,78
QUEENS,Southwest Queens,Summer,0,evening,16.063291139240505,10.793328628170723,79
QUEENS,Southwest Queens,Summer,0,morning,6.181818181818182,4.865905207956991,77
QUEENS,Southwest Queens,Summer,0,night,25.075949367088608,22.348505457916684,79
QUEENS,Southwest Queens,Summer,0,overnight,7.0,8.284786126353552,70
QUEENS,Southwest Queens,Summer,1,afternoon,12.012658227848101,9.62701017421893,79
QUEENS,Southwest Queens,Summer,1,evening,14.924050632911392,9.351775029508124,79
QUEENS,Southwest Queens,Summer,1,morning,6.173333333333333,5.563814881539109,75
QUEENS,Southwest Queens,Summer,1,night,14.050632911392405,13.1538224279516,79
QUEENS,Southwest Queens,Summer,1,overnight,3.3333333333333335,3.5685379746944212,60
QUEENS,Southwest Queens,Summer,2,afternoon,11.166666666666666,8.625568555198717,78
QUEENS,Southwest Queens,Summer,2,evening,14.063291139240507,7.220593363201902,79
QUEENS,Southwest Queens,Summer,2,morning,7.422535211267606,5.837470028876223,71
QUEENS,Southwest Queens,Summer,2,night,12.708860759493671,7.003940097589349,79
QUEENS,Southwest Queens,Summer,2,overnight,2.2419354838709675,1.4450081838893298,62
QUEENS,Southwest Queens,Summer,3,afternoon,13.363636363636363,10.600284369210756,77
QUEENS,Southwest Queens,Summer,3,evening,17.430379746835442,10.2927451974727,79
QUEENS,Southwest Queens,Summer,3,morning,7.36,6.747652244359574,75
QUEENS,Southwest Queens,Summer,3,night,17.417721518987342,10.51202924484759,79
QUEENS,Southwest Queens,Summer,3,overnight,2.4827586206896552,2.2024020324735623,58
QUEENS,Southwest Queens,Summer,4,afternoon,14.23076923076923,10.970945189984242,78
QUEENS,Southwest Queens,Summer,4,evening,24.615384615384617,9.901109434400169,78
QUEENS,Southwest Queens,Summer,4,morning,7.32,6.384440545661073,75
QUEENS,Southwest Queens,Summer,4,night,28.67948717948718,11.528050025738844,78
QUEENS,Southwest Queens,Summer,4,overnight,2.746031746031746,2.50784738672531,63
QUEENS,Southwest Queens,Summer,5,afternoon,18.962025316455698,8.929126982298857,79
QUEENS,Southwest Queens,Summer,5,evening,45.67088607594937,14.193463211026138,79
QUEENS,Southwest Queens,Summer,5,morning,6.329113924050633,4.653979601145729,79
QUEENS,Southwest Queens,Summer,5,night,80.39240506329114,22.48898175889182,79
QUEENS,Southwest Queens,Summer,5,overnight,9.346153846153847,6.601508924474773,78
QUEENS,Southwest Queens,Summer,6,afternoon,23.544303797468356,11.364358892376156,79
QUEENS,Southwest Queens,Summer,6,evening,40.46835443037975,18.00985160820854,79
QUEENS,Southwest Queens,Summer,6,morning,8.708860759493671,6.945118002604931,79
QUEENS,Southwest Queens,Summer,6,night,88.72151898734177,28.303273666259873,79
QUEENS,Southwest Queens,Summer,6,overnight,30.924050632911392,12.76189455421052,79
QUEENS,Southwest Queens,Winter,0,afternoon,11.0875,10.461737094669061,80
QUEENS,Southwest Queens,Winter,0,evening,6.525,5.1508264053671855,80
QUEENS,Southwest Queens,Winter,0,morning,6.1066666666666665,5.6390849682620745,75
QUEENS,Southwest Queens,Winter,0,night,7.440476190476191,7.201658427602632,84
QUEENS,Southwest Queens,Winter,0,overnight,3.28,4.012009000016851,75
QUEENS,Southwest Queens,Winter,1,afternoon,9.15,9.165289501459819,80
QUEENS,Southwest Queens,Winter,1,evening,6.4125,4.2117789921220945,80
QUEENS,Southwest Queens,Winter,1,morning,6.0285714285714285,5.310562154176782,70
QUEENS,Southwest Queens,Winter,1,night,5.428571428571429,3.859851156021915,84
QUEENS,Southwest Queens,Winter,1,overnight,1.796875,1.0107311120928162,64
QUEENS,Southwest Queens,Winter,2,afternoon,8.78048780487805,8.216250669724646,82
QUEENS,Southwest Queens,Winter,2,evening,6.468354430379747,4.843275653135567,79
QUEENS,Southwest Queens,Winter,2,morning,5.493670886075949,4.6128955746475615,79
QUEENS,Southwest Queens,Winter,2,night,6.666666666666667,6.601083031499832,84
QUEENS,Southwest Queens,Winter,2,overnight,3.0847457627118646,4.639738903151921,59
QUEENS,Southwest Queens,Winter,3,afternoon,10.566265060240964,10.975796844325728,83
QUEENS,Southwest Queens,Winter,3,evening,7.552941176470588,5.874695295751701,85
QUEENS,Southwest Queens,Winter,3,morning,6.148148148148148,5.895148664603615,81
QUEENS,Southwest Queens,Winter,3,night,5.894117647058824,3.915851574999105,85
QUEENS,Southwest Queens,Winter,3,overnight,2.391304347826087,2.371506044840728,69
QUEENS,Southwest Queens,Winter,4,afternoon,9.891566265060241,9.819110346905248,83
QUEENS,Southwest Queens,Winter,4,evening,7.837209302325581,5.005550954258398,86
QUEENS,Southwest Queens,Winter,4,morning,6.1265822784810124,5.73644911298233,79
QUEENS,Southwest Queens,Winter,4,night,8.755813953488373,4.017421023819453,86
QUEENS,Southwest Queens,Winter,4,overnight,2.5671641791044775,2.950212527511417,67
QUEENS,Southwest Queens,Winter,5,afternoon,8.666666666666666,6.937471733724388,84
QUEENS,Southwest Queens,Winter,5,evening,8.611764705882353,4.429592364473977,85
QUEENS,Southwest Queens,Winter,5,morning,3.5949367088607596,2.394004195001852,79
QUEENS,Southwest Queens,Winter,5,night,14.788235294117648,6.66207124528933,85
QUEENS,Southwest Queens,Winter,5,overnight,4.701298701298701,4.442808900094786,77
QUEENS,Southwest Queens,Winter,6,afternoon,11.096385542168674,8.773038600654218,83
QUEENS,Southwest Queens,Winter,6,evening,8.297619047619047,5.622201605178472,84
QUEENS,Southwest Queens,Winter,6,morning,3.9625,2.776227063635242,80
QUEENS,Southwest Queens,Winter,6,night,16.238095238095237,7.748484574137042,84
QUEENS,Southwest Queens,Winter,6,overnight,8.69047619047619,6.482555257155691,84
QUEENS,West Central Queens,Fall,0,afternoon,5.181818181818182,3.366738515190194,77
QUEENS,West Central Queens,Fall,0,evening,6.75,4.099186911246343,76
QUEENS,West Central Queens,Fall,0,morning,4.118421052631579,2.1414456504156743,76
QUEENS,West Central Queens,Fall,0,night,11.14102564102564,6.516162441220518,78
QUEENS,West Central Queens,Fall,0,overnight,4.507042253521127,5.264091942956869,71
QUEENS,West Central Queens,Fall,1,afternoon,5.36,3.5092156665834318,75
QUEENS,West Central Queens,Fall,1,evening,7.881578947368421,5.1947848342048015,76
QUEENS,West Central Queens,Fall,1,morning,4.552631578947368,2.0356472310110134,76
QUEENS,West Central Queens,Fall,1,night,9.012820512820513,4.228823758795155,78
QUEENS,West Central Queens,Fall,1,overnight,2.6451612903225805,1.600171857507488,62
QUEENS,West Central Queens,Fall,2,afternoon,5.636363636363637,3.034490726842292,77
QUEENS,West Central Queens,Fall,2,evening,9.328947368421053,7.8305183445197075,76
QUEENS,West Central Queens,Fall,2,morning,4.3896103896103895,2.2073790373715787,77
QUEENS,West Central Queens,Fall,2,night,9.961538461538462,5.452134831951079,78
QUEENS,West Central Queens,Fall,2,overnight,2.6176470588235294,1.5359319380589196,68
QUEENS,West Central Queens,Fall,3,afternoon,5.697368421052632,3.4059545381272307,76
QUEENS,West Central Queens,Fall,3,evening,9.539473684210526,8.31294699365383,76
QUEENS,West Central Queens,Fall,3,morning,4.597402597402597,2.5249269935237226,77
QUEENS,West Central Queens,Fall,3,night,11.743589743589743,5.780477438232885,78
QUEENS,West Central Queens,Fall,3,overnight,2.898550724637681,1.9489433602990829,69
QUEENS,West Central Queens,Fall,4,afternoon,6.87012987012987,4.362974146607387,77
QUEENS,West Central Queens,Fall,4,evening,15.61038961038961,11.274278882478056,77
QUEENS,West Central Queens,Fall,4,morning,4.207792207792208,2.2903554213820763,77
QUEENS,West Central Queens,Fall,4,night,17.615384615384617,8.037623815742847,78
QUEENS,West Central Queens,Fall,4,overnight,3.5217391304347827,2.5240530877479226,69
QUEENS,West Central Queens,Fall,5,afternoon,10.192307692307692,6.204434300966125,78
QUEENS,West Central Queens,Fall,5,evening,18.5,12.276839138018357,78
QUEENS,West Central Queens,Fall,5,morning,6.846153846153846,3.9512513982772104,78
QUEENS,West Central Queens,Fall,5,night,32.333333333333336,14.890654845627228,78
QUEENS,West Central Queens,Fall,5,overnight,6.846153846153846,5.281865380535733,78
QUEENS,West Central Queens,Fall,6,afternoon,8.961538461538462,6.372510581308681,78
QUEENS,West Central Queens,Fall,6,evening,12.76923076923077,9.736693319767076,78
QUEENS,West Central Queens,Fall,6,morning,5.884615384615385,3.3535434612143833,78
QUEENS,West Central Queens,Fall,6,night,24.576923076923077,9.844926481319066,78
QUEENS,West Central Queens,Fall,6,overnight,12.948717948717949,10.989838796659248,78
QUEENS,West Central Queens,Spring,0,afternoon,6.428571428571429,5.9556562417454275,91
QUEENS,West Central Queens,Spring,0,evening,7.933333333333334,5.293201066282092,90
QUEENS,West Central Queens,Spring,0,morning,3.4831460674157304,1.8222885184105586,89
QUEENS,West Central Queens,Spring,0,night,13.0,12.038826077875424,91
QUEENS,West Central Queens,Spring,0,overnight,4.435294117647059,4.1445519570117275,85
QUEENS,West Central Queens,Spring,1,afternoon,8.11111111111111,17.090929616497014,90
QUEENS,West Central Queens,Spring,1,evening,8.703296703296703,7.593117505704323,91
QUEENS,West Central Queens,Spring,1,morning,4.919540229885057,5.258920197780012,87
QUEENS,West Central Queens,Spring,1,night,10.637362637362637,4.958755407282677,91
QUEENS,West Central Queens,Spring,1,overnight,2.9054054054054053,1.673065588532627,74
QUEENS,West Central Queens,Spring,2,afternoon,6.566666666666666,7.862655296692508,90
QUEENS,West Central Queens,Spring,2,evening,7.111111111111111,4.88161983717563,90
QUEENS,West Central Queens,Spring,2,morning,3.6,2.202144001251324,90
QUEENS,West Central Queens,Spring,2,night,9.802197802197803,4.339021344393944,91
QUEENS,West Central Queens,Spring,2,overnight,2.6447368421052633,1.5975309897331869,76
QUEENS,West Central Queens,Spring,3,afternoon,4.613636363636363,2.826117186000489,88
QUEENS,West Central Queens,Spring,3,evening,8.188888888888888,8.713794364954145,90
QUEENS,West Central Queens,Spring,3,morning,5.149425287356322,11.568329597044887,87
QUEENS,West Central Queens,Spring,3,night,11.922222222222222,7.917024435046199,90
QUEENS,West Central Queens,Spring,3,overnight,2.9466666666666668,1.985714748664335,75
QUEENS,West Central Queens,Spring,4,afternoon,6.011111111111111,3.6334724915796683,90
QUEENS,West Central Queens,Spring,4,evening,9.677777777777777,6.154979308425095,90
QUEENS,West Central Queens,Spring,4,morning,3.8620689655172415,2.5204854358630513,87
QUEENS,West Central Queens,Spring,4,night,15.076923076923077,7.044668226918172,91
QUEENS,West Central Queens,Spring,4,overnight,3.225,2.1581461805699953,80
QUEENS,West Central Queens,Spring,5,afternoon,9.277777777777779,7.611386765195173,90
QUEENS,West Central Queens,Spring,5,evening,13.38888888888889,8.839002491440727,90
QUEENS,West Central Queens,Spring,5,morning,5.906976744186046,3.1720392660456076,86
QUEENS,West Central Queens,Spring,5,night,23.977777777777778,11.709957136122988,90
QUEENS,West Central Queens,Spring,5,overnight,5.988505747126437,4.760531172418813,87
QUEENS,West Central Queens,Spring,6,afternoon,8.923076923076923,5.443101177394228,91
QUEENS,West Central Queens,Spring,6,evening,13.461538461538462,9.579268926300857,91
QUEENS,West Central Queens,Spring,6,morning,5.584269662921348,2.746108770788408,89
QUEENS,West Central Queens,Spring,6,night,23.384615384615383,11.925480871524384,91
QUEENS,West Central Queens,Spring,6,overnight,9.868131868131869,9.921031298552688,91
QUEENS,West Central Queens,Summer,0,afternoon,4.884615384615385,3.388217817676422,78
QUEENS,West Central Queens,Summer,0,evening,6.743589743589744,3.866055735033697,78
QUEENS,West Central Queens,Summer,0,morning,3.24,1.8294881871788697,75
QUEENS,West Central Queens,Summer,0,night,10.79746835443038,6.7203856475793735,79
QUEENS,West Central Queens,Summer,0,overnight,3.4782608695652173,3.2249427521237806,69
QUEENS,West Central Queens,Summer,1,afternoon,4.658227848101266,3.7583618770285714,79
QUEENS,West Central Queens,Summer,1,evening,8.08974358974359,5.703008769439955,78
QUEENS,West Central Queens,Summer,1,morning,3.418918918918919,2.0937398979957105,74
QUEENS,West Central Queens,Summer,1,night,9.822784810126583,9.22755001746913,79
QUEENS,West Central Queens,Summer,1,overnight,2.098360655737705,1.4457399262752029,61
QUEENS,West Central Queens,Summer,2,afternoon,5.578947368421052,9.512466428001712,76
QUEENS,West Central Queens,Summer,2,evening,8.69620253164557,7.98452739378135,79
QUEENS,West Central Queens,Summer,2,morning,4.04054054054054,2.319891289311713,74
QUEENS,West Central Queens,Summer,2,night,8.49367088607595,4.242258160526275,79
QUEENS,West Central Queens,Summer,2,overnight,2.578125,2.136639458262244,64
QUEENS,West Central Queens,Summer,3,afternoon,5.012820512820513,3.6019244125688528,78
QUEENS,West Central Queens,Summer,3,evening,8.784810126582279,7.224727634074712,79
QUEENS,West Central Queens,Summer,3,morning,3.8974358974358974,2.4366772329128734,78
QUEENS,West Central Queens,Summer,3,night,10.582278481012658,4.578678554568933,79
QUEENS,West Central Queens,Summer,3,overnight,2.634920634920635,1.8077038304879705,63
QUEENS,West Central Queens,Summer,4,afternoon,7.133333333333334,7.52353664200578,75
QUEENS,West Central Queens,Summer,4,evening,16.4025974025974,21.98519821455224,77
QUEENS,West Central Queens,Summer,4,morning,4.0,2.569046515733026,71
QUEENS,West Central Queens,Summer,4,night,17.371794871794872,8.820149561942717,78
QUEENS,West Central Queens,Summer,4,overnight,2.8507462686567164,2.098005772757488,67
QUEENS,West Central Queens,Summer,5,afternoon,8.253164556962025,4.617326217157583,79
QUEENS,West Central Queens,Summer,5,evening,19.481012658227847,10.430306875901529,79
QUEENS,West Central Queens,Summer,5,morning,5.3896103896103895,2.8844220626808608,77
QUEENS,West Central Queens,Summer,5,night,30.126582278481013,11.168140456062886,79
QUEENS,West Central Queens,Summer,5,overnight,4.6075949367088604,2.7335415251496777,79
QUEENS,West Central Queens,Summer,6,afternoon,7.6455696202531644,4.512199914543773,79
QUEENS,West Central Queens,Summer,6,evening,14.012658227848101,8.466364325642664,79
QUEENS,West Central Queens,Summer,6,morning,4.717948717948718,3.116347495325531,78
QUEENS,West Central Queens,Summer,6,night,26.68354430379747,11.954555299343564,79
QUEENS,West Central Queens,Summer,6,overnight,8.320512820512821,4.771380016941352,78
QUEENS,West Central Queens,Winter,0,afternoon,4.962025316455696,5.256114968629721,79
QUEENS,West Central Queens,Winter,0,evening,5.481481481481482,5.527456718761149,81
QUEENS,West Central Queens,Winter,0,morning,3.3902439024390243,1.8036731901356777,82
QUEENS,West Central Queens,Winter,0,night,9.154761904761905,5.226194560211271,84
QUEENS,West Central Queens,Winter,0,overnight,4.0,4.239693385140016,81
QUEENS,West Central Queens,Winter,1,afternoon,4.108433734939759,2.682427223538373,83
QUEENS,West Central Queens,Winter,1,evening,5.511904761904762,3.756100411873122,84
QUEENS,West Central Queens,Winter,1,morning,3.4683544303797467,2.1533244603967465,79
QUEENS,West Central Queens,Winter,1,night,8.19047619047619,3.800685386751294,84
QUEENS,West Central Queens,Winter,1,overnight,3.2253521126760565,1.7824315903409795,71
QUEENS,West Central Queens,Winter,2,afternoon,4.023529411764706,3.011788230825489,85
QUEENS,West Central Queens,Winter,2,evening,5.238095238095238,3.2658106527684803,84
QUEENS,West Central Queens,Winter,2,morning,3.5,1.926103980373302,82
QUEENS,West Central Queens,Winter,2,night,8.376470588235295,5.845178050545341,85
QUEENS,West Central Queens,Winter,2,overnight,3.263888888888889,3.099264135994791,72
QUEENS,West Central Queens,Winter,3,afternoon,4.506024096385542,4.351544424392455,83
QUEENS,West Central Queens,Winter,3,evening,5.905882352941177,6.799200809849719,85
QUEENS,West Central Queens,Winter,3,morning,3.744186046511628,1.9353433895739833,86
QUEENS,West Central Queens,Winter,3,night,8.942528735632184,4.668938233561869,87
QUEENS,West Central Queens,Winter,3,overnight,3.0759493670886076,3.016077227717701,79
QUEENS,West Central Queens,Winter,4,afternoon,5.6395348837209305,7.168415676461117,86
QUEENS,West Central Queens,Winter,4,evening,6.848837209302325,9.873931741903816,86
QUEENS,West Central Queens,Winter,4,morning,3.152941176470588,1.7423703227892438,85
QUEENS,West Central Queens,Winter,4,night,12.126436781609195,6.107190953448828,87
QUEENS,West Central Queens,Winter,4,overnight,3.2948717948717947,2.2045347264158397,78
QUEENS,West Central Queens,Winter,5,afternoon,8.119047619047619,10.780845086021298,84
QUEENS,West Central Queens,Winter,5,evening,7.4,7.651952754191635,85
QUEENS,West Central Queens,Winter,5,morning,4.451219512195122,2.5779331324086217,82
QUEENS,West Central Queens,Winter,5,night,17.576470588235296,6.9716713692393935,85
QUEENS,West Central Queens,Winter,5,overnight,4.904761904761905,3.327935963018663,84
QUEENS,West Central Queens,Winter,6,afternoon,7.2976190476190474,6.35264817545239,84
QUEENS,West Central Queens,Winter,6,evening,6.073170731707317,3.6541215958363353,82
QUEENS,West Central Queens,Winter,6,morning,4.771084337349397,2.6101364379104375,83
QUEENS,West Central Queens,Winter,6,night,16.535714285714285,6.590329586747702,84
QUEENS,West Central Queens,Winter,6,overnight,8.80952380952381,6.192642720753084,84
QUEENS,West Queens,Fall,0,afternoon,9.14102564102564,5.979889151069128,78
QUEENS,West Queens,Fall,0,evening,13.025641025641026,7.629359488654746,78
QUEENS,West Queens,Fall,0,morning,9.623376623376624,11.160360965015707,77
QUEENS,West Queens,Fall,0,night,28.602564102564102,15.597485431362065,78
QUEENS,West Queens,Fall,0,overnight,10.961538461538462,11.954939540649272,78
QUEENS,West Queens,Fall,1,afternoon,8.653846153846153,4.60611373245209,78
QUEENS,West Queens,Fall,1,evening,14.102564102564102,11.125715787379782,78
QUEENS,West Queens,Fall,1,morning,7.233766233766234,4.893325486114261,77
QUEENS,West Queens,Fall,1,night,17.884615384615383,11.142501723371852,78
QUEENS,West Queens,Fall,1,overnight,5.1866666666666665,4.193603022021315,75
QUEENS,West Queens,Fall,2,afternoon,8.961538461538462,6.150582926005496,78
QUEENS,West Queens,Fall,2,evening,14.961538461538462,8.606011652527352,78
QUEENS,West Queens,Fall,2,morning,8.61038961038961,8.790179694223136,77
QUEENS,West Queens,Fall,2,night,20.96153846153846,11.558369439324222,78
QUEENS,West Queens,Fall,2,overnight,6.68,10.966977459382077,75
QUEENS,West Queens,Fall,3,afternoon,9.282051282051283,4.303117069847915,78
QUEENS,West Queens,Fall,3,evening,16.435897435897434,10.618031396760454,78
QUEENS,West Queens,Fall,3,morning,9.384615384615385,12.941658065584699,78
QUEENS,West Queens,Fall,3,night,23.653846153846153,11.994400125293234,78
QUEENS,West Queens,Fall,3,overnight,6.573333333333333,8.008733971098044,75
QUEENS,West Queens,Fall,4,afternoon,9.602564102564102,5.252926812096289,78
QUEENS,West Queens,Fall,4,evening,20.307692307692307,10.280870765470386,78
QUEENS,West Queens,Fall,4,morning,8.0,8.957330307282758,78
QUEENS,West Queens,Fall,4,night,38.47435897435897,17.865096463822177,78
QUEENS,West Queens,Fall,4,overnight,6.584415584415584,4.42287906158852,77
QUEENS,West Queens,Fall,5,afternoon,16.0,6.726570689939506,78
QUEENS,West Queens,Fall,5,evening,32.62820512820513,16.03900195615624,78
QUEENS,West Queens,Fall,5,morning,12.371794871794872,8.265259754812238,78
QUEENS,West Queens,Fall,5,night,72.65384615384616,31.943060918752614,78
QUEENS,West Queens,Fall,5,overnight,22.243589743589745,19.678048880049257,78
QUEENS,West Queens,Fall,6,afternoon,19.44871794871795,15.391553963129692,78
QUEENS,West Queens,Fall,6,evening,33.38461538461539,25.474831362877225,78
QUEENS,West Queens,Fall,6,morning,13.423076923076923,10.498632230975552,78
QUEENS,West Queens,Fall,6,night,77.94871794871794,33.7899921539436,78
QUEENS,West Queens,Fall,6,overnight,40.666666666666664,28.238624495890612,78
QUEENS,West Queens,Spring,0,afternoon,10.153846153846153,4.6089841660321476,91
QUEENS,West Queens,Spring,0,evening,15.989010989010989,12.00786270694193,91
QUEENS,West Queens,Spring,0,morning,6.811111111111111,3.3616958148471063,90
QUEENS,West Queens,Spring,0,night,29.296703296703296,25.910741876035598,91
QUEENS,West Queens,Spring,0,overnight,8.97752808988764,12.430696543134557,89
QUEENS,West Queens,Spring,1,afternoon,10.054945054945055,5.104165265006909,91
QUEENS,West Queens,Spring,1,evening,14.67032967032967,8.38524490473189,91
QUEENS,West Queens,Spring,1,morning,6.8,3.751254471821333,90
QUEENS,West Queens,Spring,1,night,18.01098901098901,10.887806130911883,91
QUEENS,West Queens,Spring,1,overnight,5.9,13.815843372371004,90
QUEENS,West Queens,Spring,2,afternoon,9.50561797752809,4.159118119772338,89
QUEENS,West Queens,Spring,2,evening,13.076923076923077,6.893202399192942,91
QUEENS,West Queens,Spring,2,morning,7.088888888888889,4.018620827883881,90
QUEENS,West Queens,Spring,2,night,16.318681318681318,8.244700817803613,91
QUEENS,West Queens,Spring,2,overnight,5.5813953488372094,7.377972168842426,86
QUEENS,West Queens,Spring,3,afternoon,9.977777777777778,4.799292498836496,90
QUEENS,West Queens,Spring,3,evening,13.555555555555555,6.356649373760035,90
QUEENS,West Queens,Spring,3,morning,6.696629213483146,3.730721641080688,89
QUEENS,West Queens,Spring,3,night,18.488888888888887,11.547891917589313,90
QUEENS,West Queens,Spring,3,overnight,5.114942528735632,4.664126547398455,87
QUEENS,West Queens,Spring,4,afternoon,10.444444444444445,5.755527116131012,90
QUEENS,West Queens,Spring,4,evening,17.211111111111112,11.561748676537892,90
QUEENS,West Queens,Spring,4,morning,6.853932584269663,3.389658610450833,89
QUEENS,West Queens,Spring,4,night,27.373626373626372,15.620960527906337,91
QUEENS,West Queens,Spring,4,overnight,5.303370786516854,3.238281300537308,89
QUEENS,West Queens,Spring,5,afternoon,15.033333333333333,6.886642338369927,90
QUEENS,West Queens,Spring,5,evening,26.77777777777778,15.236545199387683,90
QUEENS,West Queens,Spring,5,morning,9.488888888888889,4.306369581942502,90
QUEENS,West Queens,Spring,5,night,52.81111111111111,31.79777903502931,90
QUEENS,West Queens,Spring,5,overnight,13.561797752808989,17.166269155857904,89
QUEENS,West Queens,Spring,6,afternoon,18.043956043956044,11.038228609812846,91
QUEENS,West Queens,Spring,6,evening,35.32967032967033,25.895969203743295,91
QUEENS,West Queens,Spring,6,morning,10.417582417582418,6.068252419246205,91
QUEENS,West Queens,Spring,6,night,66.76923076923077,44.94615962412434,91
QUEENS,West Queens,Spring,6,overnight,26.846153846153847,26.293608465820096,91
QUEENS,West Queens,Summer,0,afternoon,7.708860759493671,3.72500868604796,79
QUEENS,West Queens,Summer,0,evening,12.974683544303797,6.263395252646889,79
QUEENS,West Queens,Summer,0,morning,6.151898734177215,3.059615392265525,79
QUEENS,West Queens,Summer,0,night,29.189873417721518,14.097713898475126,79
QUEENS,West Queens,Summer,0,overnight,9.0,7.324003388927781,79
QUEENS,West Queens,Summer,1,afternoon,7.417721518987341,4.159042033858613,79
QUEENS,West Queens,Summer,1,evening,13.924050632911392,8.552660632507253,79
QUEENS,West Queens,Summer,1,morning,5.782051282051282,2.670898656576029,78
QUEENS,West Queens,Summer,1,night,19.164556962025316,10.715948310748646,79
QUEENS,West Queens,Summer,1,overnight,4.405405405405405,3.118301781062667,74
QUEENS,West Queens,Summer,2,afternoon,7.569620253164557,3.667890976149356,79
QUEENS,West Queens,Summer,2,evening,14.683544303797468,7.926819622530858,79
QUEENS,West Queens,Summer,2,morning,6.141025641025641,3.056712260499807,78
QUEENS,West Queens,Summer,2,night,19.088607594936708,8.53828463138869,79
QUEENS,West Queens,Summer,2,overnight,4.45945945945946,3.9176075631540606,74
QUEENS,West Queens,Summer,3,afternoon,8.759493670886076,4.569169789016037,79
QUEENS,West Queens,Summer,3,evening,17.39240506329114,8.589525107793209,79
QUEENS,West Queens,Summer,3,morning,6.461538461538462,3.489101055261395,78
QUEENS,West Queens,Summer,3,night,20.40506329113924,9.261886316348768,79
QUEENS,West Queens,Summer,3,overnight,4.6923076923076925,2.654609773008652,78
QUEENS,West Queens,Summer,4,afternoon,9.08974358974359,4.472675765671877,78
QUEENS,West Queens,Summer,4,evening,22.705128205128204,9.768899729826378,78
QUEENS,West Queens,Summer,4,morning,6.0256410256410255,3.8611429536375512,78
QUEENS,West Queens,Summer,4,night,37.06410256410256,15.839568851201136,78
QUEENS,West Queens,Summer,4,overnight,5.6,3.3369349911460873,75
QUEENS,West Queens,Summer,5,afternoon,14.810126582278482,7.065764243360081,79
QUEENS,West Queens,Summer,5,evening,35.063291139240505,14.237312635494735,79
QUEENS,West Queens,Summer,5,morning,10.455696202531646,5.00972763565515,79
QUEENS,West Queens,Summer,5,night,80.49367088607595,24.55494801968168,79
QUEENS,West Queens,Summer,5,overnight,15.784810126582279,9.107155380806486,79
QUEENS,West Queens,Summer,6,afternoon,17.924050632911392,8.259838192831772,79
QUEENS,West Queens,Summer,6,evening,41.50632911392405,18.126955008778925,79
QUEENS,West Queens,Summer,6,morning,11.265822784810126,7.436412253160886,79
QUEENS,West Queens,Summer,6,night,94.46835443037975,27.927486434325502,79
QUEENS,West Queens,Summer,6,overnight,34.620253164556964,14.219257254096046,79
QUEENS,West Queens,Winter,0,afternoon,7.023809523809524,4.776892649512698,84
QUEENS,West Queens,Winter,0,evening,7.9523809523809526,3.498380905727752,84
QUEENS,West Queens,Winter,0,morning,5.891566265060241,4.155548885681299,83
QUEENS,West Queens,Winter,0,night,14.630952380952381,11.452131660261777,84
QUEENS,West Queens,Winter,0,overnight,7.25,13.941559762365003,80
QUEENS,West Queens,Winter,1,afternoon,6.892857142857143,3.855891618305297,84
QUEENS,West Queens,Winter,1,evening,8.214285714285714,4.415393195855872,84
QUEENS,West Queens,Winter,1,morning,5.109756097560975,3.2998544582981255,82
QUEENS,West Queens,Winter,1,night,13.630952380952381,15.445028647607483,84
QUEENS,West Queens,Winter,1,overnight,4.4625,3.5469500180267204,80
QUEENS,West Queens,Winter,2,afternoon,7.858823529411764,4.356584893327928,85
QUEENS,West Queens,Winter,2,evening,8.823529411764707,5.083063546130975,85
QUEENS,West Queens,Winter,2,morning,5.734939759036145,4.129265975488473,83
QUEENS,West Queens,Winter,2,night,13.905882352941177,10.453552061394259,85
QUEENS,West Queens,Winter,2,overnight,5.2875,8.248043496429158,80
QUEENS,West Queens,Winter,3,afternoon,7.8604651162790695,3.6659411461457077,86
QUEENS,West Queens,Winter,3,evening,7.67816091954023,3.727628627305317,87
QUEENS,West Queens,Winter,3,morning,5.616279069767442,3.941240785966843,86
QUEENS,West Queens,Winter,3,night,14.344827586206897,8.789300559793876,87
QUEENS,West Queens,Winter,3,overnight,4.647058823529412,7.087389677234828,85
QUEENS,West Queens,Winter,4,afternoon,8.229885057471265,3.863066469111569,87
QUEENS,West Queens,Winter,4,evening,9.436781609195402,4.900643406797529,87
QUEENS,West Queens,Winter,4,morning,6.333333333333333,4.016032128385541,84
QUEENS,West Queens,Winter,4,night,18.448275862068964,10.633162933460904,87
QUEENS,West Queens,Winter,4,overnight,5.470588235294118,7.660331080893799,85
QUEENS,West Queens,Winter,5,afternoon,11.882352941176471,5.183333558503784,85
QUEENS,West Queens,Winter,5,evening,11.623529411764705,4.718192931389638,85
QUEENS,West Queens,Winter,5,morning,8.30952380952381,5.490355597753913,84
QUEENS,West Queens,Winter,5,night,27.788235294117648,14.304589770958344,85
QUEENS,West Queens,Winter,5,overnight,8.411764705882353,6.621203526131318,85
QUEENS,West Queens,Winter,6,afternoon,11.892857142857142,6.759229044835718,84
QUEENS,West Queens,Winter,6,evening,10.916666666666666,6.072272223792289,84
QUEENS,West Queens,Winter,6,morning,7.951807228915663,4.656240539575478,83
QUEENS,West Queens,Winter,6,night,30.154761904761905,14.835234879115704,84
QUEENS,West Queens,Winter,6,overnight,15.369047619047619,10.396685943131816,84
STATEN ISLAND,Mid-Island,Fall,0,afternoon,1.9024390243902438,1.562128004498679,41
STATEN ISLAND,Mid-Island,Fall,0,evening,2.7142857142857144,3.0754403478743226,49
STATEN ISLAND,Mid-Island,Fall,0,morning,2.142857142857143,1.80205070949235,42
STATEN ISLAND,Mid-Island,Fall,0,night,2.3684210526315788,1.4470608012125872,57
STATEN ISLAND,Mid-Island,Fall,0,overnight,1.5,1.0919284281983377,14
STATEN ISLAND,Mid-Island,Fall,1,afternoon,1.8055555555555556,1.0642084770098774,36
STATEN ISLAND,Mid-Island,Fall,1,evening,2.2888888888888888,1.5465830698411227,45
STATEN ISLAND,Mid-Island,Fall,1,morning,2.1315789473684212,1.9475702482778998,38
STATEN ISLAND,Mid-Island,Fall,1,night,2.14,1.229069666413568,50
STATEN ISLAND,Mid-Island,Fall,1,overnight,1.1666666666666667,0.38924947208076144,12
STATEN ISLAND,Mid-Island,Fall,2,afternoon,1.7058823529411764,1.08248081086103,51
STATEN ISLAND,Mid-Island,Fall,2,evening,2.4444444444444446,2.6676134682823927,45
STATEN ISLAND,Mid-Island,Fall,2,morning,2.054054054054054,1.3111900011894613,37
STATEN ISLAND,Mid-Island,Fall,2,night,2.2222222222222223,1.4442501811869666,45
STATEN ISLAND,Mid-Island,Fall,2,overnight,1.5384615384615385,0.6602252917735247,13
STATEN ISLAND,Mid-Island,Fall,3,afternoon,2.0,0.9459053029269173,39
STATEN ISLAND,Mid-Island,Fall,3,evening,1.96,1.6408061731841406,50
STATEN ISLAND,Mid-Island,Fall,3,morning,2.2058823529411766,1.736932366658475,34
STATEN ISLAND,Mid-Island,Fall,3,night,1.9821428571428572,1.7836741592828849,56
STATEN ISLAND,Mid-Island,Fall,3,overnight,1.3333333333333333,0.6172133998483675,15
STATEN ISLAND,Mid-Island,Fall,4,afternoon,1.8,1.2787861891837347,35
STATEN ISLAND,Mid-Island,Fall,4,evening,2.6065573770491803,1.882185684468903,61
STATEN ISLAND,Mid-Island,Fall,4,morning,1.9444444444444444,1.3927248614434007,36
STATEN ISLAND,Mid-Island,Fall,4,night,3.2542372881355934,3.51152398558578,59
STATEN ISLAND,Mid-Island,Fall,4,overnight,1.6,1.577621275493231,10
STATEN ISLAND,Mid-Island,Fall,5,afternoon,2.425531914893617,1.7784297036756382,47
STATEN ISLAND,Mid-Island,Fall,5,evening,3.523076923076923,3.3171321023762963,65
STATEN ISLAND,Mid-Island,Fall,5,morning,1.8529411764705883,0.9254762227411248,34
STATEN ISLAND,Mid-Island,Fall,5,night,6.084507042253521,4.970617894539986,71
STATEN ISLAND,Mid-Island,Fall,5,overnight,1.8888888888888888,1.3107054276032877,27
STATEN ISLAND,Mid-Island,Fall,6,afternoon,2.888888888888889,2.9941019462681067,45
STATEN ISLAND,Mid-Island,Fall,6,evening,2.9298245614035086,2.527418566745291,57
STATEN ISLAND,Mid-Island,Fall,6,morning,1.7428571428571429,1.5018196246134057,35
STATEN ISLAND,Mid-Island,Fall,6,night,4.6891891891891895,3.7995157430290196,74
STATEN ISLAND,Mid-Island,Fall,6,overnight,2.5625,2.10274643102574,48
STATEN ISLAND,Mid-Island,Spring,0,afternoon,2.3559322033898304,1.9454873679293443,59
STATEN ISLAND,Mid-Island,Spring,0,evening,2.921875,3.6917096632990036,64
STATEN ISLAND,Mid-Island,Spring,0,morning,2.1315789473684212,1.3187023234692454,38
STATEN ISLAND,Mid-Island,Spring,0,night,3.3934426229508197,4.970843954248246,61
STATEN ISLAND,Mid-Island,Spring,0,overnight,2.142857142857143,3.718087656870911,14
STATEN ISLAND,Mid-Island,Spring,1,afternoon,2.0677966101694913,1.4003005438446987,59
STATEN ISLAND,Mid-Island,Spring,1,evening,1.921875,1.1311559967081855,64
STATEN ISLAND,Mid-Island,Spring,1,morning,2.13953488372093,1.5519786962952016,43
STATEN ISLAND,Mid-Island,Spring,1,night,2.2698412698412698,1.7979051358801348,63
STATEN ISLAND,Mid-Island,Spring,1,overnight,1.0,0.0,12
STATEN ISLAND,Mid-Island,Spring,2,afternoon,1.6538461538461537,1.1356023776749482,52
STATEN ISLAND,Mid-Island,Spring,2,evening,2.5254237288135593,1.8228050778514495,59
STATEN ISLAND,Mid-Island,Spring,2,morning,1.9,1.0813097471264972,40
STATEN ISLAND,Mid-Island,Spring,2,night,2.9047619047619047,7.912249151533634,63
STATEN ISLAND,Mid-Island,Spring,2,overnight,1.3076923076923077,0.6304251719561152,13
STATEN ISLAND,Mid-Island,Spring,3,afternoon,2.0,1.3284223283101428,52
STATEN ISLAND,Mid-Island,Spring,3,evening,2.1785714285714284,1.4660663864063759,56
STATEN ISLAND,Mid-Island,Spring,3,morning,1.6590909090909092,1.6130742254030408,44
STATEN ISLAND,Mid-Island,Spring,3,night,2.982456140350877,3.4614779464752967,57
STATEN ISLAND,Mid-Island,Spring,3,overnight,1.1666666666666667,0.38924947208076144,12
STATEN ISLAND,Mid-Island,Spring,4,afternoon,2.196078431372549,1.4285602240456965,51
STATEN ISLAND,Mid-Island,Spring,4,evening,2.2459016393442623,1.8134289592272244,61
STATEN ISLAND,Mid-Island,Spring,4,morning,1.711111111111111,0.9913769630308559,45
STATEN ISLAND,Mid-Island,Spring,4,night,2.652173913043478,2.241494295150406,69
STATEN ISLAND,Mid-Island,Spring,4,overnight,1.0909090909090908,0.29424494316824984,22
STATEN ISLAND,Mid-Island,Spring,5,afternoon,2.6346153846153846,2.039115976794233,52
STATEN ISLAND,Mid-Island,Spring,5,evening,3.180327868852459,2.217417392082597,61
STATEN ISLAND,Mid-Island,Spring,5,morning,1.6041666666666667,0.7646326703505257,48
STATEN ISLAND,Mid-Island,Spring,5,night,4.355263157894737,3.7831343173561653,76
STATEN ISLAND,Mid-Island,Spring,5,overnight,1.6666666666666667,1.199415062114892,39
STATEN ISLAND,Mid-Island,Spring,6,afternoon,2.75,2.596188760169678,52
STATEN ISLAND,Mid-Island,Spring,6,evening,3.1492537313432836,3.0463775375536803,67
STATEN ISLAND,Mid-Island,Spring,6,morning,1.5348837209302326,0.9089197462949481,43
STATEN ISLAND,Mid-Island,Spring,6,night,3.5194805194805197,3.2020157697530314,77
STATEN ISLAND,Mid-Island,Spring,6,overnight,1.6756756756756757,1.3134782926357123,37
STATEN ISLAND,Mid-Island,Summer,0,afternoon,1.9047619047619047,1.1647154747190156,42
STATEN ISLAND,Mid-Island,Summer,0,evening,2.8771929824561404,3.1456896554684644,57
STATEN ISLAND,Mid-Island,Summer,0,morning,1.4545454545454546,0.9045340337332909,33
STATEN ISLAND,Mid-Island,Summer,0,night,2.933333333333333,2.169641590855126,60
STATEN ISLAND,Mid-Island,Summer,0,overnight,1.2352941176470589,0.562295714538387,17
STATEN ISLAND,Mid-Island,Summer,1,afternoon,1.696969696969697,0.8095078939102635,33
STATEN ISLAND,Mid-Island,Summer,1,evening,2.260869565217391,2.2552140337813285,46
STATEN ISLAND,Mid-Island,Summer,1,morning,1.5,0.9001915504970077,30
STATEN ISLAND,Mid-Island,Summer,1,night,2.864406779661017,1.9249507572621898,59
STATEN ISLAND,Mid-Island,Summer,1,overnight,1.1818181818181819,0.4045199174779453,11
STATEN ISLAND,Mid-Island,Summer,2,afternoon,1.5151515151515151,0.7953463129830664,33
STATEN ISLAND,Mid-Island,Summer,2,evening,2.0208333333333335,1.4215601757693317,48
STATEN ISLAND,Mid-Island,Summer,2,morning,1.5833333333333333,0.9373214115613857,36
STATEN ISLAND,Mid-Island,Summer,2,night,2.721311475409836,2.640272382040558,61
STATEN ISLAND,Mid-Island,Summer,2,overnight,1.263157894736842,0.5619514869490163,19
STATEN ISLAND,Mid-Island,Summer,3,afternoon,1.434782608695652,0.6880624620561866,46
STATEN ISLAND,Mid-Island,Summer,3,evening,2.036363636363636,1.185774264377755,55
STATEN ISLAND,Mid-Island,Summer,3,morning,1.7941176470588236,1.3878130116974405,34
STATEN ISLAND,Mid-Island,Summer,3,night,2.5185185185185186,1.6222595555854584,54
STATEN ISLAND,Mid-Island,Summer,3,overnight,1.125,0.3535533905932738,8
STATEN ISLAND,Mid-Island,Summer,4,afternoon,1.725,1.0618682133692967,40
STATEN ISLAND,Mid-Island,Summer,4,evening,2.6140350877192984,2.3203631640397546,57
STATEN ISLAND,Mid-Island,Summer,4,morning,1.6774193548387097,1.0766335425511488,31
STATEN ISLAND,Mid-Island,Summer,4,night,3.359375,2.4388859511136816,64
STATEN ISLAND,Mid-Island,Summer,4,overnight,1.6153846153846154,0.9607689228305227,13
STATEN ISLAND,Mid-Island,Summer,5,afternoon,2.217391304347826,1.9080303221240817,46
STATEN ISLAND,Mid-Island,Summer,5,evening,4.75,3.539515364295584,72
STATEN ISLAND,Mid-Island,Summer,5,morning,1.368421052631579,0.5891382910924178,38
STATEN ISLAND,Mid-Island,Summer,5,night,6.9743589743589745,4.214922035526609,78
STATEN ISLAND,Mid-Island,Summer,5,overnight,1.7241379310344827,1.1617890060511336,29
STATEN ISLAND,Mid-Island,Summer,6,afternoon,2.7037037037037037,2.717029660254559,54
STATEN ISLAND,Mid-Island,Summer,6,evening,3.985074626865672,3.291368589404132,67
STATEN ISLAND,Mid-Island,Summer,6,morning,1.7941176470588236,1.736932366658475,34
STATEN ISLAND,Mid-Island,Summer,6,night,5.368421052631579,3.632600924087893,76
STATEN ISLAND,Mid-Island,Summer,6,overnight,2.627906976744186,5.009625286880264,43
STATEN ISLAND,Mid-Island,Winter,0,afternoon,1.6585365853658536,1.352955211704382,41
STATEN ISLAND,Mid-Island,Winter,0,evening,2.0789473684210527,1.4956076040402968,38
STATEN ISLAND,Mid-Island,Winter,0,morning,1.9210526315789473,1.3632548283005563,38
STATEN ISLAND,Mid-Island,Winter,0,night,2.18,2.6549145802777585,50
STATEN ISLAND,Mid-Island,Winter,0,overnight,1.9473684210526316,1.4709665835968129,19
STATEN ISLAND,Mid-Island,Winter,1,afternoon,1.8936170212765957,1.5636362658488996,47
STATEN ISLAND,Mid-Island,Winter,1,evening,2.0476190476190474,2.02366946294055,42
STATEN ISLAND,Mid-Island,Winter,1,morning,1.967741935483871,1.559569833164302,31
STATEN ISLAND,Mid-Island,Winter,1,night,1.8478260869565217,1.228682967957476,46
STATEN ISLAND,Mid-Island,Winter,1,overnight,1.6153846153846154,0.9607689228305228,13
STATEN ISLAND,Mid-Island,Winter,2,afternoon,1.8048780487804879,2.4619048742297287,41
STATEN ISLAND,Mid-Island,Winter,2,evening,1.9111111111111112,1.3951575704789214,45
STATEN ISLAND,Mid-Island,Winter,2,morning,1.8285714285714285,1.3823618808936755,35
STATEN ISLAND,Mid-Island,Winter,2,night,1.7843137254901962,1.1715583722580123,51
STATEN ISLAND,Mid-Island,Winter,2,overnight,2.0,1.8257418583505538,13
STATEN ISLAND,Mid-Island,Winter,3,afternoon,1.5675675675675675,1.2369438265459065,37
STATEN ISLAND,Mid-Island,Winter,3,evening,1.9019607843137254,1.3602191288286505,51
STATEN ISLAND,Mid-Island,Winter,3,morning,1.7096774193548387,1.243477607011797,31
STATEN ISLAND,Mid-Island,Winter,3,night,1.775,1.2503845562312172,40
STATEN ISLAND,Mid-Island,Winter,3,overnight,1.25,0.45226701686664544,12
STATEN ISLAND,Mid-Island,Winter,4,afternoon,1.6857142857142857,0.9321521136730904,35
STATEN ISLAND,Mid-Island,Winter,4,evening,1.9672131147540983,1.2242986170968,61
STATEN ISLAND,Mid-Island,Winter,4,morning,1.6428571428571428,1.0078092292238203,42
STATEN ISLAND,Mid-Island,Winter,4,night,2.0961538461538463,1.9021104417803965,52
STATEN ISLAND,Mid-Island,Winter,4,overnight,1.75,1.390443574307614,16
STATEN ISLAND,Mid-Island,Winter,5,afternoon,1.6486486486486487,1.2296389762902005,37
STATEN ISLAND,Mid-Island,Winter,5,evening,1.9777777777777779,1.7384539747207062,45
STATEN ISLAND,Mid-Island,Winter,5,morning,1.6764705882352942,1.2240169397543907,34
STATEN ISLAND,Mid-Island,Winter,5,night,2.7868852459016393,2.229459980192219,61
STATEN ISLAND,Mid-Island,Winter,5,overnight,1.5833333333333333,0.7755316082290385,24
STATEN ISLAND,Mid-Island,Winter,6,afternoon,1.9285714285714286,1.3323893290032802,42
STATEN ISLAND,Mid-Island,Winter,6,evening,1.8222222222222222,1.3192437380575432,45
STATEN ISLAND,Mid-Island,Winter,6,morning,1.5217391304347827,1.081647111727434,23
STATEN ISLAND,Mid-Island,Winter,6,night,2.593220338983051,2.560432641699961,59
STATEN ISLAND,Mid-Island,Winter,6,overnight,1.8157894736842106,1.7836382974421745,38
STATEN ISLAND,Port Richmond,Fall,0,afternoon,2.0,1.632993161855452,40
STATEN ISLAND,Port Richmond,Fall,0,evening,2.357142857142857,2.6726124191242446,56
STATEN ISLAND,Port Richmond,Fall,0,morning,1.5,0.8257228238447704,34
STATEN ISLAND,Port Richmond,Fall,0,night,2.8813559322033897,2.4288832808139733,59
STATEN ISLAND,Port Richmond,Fall,0,overnight,1.3103448275862069,0.603764871207686,29
STATEN ISLAND,Port Richmond,Fall,1,afternoon,1.6590909090909092,1.0771016625849856,44
STATEN ISLAND,Port Richmond,Fall,1,evening,2.148936170212766,1.5177031187642573,47
STATEN ISLAND,Port Richmond,Fall,1,morning,1.3333333333333333,0.6454972243679029,33
STATEN ISLAND,Port Richmond,Fall,1,night,2.357142857142857,1.6670995108933295,56
STATEN ISLAND,Port Richmond,Fall,1,overnight,1.36,0.6377042156569663,25
STATEN ISLAND,Port Richmond,Fall,2,afternoon,1.813953488372093,1.159963340009551,43
STATEN ISLAND,Port Richmond,Fall,2,evening,1.8627450980392157,1.2332008407901325,51
STATEN ISLAND,Port Richmond,Fall,2,morning,1.5609756097560976,0.9232762448965337,41
STATEN ISLAND,Port Richmond,Fall,2,night,2.457627118644068,1.3936065082875997,59
STATEN ISLAND,Port Richmond,Fall,2,overnight,1.3,0.6569466853317862,20
STATEN ISLAND,Port Richmond,Fall,3,afternoon,1.5348837209302326,1.008271439484955,43
STATEN ISLAND,Port Richmond,Fall,3,evening,2.0697674418604652,1.695868211933953,43
STATEN ISLAND,Port Richmond,Fall,3,morning,1.5142857142857142,1.4219172758975114,35
STATEN ISLAND,Port Richmond,Fall,3,night,2.492063492063492,1.8038758976072202,63
STATEN ISLAND,Port Richmond,Fall,3,overnight,1.736842105263158,1.1945294407402947,19
STATEN ISLAND,Port Richmond,Fall,4,afternoon,1.6744186046511629,1.1067096283806281,43
STATEN ISLAND,Port Richmond,Fall,4,evening,2.406779661016949,1.7232551802129936,59
STATEN ISLAND,Port Richmond,Fall,4,morning,1.46875,0.6712710620231424,32
STATEN ISLAND,Port Richmond,Fall,4,night,3.8923076923076922,2.1587255855819545,65
STATEN ISLAND,Port Richmond,Fall,4,overnight,1.375,0.9237212077056678,24
STATEN ISLAND,Port Richmond,Fall,5,afternoon,2.090909090909091,1.236373539275056,55
STATEN ISLAND,Port Richmond,Fall,5,evening,5.391304347826087,4.7347817867114985,69
STATEN ISLAND,Port Richmond,Fall,5,morning,1.875,1.3308931571484919,48
STATEN ISLAND,Port Richmond,Fall,5,night,9.710526315789474,7.541557380229778,76
STATEN ISLAND,Port Richmond,Fall,5,overnight,1.4411764705882353,0.859569182809418,34
STATEN ISLAND,Port Richmond,Fall,6,afternoon,2.6166666666666667,1.8048115227824653,60
STATEN ISLAND,Port Richmond,Fall,6,evening,2.732142857142857,2.049310938992745,56
STATEN ISLAND,Port Richmond,Fall,6,morning,1.6382978723404256,0.81894767882176,47
STATEN ISLAND,Port Richmond,Fall,6,night,7.828947368421052,5.872848616914368,76
STATEN ISLAND,Port Richmond,Fall,6,overnight,3.725806451612903,5.214008101884295,62
STATEN ISLAND,Port Richmond,Spring,0,afternoon,1.8644067796610169,1.2099818624836698,59
STATEN ISLAND,Port Richmond,Spring,0,evening,2.765625,1.9819998518411683,64
STATEN ISLAND,Port Richmond,Spring,0,morning,1.3513513513513513,0.5876609101729885,37
STATEN ISLAND,Port Richmond,Spring,0,night,2.7466666666666666,2.847916893209953,75
STATEN ISLAND,Port Richmond,Spring,0,overnight,2.08,4.795136424892761,25
STATEN ISLAND,Port Richmond,Spring,1,afternoon,2.0,1.6949121725703884,56
STATEN ISLAND,Port Richmond,Spring,1,evening,2.257575757575758,1.417588483854574,66
STATEN ISLAND,Port Richmond,Spring,1,morning,1.7727272727272727,1.1586607417996597,44
STATEN ISLAND,Port Richmond,Spring,1,night,2.507042253521127,1.8964119461809203,71
STATEN ISLAND,Port Richmond,Spring,1,overnight,1.2222222222222223,0.42365927286816163,27
STATEN ISLAND,Port Richmond,Spring,2,afternoon,1.6226415094339623,0.7899954988756782,53
STATEN ISLAND,Port Richmond,Spring,2,evening,2.1044776119402986,1.3158051845095038,67
STATEN ISLAND,Port Richmond,Spring,2,morning,1.4666666666666666,1.0995866992151684,45
STATEN ISLAND,Port Richmond,Spring,2,night,2.5972222222222223,1.6500936569426339,72
STATEN ISLAND,Port Richmond,Spring,2,overnight,1.380952380952381,0.7400128699009548,21
STATEN ISLAND,Port Richmond,Spring,3,afternoon,1.603448275862069,0.857160861735831,58
STATEN ISLAND,Port Richmond,Spring,3,evening,2.3114754098360657,1.372843564850676,61
STATEN ISLAND,Port Richmond,Spring,3,morning,1.5116279069767442,0.7675593050844381,43
STATEN ISLAND,Port Richmond,Spring,3,night,2.4805194805194803,1.6109035517078576,77
STATEN ISLAND,Port Richmond,Spring,3,overnight,1.3448275862068966,0.7209052874667636,29
STATEN ISLAND,Port Richmond,Spring,4,afternoon,1.6444444444444444,1.0259265336880865,45
STATEN ISLAND,Port Richmond,Spring,4,evening,2.2698412698412698,1.3819848886521435,63
STATEN ISLAND,Port Richmond,Spring,4,morning,1.372093023255814,0.7874992309581579,43
STATEN ISLAND,Port Richmond,Spring,4,night,3.2911392405063293,2.013746977805287,79
STATEN ISLAND,Port Richmond,Spring,4,overnight,1.24,0.5972157622389639,25
STATEN ISLAND,Port Richmond,Spring,5,afternoon,2.15625,1.4389011459917973,64
STATEN ISLAND,Port Richmond,Spring,5,evening,3.7333333333333334,2.7229422348655166,75
STATEN ISLAND,Port Richmond,Spring,5,morning,1.5294117647058822,0.673882517252691,51
STATEN ISLAND,Port Richmond,Spring,5,night,5.872093023255814,3.9757988812546907,86
STATEN ISLAND,Port Richmond,Spring,5,overnight,1.6046511627906976,0.929401622236201,43
STATEN ISLAND,Port Richmond,Spring,6,afternoon,2.9285714285714284,2.1690940376340015,70
STATEN ISLAND,Port Richmond,Spring,6,evening,3.064935064935065,2.3582869693780872,77
STATEN ISLAND,Port Richmond,Spring,6,morning,1.8269230769230769,1.2480754415067654,52
STATEN ISLAND,Port Richmond,Spring,6,night,5.91358024691358,4.902034095312367,81
STATEN ISLAND,Port Richmond,Spring,6,overnight,2.40625,3.416666666666667,64
STATEN ISLAND,Port Richmond,Summer,0,afternoon,1.434782608695652,0.5831780331575324,46
STATEN ISLAND,Port Richmond,Summer,0,evening,2.306122448979592,1.8507214993151215,49
STATEN ISLAND,Port Richmond,Summer,0,morning,1.3225806451612903,0.5408078385892442,31
STATEN ISLAND,Port Richmond,Summer,0,night,3.701492537313433,2.622830563117308,67
STATEN ISLAND,Port Richmond,Summer,0,overnight,1.9166666666666667,1.8630658852422861,24
STATEN ISLAND,Port Richmond,Summer,1,afternoon,1.4166666666666667,0.6491753010001008,36
STATEN ISLAND,Port Richmond,Summer,1,evening,2.1132075471698113,1.4095877378549997,53
STATEN ISLAND,Port Richmond,Summer,1,morning,1.4838709677419355,0.9263177187817537,31
STATEN ISLAND,Port Richmond,Summer,1,night,3.353846153846154,3.7350985982248894,65
STATEN ISLAND,Port Richmond,Summer,1,overnight,1.3461538461538463,0.6894814104706634,26
STATEN ISLAND,Port Richmond,Summer,2,afternoon,1.4047619047619047,0.7344991261521248,42
STATEN ISLAND,Port Richmond,Summer,2,evening,2.2545454545454544,1.723671596054124,55
STATEN ISLAND,Port Richmond,Summer,2,morning,1.6486486486486487,1.1109609508143092,37
STATEN ISLAND,Port Richmond,Summer,2,night,2.91044776119403,2.1723562356699238,67
STATEN ISLAND,Port Richmond,Summer,2,overnight,1.12,0.33166247903553997,25
STATEN ISLAND,Port Richmond,Summer,3,afternoon,1.5333333333333334,0.8146387933534492,45
STATEN ISLAND,Port Richmond,Summer,3,evening,2.018181818181818,1.7689807600120837,55
STATEN ISLAND,Port Richmond,Summer,3,morning,1.6451612903225807,0.7978465640616283,31
STATEN ISLAND,Port Richmond,Summer,3,night,2.953846153846154,2.3547211169184217,65
STATEN ISLAND,Port Richmond,Summer,3,overnight,1.4615384615384615,0.9478721108153453,26
STATEN ISLAND,Port Richmond,Summer,4,afternoon,1.5853658536585367,0.9993900578877488,41
STATEN ISLAND,Port Richmond,Summer,4,evening,2.847457627118644,2.2269010423644615,59
STATEN ISLAND,Port Richmond,Summer,4,morning,1.4642857142857142,0.8380817098475257,28
STATEN ISLAND,Port Richmond,Summer,4,night,4.364864864864865,3.050148544886281,74
STATEN ISLAND,Port Richmond,Summer,4,overnight,1.5294117647058822,0.9609116289468436,34
STATEN ISLAND,Port Richmond,Summer,5,afternoon,2.425925925925926,3.183695798565832,54
STATEN ISLAND,Port Richmond,Summer,5,evening,5.276315789473684,3.7402270312928896,76
STATEN ISLAND,Port Richmond,Summer,5,morning,1.5365853658536586,0.7777390621413378,41
STATEN ISLAND,Port Richmond,Summer,5,night,11.69620253164557,5.745353597338902,79
STATEN ISLAND,Port Richmond,Summer,5,overnight,1.744186046511628,1.0022123920847734,43
STATEN ISLAND,Port Richmond,Summer,6,afternoon,2.423076923076923,3.0636781293473585,52
STATEN ISLAND,Port Richmond,Summer,6,evening,3.763888888888889,3.829069888737023,72
STATEN ISLAND,Port Richmond,Summer,6,morning,1.6764705882352942,1.0363276723909671,34
STATEN ISLAND,Port Richmond,Summer,6,night,11.5,7.538214332630464,78
STATEN ISLAND,Port Richmond,Summer,6,overnight,4.5,5.570444393966128,68
STATEN ISLAND,Port Richmond,Winter,0,afternoon,1.880952380952381,1.0865560035712065,42
STATEN ISLAND,Port Richmond,Winter,0,evening,1.5,0.6523280730534422,48
STATEN ISLAND,Port Richmond,Winter,0,morning,1.4242424242424243,0.6628679652796169,33
STATEN ISLAND,Port Richmond,Winter,0,night,1.6610169491525424,1.0104654013344447,59
STATEN ISLAND,Port Richmond,Winter,0,overnight,1.6551724137931034,1.5646967316604725,29
STATEN ISLAND,Port Richmond,Winter,1,afternoon,1.558139534883721,0.8810795753856079,43
STATEN ISLAND,Port Richmond,Winter,1,evening,1.7291666666666667,1.1803278183899792,48
STATEN ISLAND,Port Richmond,Winter,1,morning,1.4285714285714286,0.7417981870189156,28
STATEN ISLAND,Port Richmond,Winter,1,night,1.7272727272727273,1.0083823763012802,55
STATEN ISLAND,Port Richmond,Winter,1,overnight,1.0952380952380953,0.30079260375911915,21
STATEN ISLAND,Port Richmond,Winter,2,afternoon,1.4545454545454546,0.8325754129097365,33
STATEN ISLAND,Port Richmond,Winter,2,evening,1.6041666666666667,0.8439921178751973,48
STATEN ISLAND,Port Richmond,Winter,2,morning,1.4054054054054055,0.5990482942625399,37
STATEN ISLAND,Port Richmond,Winter,2,night,2.1228070175438596,1.7430492108309636,57
STATEN ISLAND,Port Richmond,Winter,2,overnight,1.9473684210526316,2.197819227490092,19
STATEN ISLAND,Port Richmond,Winter,3,afternoon,1.702127659574468,1.0407959666612454,47
STATEN ISLAND,Port Richmond,Winter,3,evening,1.607843137254902,0.896179253777926,51
STATEN ISLAND,Port Richmond,Winter,3,morning,1.2619047619047619,0.5436786985838643,42
STATEN ISLAND,Port Richmond,Winter,3,night,1.8955223880597014,1.169490025586249,67
STATEN ISLAND,Port Richmond,Winter,3,overnight,1.5555555555555556,0.9217771979249536,18
STATEN ISLAND,Port Richmond,Winter,4,afternoon,1.5208333333333333,0.8749366745068828,48
STATEN ISLAND,Port Richmond,Winter,4,evening,1.7868852459016393,1.0019107428369165,61
STATEN ISLAND,Port Richmond,Winter,4,morning,1.2325581395348837,0.4799409339811953,43
STATEN ISLAND,Port Richmond,Winter,4,night,2.3285714285714287,1.8550473924289235,70
STATEN ISLAND,Port Richmond,Winter,4,overnight,2.4,4.4295657384871205,20
STATEN ISLAND,Port Richmond,Winter,5,afternoon,1.9230769230769231,1.4120788991753364,52
STATEN ISLAND,Port Richmond,Winter,5,evening,1.8113207547169812,1.11038115031913,53
STATEN ISLAND,Port Richmond,Winter,5,morning,1.8461538461538463,1.5817788377323725,39
STATEN ISLAND,Port Richmond,Winter,5,night,3.0,2.413198999619531,69
STATEN ISLAND,Port Richmond,Winter,5,overnight,1.8222222222222222,1.1925695879998879,45
STATEN ISLAND,Port Richmond,Winter,6,afternoon,1.72,1.069808298677089,50
STATEN ISLAND,Port Richmond,Winter,6,evening,1.6382978723404256,0.81894767882176,47
STATEN ISLAND,Port Richmond,Winter,6,morning,1.5,0.7924058156930615,44
STATEN ISLAND,Port Richmond,Winter,6,night,2.7246376811594204,1.580060106554164,69
STATEN ISLAND,Port Richmond,Winter,6,overnight,1.4782608695652173,1.1103378952129364,46
STATEN ISLAND,South Shore,Fall,0,afternoon,2.246376811594203,1.4693515686844882,69
STATEN ISLAND,South Shore,Fall,0,evening,3.414285714285714,2.6891777588388504,70
STATEN ISLAND,South Shore,Fall,0,morning,2.0526315789473686,1.493091861966529,57
STATEN ISLAND,South Shore,Fall,0,night,3.701492537313433,2.8498534006587946,67
STATEN ISLAND,South Shore,Fall,0,overnight,1.6296296296296295,1.0432253296000287,27
STATEN ISLAND,South Shore,Fall,1,afternoon,2.676470588235294,1.7142177753166574,68
STATEN ISLAND,South Shore,Fall,1,evening,3.3,2.3917127450997255,70
STATEN ISLAND,South Shore,Fall,1,morning,2.263157894736842,1.674667512730658,57
STATEN ISLAND,South Shore,Fall,1,night,3.072463768115942,2.031507992337872,69
STATEN ISLAND,South Shore,Fall,1,overnight,1.3823529411764706,0.7391520892561241,34
STATEN ISLAND,South Shore,Fall,2,afternoon,2.7,1.7103870114139545,60
STATEN ISLAND,South Shore,Fall,2,evening,3.0307692307692307,2.1137143755811625,65
STATEN ISLAND,South Shore,Fall,2,morning,2.3442622950819674,1.63182153744049,61
STATEN ISLAND,South Shore,Fall,2,night,2.9558823529411766,1.7400791157979487,68
STATEN ISLAND,South Shore,Fall,2,overnight,1.5,0.6938886664887108,28
STATEN ISLAND,South Shore,Fall,3,afternoon,2.3125,1.4351041110399654,64
STATEN ISLAND,South Shore,Fall,3,evening,2.926470588235294,1.863363805262898,68
STATEN ISLAND,South Shore,Fall,3,morning,1.9090909090909092,1.0916081676171132,66
STATEN ISLAND,South Shore,Fall,3,night,3.7971014492753623,2.6930177155056514,69
STATEN ISLAND,South Shore,Fall,3,overnight,1.3235294117647058,0.5888143317638868,34
STATEN ISLAND,South Shore,Fall,4,afternoon,2.704225352112676,1.642249034509714,71
STATEN ISLAND,South Shore,Fall,4,evening,4.410958904109589,3.1834450959366687,73
STATEN ISLAND,South Shore,Fall,4,morning,2.176470588235294,1.359775842705561,68
STATEN ISLAND,South Shore,Fall,4,night,7.141025641025641,4.874328082830931,78
STATEN ISLAND,South Shore,Fall,4,overnight,1.5,0.7768193328323317,30
STATEN ISLAND,South Shore,Fall,5,afternoon,2.857142857142857,1.9507390965411868,70
STATEN ISLAND,South Shore,Fall,5,evening,6.802631578947368,4.93428748477996,76
STATEN ISLAND,South Shore,Fall,5,morning,2.876923076923077,2.011744363634551,65
STATEN ISLAND,South Shore,Fall,5,night,13.384615384615385,7.79315512057002,78
STATEN ISLAND,South Shore,Fall,5,overnight,2.4130434782608696,2.246736764055042,46
STATEN ISLAND,South Shore,Fall,6,afternoon,3.323529411764706,2.3527765526255835,68
STATEN ISLAND,South Shore,Fall,6,evening,3.71875,2.9248185400232085,64
STATEN ISLAND,South Shore,Fall,6,morning,2.3448275862068964,1.2642413179859469,58
STATEN ISLAND,South Shore,Fall,6,night,7.376623376623376,5.382816131080951,77
STATEN ISLAND,South Shore,Fall,6,overnight,2.48,2.858856628879769,50
STATEN ISLAND,South Shore,Spring,0,afternoon,3.3684210526315788,2.6373830729881105,76
STATEN ISLAND,South Shore,Spring,0,evening,3.6301369863013697,2.98843534551234,73
STATEN ISLAND,South Shore,Spring,0,morning,2.014705882352941,1.2985944992174103,68
STATEN ISLAND,South Shore,Spring,0,night,3.3376623376623376,2.4420137807835087,77
STATEN ISLAND,South Shore,Spring,0,overnight,1.4482758620689655,0.985110831203116,29
STATEN ISLAND,South Shore,Spring,1,afternoon,3.0641025641025643,2.134075690850503,78
STATEN ISLAND,South Shore,Spring,1,evening,3.128205128205128,1.9564012439951644,78
STATEN ISLAND,South Shore,Spring,1,morning,2.5584415584415585,2.1428799269693264,77
STATEN ISLAND,South Shore,Spring,1,night,3.802469135802469,2.989229637742891,81
STATEN ISLAND,South Shore,Spring,1,overnight,1.375,0.8066232240898011,40
STATEN ISLAND,South Shore,Spring,2,afternoon,2.841463414634146,1.9081987641061775,82
STATEN ISLAND,South Shore,Spring,2,evening,2.727272727272727,1.7292861596651865,77
STATEN ISLAND,South Shore,Spring,2,morning,2.5522388059701493,1.6722655843292018,67
STATEN ISLAND,South Shore,Spring,2,night,3.1447368421052633,2.3816182026424584,76
STATEN ISLAND,South Shore,Spring,2,overnight,1.2222222222222223,0.42365927286816163,27
STATEN ISLAND,South Shore,Spring,3,afternoon,2.7160493827160495,2.1344470472538934,81
STATEN ISLAND,South Shore,Spring,3,evening,3.1315789473684212,2.143779250222422,76
STATEN ISLAND,South Shore,Spring,3,morning,2.4794520547945207,1.7005684428800067,73
STATEN ISLAND,South Shore,Spring,3,night,3.1547619047619047,2.148095528708856,84
STATEN ISLAND,South Shore,Spring,3,overnight,1.3333333333333333,0.7171371656006361,36
STATEN ISLAND,South Shore,Spring,4,afternoon,3.064935064935065,2.3860210345482926,77
STATEN ISLAND,South Shore,Spring,4,evening,3.6265060240963853,2.3721496033802185,83
STATEN ISLAND,South Shore,Spring,4,morning,2.3484848484848486,1.4410725091715464,66
STATEN ISLAND,South Shore,Spring,4,night,5.784090909090909,4.974530217838892,88
STATEN ISLAND,South Shore,Spring,4,overnight,1.4848484848484849,0.7550336135403227,33
STATEN ISLAND,South Shore,Spring,5,afternoon,3.8734177215189876,2.608502314216275,79
STATEN ISLAND,South Shore,Spring,5,evening,4.880952380952381,3.6484185777110376,84
STATEN ISLAND,South Shore,Spring,5,morning,3.5128205128205128,2.5161483126004973,78
STATEN ISLAND,South Shore,Spring,5,night,8.573033707865168,6.468257529254688,89
STATEN ISLAND,South Shore,Spring,5,overnight,1.851063829787234,0.9995373582912228,47
STATEN ISLAND,South Shore,Spring,6,afternoon,3.8684210526315788,2.5473756705710966,76
STATEN ISLAND,South Shore,Spring,6,evening,3.740740740740741,3.0650357982321252,81
STATEN ISLAND,South Shore,Spring,6,morning,2.6142857142857143,1.9875909031648555,70
STATEN ISLAND,South Shore,Spring,6,night,5.440476190476191,3.7748412253411012,84
STATEN ISLAND,South Shore,Spring,6,overnight,2.2641509433962264,4.24785440589729,53
STATEN ISLAND,South Shore,Summer,0,afternoon,3.260869565217391,2.429307417115878,69
STATEN ISLAND,South Shore,Summer,0,evening,3.9,5.63156219477537,70
STATEN ISLAND,South Shore,Summer,0,morning,2.3653846153846154,1.2211991238740838,52
STATEN ISLAND,South Shore,Summer,0,night,3.8767123287671232,3.3868422095230537,73
STATEN ISLAND,South Shore,Summer,0,overnight,1.4285714285714286,0.634126487474228,28
STATEN ISLAND,South Shore,Summer,1,afternoon,2.8309859154929575,1.859231142880286,71
STATEN ISLAND,South Shore,Summer,1,evening,4.22972972972973,3.7179582601992043,74
STATEN ISLAND,South Shore,Summer,1,morning,2.169491525423729,1.5217111780524262,59
STATEN ISLAND,South Shore,Summer,1,night,4.546666666666667,3.390341341873177,75
STATEN ISLAND,South Shore,Summer,1,overnight,1.4285714285714286,0.8106434833777776,21
STATEN ISLAND,South Shore,Summer,2,afternoon,2.8636363636363638,2.218012718534413,66
STATEN ISLAND,South Shore,Summer,2,evening,3.5342465753424657,2.41570205910335,73
STATEN ISLAND,South Shore,Summer,2,morning,2.6271186440677967,1.649433602731198,59
STATEN ISLAND,South Shore,Summer,2,night,4.631578947368421,3.207666255553646,76
STATEN ISLAND,South Shore,Summer,2,overnight,1.3846153846153846,0.8521466107154602,26
STATEN ISLAND,South Shore,Summer,3,afternoon,2.984848484848485,1.996091752495933,66
STATEN ISLAND,South Shore,Summer,3,evening,3.842857142857143,3.4541959960743487,70
STATEN ISLAND,South Shore,Summer,3,morning,2.482142857142857,1.6291779458428652,56
STATEN ISLAND,South Shore,Summer,3,night,5.367088607594937,4.455412194778545,79
STATEN ISLAND,South Shore,Summer,3,overnight,1.4,0.6454972243679027,25
STATEN ISLAND,South Shore,Summer,4,afternoon,2.8529411764705883,2.0019744424267603,68
STATEN ISLAND,South Shore,Summer,4,evening,5.171428571428572,4.014363445384038,70
STATEN ISLAND,South Shore,Summer,4,morning,2.418181818181818,1.8428129573995284,55
STATEN ISLAND,South Shore,Summer,4,night,8.615384615384615,6.062939943562098,78
STATEN ISLAND,South Shore,Summer,4,overnight,1.3333333333333333,0.6370220572706061,24
STATEN ISLAND,South Shore,Summer,5,afternoon,4.48,2.8633754414884045,75
STATEN ISLAND,South Shore,Summer,5,evening,9.721518987341772,5.259757011207129,79
STATEN ISLAND,South Shore,Summer,5,morning,3.15,2.253622319582861,60
STATEN ISLAND,South Shore,Summer,5,night,16.810126582278482,9.769229491396258,79
STATEN ISLAND,South Shore,Summer,5,overnight,1.9361702127659575,1.0714527991622227,47
STATEN ISLAND,South Shore,Summer,6,afternoon,4.260273972602739,2.630100321598831,73
STATEN ISLAND,South Shore,Summer,6,evening,7.1466666666666665,6.24649811804492,75
STATEN ISLAND,South Shore,Summer,6,morning,2.4642857142857144,1.5720777879699754,56
STATEN ISLAND,South Shore,Summer,6,night,10.20253164556962,6.641709207794994,79
STATEN ISLAND,South Shore,Summer,6,overnight,2.358490566037736,1.5453943935578573,53
STATEN ISLAND,South Shore,Winter,0,afternoon,2.0555555555555554,1.3091357752301407,54
STATEN ISLAND,South Shore,Winter,0,evening,2.189655172413793,1.2767405945118733,58
STATEN ISLAND,South Shore,Winter,0,morning,1.736842105263158,0.9359165826205132,57
STATEN ISLAND,South Shore,Winter,0,night,2.625,3.4208865501113,72
STATEN ISLAND,South Shore,Winter,0,overnight,1.6428571428571428,1.0959280090672934,28
STATEN ISLAND,South Shore,Winter,1,afternoon,1.694915254237288,0.8760065597324775,59
STATEN ISLAND,South Shore,Winter,1,evening,2.253731343283582,1.3522515856793849,67
STATEN ISLAND,South Shore,Winter,1,morning,1.7636363636363637,0.9222283071479918,55
STATEN ISLAND,South Shore,Winter,1,night,2.6615384615384614,1.822403315996173,65
STATEN ISLAND,South Shore,Winter,1,overnight,1.4642857142857142,1.0357370915204895,28
STATEN ISLAND,South Shore,Winter,2,afternoon,2.0161290322580645,1.3966228058306442,62
STATEN ISLAND,South Shore,Winter,2,evening,2.5303030303030303,2.0992284074773537,66
STATEN ISLAND,South Shore,Winter,2,morning,2.156862745098039,1.3910075344096142,51
STATEN ISLAND,South Shore,Winter,2,night,2.671641791044776,2.1133633950267923,67
STATEN ISLAND,South Shore,Winter,2,overnight,1.36,0.7,25
STATEN ISLAND,South Shore,Winter,3,afternoon,2.171875,1.1485627664918572,64
STATEN ISLAND,South Shore,Winter,3,evening,2.3472222222222223,1.6112257797410128,72
STATEN ISLAND,South Shore,Winter,3,morning,1.828125,1.03209891706327,64
STATEN ISLAND,South Shore,Winter,3,night,2.6027397260273974,2.0051304060348496,73
STATEN ISLAND,South Shore,Winter,3,overnight,1.5769230769230769,0.7027418828034613,26
STATEN ISLAND,South Shore,Winter,4,afternoon,2.0,1.2338509065934553,68
STATEN ISLAND,South Shore,Winter,4,evening,2.765625,2.300739615379754,64
STATEN ISLAND,South Shore,Winter,4,morning,1.9322033898305084,1.2847166168091515,59
STATEN ISLAND,South Shore,Winter,4,night,3.45,2.618821843520722,80
STATEN ISLAND,South Shore,Winter,4,overnight,1.3928571428571428,0.6852566815265061,28
STATEN ISLAND,South Shore,Winter,5,afternoon,2.1029411764705883,1.2945316202747355,68
STATEN ISLAND,South Shore,Winter,5,evening,2.4285714285714284,1.6903085094570334,70
STATEN ISLAND,South Shore,Winter,5,morning,2.4782608695652173,1.7954902300598603,69
STATEN ISLAND,South Shore,Winter,5,night,5.530120481927711,3.5315212965850717,83
STATEN ISLAND,South Shore,Winter,5,overnight,1.7647058823529411,1.2741779356764522,51
STATEN ISLAND,South Shore,Winter,6,afternoon,2.7058823529411766,1.6577166775319339,68
STATEN ISLAND,South Shore,Winter,6,evening,2.234375,1.5091486878054008,64
STATEN ISLAND,South Shore,Winter,6,morning,1.74,0.8762163557254661,50
STATEN ISLAND,South Shore,Winter,6,night,3.8734177215189876,3.3180434789797246,79
STATEN ISLAND,South Shore,Winter,6,overnight,1.9387755102040816,2.452958785369434,49
STATEN ISLAND,Stapleton and St. George,Fall,0,afternoon,2.5714285714285716,1.889822365046136,63
STATEN ISLAND,Stapleton and St. George,Fall,0,evening,3.5277777777777777,2.4779149698504743,72
STATEN ISLAND,Stapleton and St. George,Fall,0,morning,2.0,1.1744404390294068,59
STATEN ISLAND,Stapleton and St. George,Fall,0,night,4.815789473684211,3.761951714436854,76
STATEN ISLAND,Stapleton and St. George,Fall,0,overnight,1.9622641509433962,1.2397621383360882,53
STATEN ISLAND,Stapleton and St. George,Fall,1,afternoon,3.09375,2.747112481156711,64
STATEN ISLAND,Stapleton and St. George,Fall,1,evening,3.295774647887324,2.120608849210077,71
STATEN ISLAND,Stapleton and St. George,Fall,1,morning,2.1363636363636362,1.4664070547940127,66
STATEN ISLAND,Stapleton and St. George,Fall,1,night,4.271428571428571,3.296556959113416,70
STATEN ISLAND,Stapleton and St. George,Fall,1,overnight,1.85,1.051250781273529,40
STATEN ISLAND,Stapleton and St. George,Fall,2,afternoon,2.8208955223880596,1.937863343325295,67
STATEN ISLAND,Stapleton and St. George,Fall,2,evening,3.4705882352941178,2.3081334982686075,68
STATEN ISLAND,Stapleton and St. George,Fall,2,morning,2.310344827586207,1.465472758301448,58
STATEN ISLAND,Stapleton and St. George,Fall,2,night,3.888888888888889,2.2552321360517276,72
STATEN ISLAND,Stapleton and St. George,Fall,2,overnight,1.9743589743589745,1.2667234876096987,39
STATEN ISLAND,Stapleton and St. George,Fall,3,afternoon,2.2615384615384615,1.583873052411034,65
STATEN ISLAND,Stapleton and St. George,Fall,3,evening,4.027777777777778,3.2629901702779005,72
STATEN ISLAND,Stapleton and St. George,Fall,3,morning,2.1864406779661016,1.5699173739644376,59
STATEN ISLAND,Stapleton and St. George,Fall,3,night,4.746666666666667,3.0139017242776185,75
STATEN ISLAND,Stapleton and St. George,Fall,3,overnight,1.4615384615384615,0.719874033065356,39
STATEN ISLAND,Stapleton and St. George,Fall,4,afternoon,2.723076923076923,1.8071705466323271,65
STATEN ISLAND,Stapleton and St. George,Fall,4,evening,5.093333333333334,4.396476885985984,75
STATEN ISLAND,Stapleton and St. George,Fall,4,morning,2.3134328358208953,1.5394701491479443,67
STATEN ISLAND,Stapleton and St. George,Fall,4,night,6.8076923076923075,3.7591712692252566,78
STATEN ISLAND,Stapleton and St. George,Fall,4,overnight,1.8837209302325582,1.1993907645050743,43
STATEN ISLAND,Stapleton and St. George,Fall,5,afternoon,3.5616438356164384,2.4943619834976674,73
STATEN ISLAND,Stapleton and St. George,Fall,5,evening,6.532467532467533,4.219579723348659,77
STATEN ISLAND,Stapleton and St. George,Fall,5,morning,3.0704225352112675,2.140253280485225,71
STATEN ISLAND,Stapleton and St. George,Fall,5,night,14.012820512820513,8.089585399845408,78
STATEN ISLAND,Stapleton and St. George,Fall,5,overnight,3.0606060606060606,2.0671704025535664,66
STATEN ISLAND,Stapleton and St. George,Fall,6,afternoon,3.5694444444444446,2.5664486828963744,72
STATEN ISLAND,Stapleton and St. George,Fall,6,evening,4.28,2.9980173628763573,75
STATEN ISLAND,Stapleton and St. George,Fall,6,morning,3.0307692307692307,2.0537255078365417,65
STATEN ISLAND,Stapleton and St. George,Fall,6,night,9.743589743589743,5.258106659976159,78
STATEN ISLAND,Stapleton and St. George,Fall,6,overnight,3.289855072463768,1.8558448945978148,69
STATEN ISLAND,Stapleton and St. George,Spring,0,afternoon,3.3164556962025316,2.3994887478830025,79
STATEN ISLAND,Stapleton and St. George,Spring,0,evening,4.627906976744186,3.6975238507059,86
STATEN ISLAND,Stapleton and St. George,Spring,0,morning,2.5774647887323945,1.527481324000731,71
STATEN ISLAND,Stapleton and St. George,Spring,0,night,5.506024096385542,4.410003854806964,83
STATEN ISLAND,Stapleton and St. George,Spring,0,overnight,1.8571428571428572,1.4576266067396428,56
STATEN ISLAND,Stapleton and St. George,Spring,1,afternoon,2.9878048780487805,1.94678527314365,82
STATEN ISLAND,Stapleton and St. George,Spring,1,evening,4.586206896551724,3.6521791014754745,87
STATEN ISLAND,Stapleton and St. George,Spring,1,morning,2.671232876712329,1.9653582831449161,73
STATEN ISLAND,Stapleton and St. George,Spring,1,night,4.211764705882353,2.807702490883057,85
STATEN ISLAND,Stapleton and St. George,Spring,1,overnight,2.0545454545454547,2.512326513768565,55
STATEN ISLAND,Stapleton and St. George,Spring,2,afternoon,3.3037974683544302,2.4197606915992527,79
STATEN ISLAND,Stapleton and St. George,Spring,2,evening,3.8941176470588235,3.1997899090697928,85
STATEN ISLAND,Stapleton and St. George,Spring,2,morning,2.5606060606060606,2.083848421172769,66
STATEN ISLAND,Stapleton and St. George,Spring,2,night,4.0344827586206895,2.1536787125270798,87
STATEN ISLAND,Stapleton and St. George,Spring,2,overnight,1.5208333333333333,0.7986580056125888,48
STATEN ISLAND,Stapleton and St. George,Spring,3,afternoon,2.9220779220779223,1.8762100219537885,77
STATEN ISLAND,Stapleton and St. George,Spring,3,evening,4.3924050632911396,4.920959155825962,79
STATEN ISLAND,Stapleton and St. George,Spring,3,morning,2.3,1.780327278168625,70
STATEN ISLAND,Stapleton and St. George,Spring,3,night,5.024096385542169,3.5440637540873268,83
STATEN ISLAND,Stapleton and St. George,Spring,3,overnight,1.7659574468085106,1.1461232568484907,47
STATEN ISLAND,Stapleton and St. George,Spring,4,afternoon,3.2467532467532467,2.529592458104895,77
STATEN ISLAND,Stapleton and St. George,Spring,4,evening,4.586206896551724,3.883632093255724,87
STATEN ISLAND,Stapleton and St. George,Spring,4,morning,2.5492957746478875,1.6969614221927565,71
STATEN ISLAND,Stapleton and St. George,Spring,4,night,6.516483516483516,3.8045663714443565,91
STATEN ISLAND,Stapleton and St. George,Spring,4,overnight,2.019607843137255,1.288257677305769,51
STATEN ISLAND,Stapleton and St. George,Spring,5,afternoon,3.7142857142857144,2.481601836802182,84
STATEN ISLAND,Stapleton and St. George,Spring,5,evening,5.22093023255814,3.8908676267887716,86
STATEN ISLAND,Stapleton and St. George,Spring,5,morning,4.065789473684211,3.1763103388083866,76
STATEN ISLAND,Stapleton and St. George,Spring,5,night,9.655555555555555,5.9344000219461455,90
STATEN ISLAND,Stapleton and St. George,Spring,5,overnight,2.788732394366197,1.7559327432429632,71
STATEN ISLAND,Stapleton and St. George,Spring,6,afternoon,4.951219512195122,4.64785212314537,82
STATEN ISLAND,Stapleton and St. George,Spring,6,evening,5.670454545454546,5.842219683091038,88
STATEN ISLAND,Stapleton and St. George,Spring,6,morning,2.6875,1.6580738405630469,80
STATEN ISLAND,Stapleton and St. George,Spring,6,night,8.235955056179776,5.43771022981288,89
STATEN ISLAND,Stapleton and St. George,Spring,6,overnight,2.971830985915493,1.9270394093821408,71
STATEN ISLAND,Stapleton and St. George,Summer,0,afternoon,2.5588235294117645,1.5198424205550718,68
STATEN ISLAND,Stapleton and St. George,Summer,0,evening,3.8026315789473686,2.717939105729953,76
STATEN ISLAND,Stapleton and St. George,Summer,0,morning,2.1166666666666667,1.4624296786415925,60
STATEN ISLAND,Stapleton and St. George,Summer,0,night,6.701298701298701,4.715776810108962,77
STATEN ISLAND,Stapleton and St. George,Summer,0,overnight,1.9454545454545455,1.0259265336880863,55
STATEN ISLAND,Stapleton and St. George,Summer,1,afternoon,2.6610169491525424,2.194115716084692,59
STATEN ISLAND,Stapleton and St. George,Summer,1,evening,3.6901408450704225,2.605442377002277,71
STATEN ISLAND,Stapleton and St. George,Summer,1,morning,1.7843137254901962,0.8558907755127656,51
STATEN ISLAND,Stapleton and St. George,Summer,1,night,5.276315789473684,4.703470163501345,76
STATEN ISLAND,Stapleton and St. George,Summer,1,overnight,1.6829268292682926,1.105419024403052,41
STATEN ISLAND,Stapleton and St. George,Summer,2,afternoon,2.5833333333333335,1.9159603218235652,60
STATEN ISLAND,Stapleton and St. George,Summer,2,evening,3.44,2.1575762176885283,75
STATEN ISLAND,Stapleton and St. George,Summer,2,morning,2.074074074074074,1.1631423257199447,54
STATEN ISLAND,Stapleton and St. George,Summer,2,night,6.64935064935065,8.721972003247155,77
STATEN ISLAND,Stapleton and St. George,Summer,2,overnight,2.641025641025641,7.495567741170986,39
STATEN ISLAND,Stapleton and St. George,Summer,3,afternoon,2.2222222222222223,1.6204869918536289,72
STATEN ISLAND,Stapleton and St. George,Summer,3,evening,4.324324324324325,3.723704548511563,74
STATEN ISLAND,Stapleton and St. George,Summer,3,morning,2.5846153846153848,1.8531418227930139,65
STATEN ISLAND,Stapleton and St. George,Summer,3,night,5.894736842105263,3.9143460837230397,76
STATEN ISLAND,Stapleton and St. George,Summer,3,overnight,1.763157894736842,1.2826115783361443,38
STATEN ISLAND,Stapleton and St. George,Summer,4,afternoon,3.03125,1.943395408630399,64
STATEN ISLAND,Stapleton and St. George,Summer,4,evening,4.631578947368421,3.6031175584972077,76
STATEN ISLAND,Stapleton and St. George,Summer,4,morning,1.962962962962963,1.115296101862098,54
STATEN ISLAND,Stapleton and St. George,Summer,4,night,8.064102564102564,5.087136166740023,78
STATEN ISLAND,Stapleton and St. George,Summer,4,overnight,2.3404255319148937,3.3575132862224146,47
STATEN ISLAND,Stapleton and St. George,Summer,5,afternoon,4.128205128205129,2.5244722959383754,78
STATEN ISLAND,Stapleton and St. George,Summer,5,evening,7.371794871794871,3.59692861173188,78
STATEN ISLAND,Stapleton and St. George,Summer,5,morning,2.9523809523809526,1.8788171590260427,63
STATEN ISLAND,Stapleton and St. George,Summer,5,night,14.278481012658228,6.155957524846301,79
STATEN ISLAND,Stapleton and St. George,Summer,5,overnight,2.7096774193548385,1.6031433955497771,62
STATEN ISLAND,Stapleton and St. George,Summer,6,afternoon,3.9078947368421053,2.7088872577939815,76
STATEN ISLAND,Stapleton and St. George,Summer,6,evening,6.2894736842105265,4.22631688186829,76
STATEN ISLAND,Stapleton and St. George,Summer,6,morning,2.693548387096774,1.7887509120861853,62
STATEN ISLAND,Stapleton and St. George,Summer,6,night,12.810126582278482,6.27382831918784,79
STATEN ISLAND,Stapleton and St. George,Summer,6,overnight,3.8533333333333335,3.0300001486635115,75
STATEN ISLAND,Stapleton and St. George,Winter,0,afternoon,2.0615384615384613,1.3679012559954196,65
STATEN ISLAND,Stapleton and St. George,Winter,0,evening,2.169230769230769,1.3412823944041246,65
STATEN ISLAND,Stapleton and St. George,Winter,0,morning,2.263157894736842,1.275123464462975,57
STATEN ISLAND,Stapleton and St. George,Winter,0,night,3.5974025974025974,2.824981323924016,77
STATEN ISLAND,Stapleton and St. George,Winter,0,overnight,1.9636363636363636,1.6662625772761552,55
STATEN ISLAND,Stapleton and St. George,Winter,1,afternoon,2.5076923076923077,1.7059003938818218,65
STATEN ISLAND,Stapleton and St. George,Winter,1,evening,2.9220779220779223,2.4589590960309855,77
STATEN ISLAND,Stapleton and St. George,Winter,1,morning,2.3472222222222223,1.862602466959,72
STATEN ISLAND,Stapleton and St. George,Winter,1,night,3.533333333333333,2.1954088047149263,75
STATEN ISLAND,Stapleton and St. George,Winter,1,overnight,1.4181818181818182,0.8094559007252065,55
STATEN ISLAND,Stapleton and St. George,Winter,2,afternoon,2.3857142857142857,1.31096664350115,70
STATEN ISLAND,Stapleton and St. George,Winter,2,evening,2.347826086956522,1.5031935313986935,69
STATEN ISLAND,Stapleton and St. George,Winter,2,morning,2.0166666666666666,1.1122075569413803,60
STATEN ISLAND,Stapleton and St. George,Winter,2,night,3.5949367088607596,3.0781237514557813,79
STATEN ISLAND,Stapleton and St. George,Winter,2,overnight,1.7234042553191489,1.228327382708671,47
STATEN ISLAND,Stapleton and St. George,Winter,3,afternoon,2.4507042253521125,1.6629468885459775,71
STATEN ISLAND,Stapleton and St. George,Winter,3,evening,2.9014084507042255,1.5227318456123033,71
STATEN ISLAND,Stapleton and St. George,Winter,3,morning,2.2,1.4237691681125126,60
STATEN ISLAND,Stapleton and St. George,Winter,3,night,3.682926829268293,2.7436933240266375,82
STATEN ISLAND,Stapleton and St. George,Winter,3,overnight,1.6363636363636365,0.837796364526832,44
STATEN ISLAND,Stapleton and St. George,Winter,4,afternoon,2.453125,3.1265868986677203,64
STATEN ISLAND,Stapleton and St. George,Winter,4,evening,3.951219512195122,5.794638729084172,82
STATEN ISLAND,Stapleton and St. George,Winter,4,morning,2.791044776119403,2.4091826442003597,67
STATEN ISLAND,Stapleton and St. George,Winter,4,night,4.940476190476191,3.33058549965477,84
STATEN ISLAND,Stapleton and St. George,Winter,4,overnight,1.8461538461538463,1.304360941635155,52
STATEN ISLAND,Stapleton and St. George,Winter,5,afternoon,3.2205882352941178,2.9967424514723553,68
STATEN ISLAND,Stapleton and St. George,Winter,5,evening,2.782051282051282,1.6952756041303056,78
STATEN ISLAND,Stapleton and St. George,Winter,5,morning,2.943661971830986,3.268408629565604,71
STATEN ISLAND,Stapleton and St. George,Winter,5,night,6.071428571428571,2.767216487957173,84
STATEN ISLAND,Stapleton and St. George,Winter,5,overnight,2.3043478260869565,1.364511847922254,69
STATEN ISLAND,Stapleton and St. George,Winter,6,afternoon,2.7432432432432434,1.7984834616809857,74
STATEN ISLAND,Stapleton and St. George,Winter,6,evening,2.857142857142857,1.903696443862818,77
STATEN ISLAND,Stapleton and St. George,Winter,6,morning,2.169230769230769,1.2817130964215282,65
STATEN ISLAND,Stapleton and St. George,Winter,6,night,5.518072289156627,5.451250574315845,83
STATEN ISLAND,Stapleton and St. George,Winter,6,overnight,2.808219178082192,2.1580439590220433,73
