tree
version=v4
num_class=1
num_tree_per_iteration=1
label_index=0
max_feature_idx=12
objective=regression
feature_names=Borough Neighborhood Season Day_of_Week Time_Bucket Month Is_Weekend Days_Since_Start lag_14d_avg lag_28d_avg lag_56d_avg yoy_avg trend
feature_infos=-1:1:2:3:0:4 -1:15:2:5:1:31:6:26:11:17:8:4:41:39:27:18:20:40:0:33:23:16:9:35:10:38:34:12:24:14:13:19:3:29:37:36:7:32:30:21:28:25:22 -1:3:2:1:0 [0:6] -1:3:1:0:2:4 [1:12] [0:1] [0:1873] [7:6075] [7:3956.75] [7:2344.375] [7:2268.5] [-2637.75:2181]
tree_sizes=5316 5420 5384 5371 5349 5380 5387 5378 5347 5370 5329 5382 5328 5389 5348 5391 5396 5337 5400 5378 5355 5356 5376 5392 5370 5341 5388 5359 5345 5340 5364 5364 5371 5355 5303 5426 5361 5387

Tree=0
num_leaves=63
num_cat=2
split_feature=10 12 7 7 10 3 10 3 10 7 3 5 7 10 7 10 5 7 10 5 5 10 11 7 7 10 3 10 5 11 12 11 12 7 7 12 5 3 12 3 10 3 3 10 7 7 10 2 7 5 10 12 3 10 4 5 12 7 7 7 7 10
split_gain=2.67759e+07 1.05885e+07 1.06977e+07 7.66742e+06 5.91067e+06 4.62593e+06 1.65849e+06 1.43336e+06 1.3833e+06 1.09924e+06 1.24681e+06 1.55935e+06 1.02583e+06 937773 716188 921188 622608 643742 617652 567412 603352 640058 458458 451488 371164 369664 350606 340120 355157 335049 296443 279673 278570 277337 425589 273273 267125 230832 224627 196670 178490 174466 164086 148268 143224 163927 138780 137606 136883 131053 129013 125066 162593 124518 110500 108787 105570 103094 97671.7 96033.3 95878.1 110097
threshold=191.81250000000003 124.00000000000003 1821.5000000000002 1839.5000000000002 76.64188784787595 4.5000000000000009 323.06250000000006 4.5000000000000009 374.56250000000006 1759.5000000000002 1.5000000000000002 9.5000000000000018 1727.5000000000002 41.262931034482769 925.50000000000011 754.56250000000011 7.5000000000000009 1714.5000000000002 133.68750000000003 9.5000000000000018 3.5000000000000004 479.62500000000006 911.25000000000011 1827.5000000000002 267.50000000000006 115.43750000000001 4.5000000000000009 583.00000000000011 9.5000000000000018 31.36538461538462 84.875000000000014 29.038461538461544 -260.62499999999994 979.50000000000011 994.50000000000011 99.125000000000014 9.5000000000000018 1.0000000180025095e-35 84.875000000000014 3.5000000000000004 247.31250000000003 4.5000000000000009 4.5000000000000009 583.00000000000011 1851.5000000000002 1784.5000000000002 24.513123643523532 0 267.50000000000006 6.5000000000000009 103.75735294117648 269.87500000000006 5.5000000000000009 419.18750000000006 1 10.500000000000002 23.250000000000007 964.50000000000011 173.50000000000003 189.50000000000003 1229.5000000000002 159.56250000000003
decision_type=2 2 2 2 2 2 2 2 2 2 2 2 2 2 2 2 2 2 2 2 2 2 2 2 2 2 2 2 2 2 2 2 2 2 2 2 2 2 2 2 2 2 2 2 2 2 2 1 2 2 2 2 2 2 1 2 2 2 2 2 2 2
left_child=4 5 12 23 13 8 36 25 39 27 11 -11 14 46 15 41 22 33 30 20 -8 59 -16 -4 42 -6 -15 54 37 -13 50 -25 -23 -18 -35 47 40 -29 55 49 -7 -3 -17 -34 45 -12 -1 -27 53 -2 -9 -50 -53 -43 58 -20 -42 -39 -10 -22 61 -37
right_child=1 2 3 -5 7 6 19 18 9 10 44 29 -14 26 16 24 17 -19 38 -21 21 32 -24 31 -26 35 -28 28 -30 -31 -32 -33 43 34 -36 60 -38 57 -40 -41 56 48 -44 -45 -46 -47 -48 -49 51 -51 -52 52 -54 -55 -56 -57 -58 -59 -60 -61 -62 -63
leaf_value=10.540341948717751 11.354771758336026 12.803897193720994 25.891338824429027 10.574289262824422 10.794175016142878 12.062528791370639 10.955138234672354 10.997080384402407 13.363622425058495 11.754733409663899 10.993953958157856 24.068064973052856 11.514409573140666 10.666853311910808 15.813804858965486 16.548365834111447 12.175172991855566 18.222116999361944 11.524860120251535 12.326832862319527 14.880270128741937 12.618310698844143 21.059474488091901 33.507088908453106 12.835228756409185 11.109781009674453 10.805312985916608 14.043317086938696 11.353056713482134 18.490452908919032 13.870852940496317 28.457617450989105 14.433759659510557 16.573362727845211 12.456311863058989 14.698970161107908 11.702413018472559 12.367620670496979 14.012818617134464 11.506683955844018 12.396699384430336 13.880768864218769 19.796422935760834 15.753686635013684 10.606037408082878 14.217729110739043 10.604621462091879 10.916345452103881 12.40511951133783 11.092288610811586 11.188508686964028 16.30067203199097 12.724048692523738 16.790191513162988 10.799015376991393 11.166953149501341 13.070219558322004 14.250221832288805 11.662557161003454 13.218084817341294 11.296730081933712 12.145448028206342
leaf_weight=56609 2492 348 21 26 26094 1411 70 8307 31 25 22 20 145 56860 33 51 56 38 3902 393 33 44 28 27 20 4244 23165 108 212 20 34 20 139 54 39 27 992 402 31 2008 792 29 20 176 32 40 64875 15246 56 5471 5123 23 23 25 147 951 286 28 1370 659 35 35
leaf_count=56609 2492 348 21 26 26094 1411 70 8307 31 25 22 20 145 56860 33 51 56 38 3902 393 33 44 28 27 20 4244 23165 108 212 20 34 20 139 54 39 27 992 402 31 2008 792 29 20 176 32 40 64875 15246 56 5471 5123 23 23 25 147 951 286 28 1370 659 35 35
internal_value=10.7839 11.8872 14.7668 24.4326 10.707 11.7084 12.4794 10.9581 11.3985 12.0361 14.4478 17.6393 13.8459 10.6272 14.2467 13.6813 15.6017 14.7393 11.182 13.3084 13.6523 13.8319 18.2346 29.7239 16.4585 10.8681 10.7069 11.869 12.3934 21.3055 11.0772 31.4005 14.8601 13.8467 14.8505 10.9666 12.1189 12.8032 11.471 11.2414 12.2848 13.1788 17.4747 15.1726 12.2359 13.076 10.5747 10.9587 14.0132 11.1744 11.0701 13.3619 14.5205 15.2364 11.6149 11.4547 12.5756 12.491 11.6939 13.2979 12.5542 13.262
internal_weight=284043 18505 1082 94 265538 17423 4995 64029 12428 2457 159 65 988 201509 843 595 248 187 18348 1514 1121 1051 61 68 91 45681 80025 2298 750 40 13464 47 359 149 93 19587 3481 538 4884 9971 2489 504 71 315 94 62 121484 19490 156 7963 13430 102 46 54 1548 4853 1078 430 1401 692 97 62
internal_count=284043 18505 1082 94 265538 17423 4995 64029 12428 2457 159 65 988 201509 843 595 248 187 18348 1514 1121 1051 61 68 91 45681 80025 2298 750 40 13464 47 359 149 93 19587 3481 538 4884 9971 2489 504 71 315 94 62 121484 19490 156 7963 13430 102 46 54 1548 4853 1078 430 1401 692 97 62
cat_boundaries=0 1 2
cat_threshold=2 11
is_linear=0
shrinkage=1


Tree=1
num_leaves=63
num_cat=2
split_feature=8 8 7 7 8 6 6 7 6 10 8 8 5 8 7 7 5 7 8 6 11 8 11 7 10 7 10 7 12 7 10 11 7 11 10 10 7 8 12 5 7 12 8 12 12 12 7 5 7 5 8 8 6 11 12 8 1 11 1 7 12 12
split_gain=2.76417e+07 9.81902e+06 7.48244e+06 1.07753e+07 6.94105e+06 4.00339e+06 1.63048e+06 1.15745e+06 1.23004e+06 1.05982e+06 890382 841627 755141 735235 707087 495005 1.20848e+06 489143 428233 396871 394107 318070 304583 223411 647737 277817 201582 494786 191246 172700 323960 233461 193717 172668 205997 169238 167916 166516 163842 153617 265728 146670 140415 140277 135306 115597 361258 109867 107722 144411 103354 92336 88466.4 86778.3 86719.4 83143 77055.6 74440.2 74619.1 81548.6 181867 74971.6
threshold=228.75000000000003 652.50000000000011 1821.5000000000002 1839.5000000000002 83.553744974565163 1.0000000180025095e-35 1.0000000180025095e-35 1727.5000000000002 1.0000000180025095e-35 43.876524390243908 150.25000000000003 412.75000000000006 11.500000000000002 412.75000000000006 1778.5000000000002 933.50000000000011 7.5000000000000009 979.50000000000011 135.05000000000004 1.0000000180025095e-35 25.041666666666671 294.25000000000006 35.406897223507151 228.50000000000003 754.56250000000011 917.50000000000011 754.56250000000011 994.50000000000011 171.87500000000006 267.50000000000006 419.18750000000006 36.625000000000007 244.50000000000003 335.42068539401879 222.18750000000003 169.06250000000003 866.50000000000011 25.50408118004513 -122.49999999999999 7.5000000000000009 987.50000000000011 124.00000000000003 112.54166666666669 12.250000000000005 3.2499999999999987 -260.62499999999994 1778.5000000000002 2.5000000000000004 780.50000000000011 6.5000000000000009 185.25000000000003 61.549369310155335 1.0000000180025095e-35 16.050000000000001 269.87500000000006 60.535309752116014 0 58.52272727272728 1 858.50000000000011 -56.749999999999979 53.249999999999979
decision_type=2 2 2 2 2 2 2 2 2 2 2 2 2 2 2 2 2 2 2 2 2 2 2 2 2 2 2 2 2 2 2 2 2 2 2 2 2 2 2 2 2 2 2 2 2 2 2 2 2 2 2 2 2 2 2 2 1 2 1 2 2 2
left_child=4 5 7 12 9 13 18 8 15 37 38 21 22 56 28 29 -17 -18 -6 45 43 -7 -4 24 -10 48 -19 -28 57 32 31 -31 54 51 -35 -23 -30 -1 -8 -27 -41 -34 -40 -20 -9 46 -11 -37 49 -25 -12 53 -39 -21 -3 -47 -2 -15 59 61 -61 -59
right_child=1 2 3 -5 6 11 10 44 23 19 50 -13 -14 14 -16 16 17 26 20 33 -22 35 -24 25 -26 39 27 -29 36 30 -32 -33 41 34 -36 47 -38 52 42 40 -42 -43 -44 -45 -46 55 -48 -49 -50 -51 -52 -53 -54 -55 -56 -57 -58 58 -60 60 -62 -63
leaf_value=-0.2311458683746784 0.94879735760050676 2.2773276505399571 22.078025146199163 0.5230369796506138 0.050634140952848787 1.4299162108773369 2.5894137279827567 2.7356625692898802 4.3096261105468887 -0.037531345830300204 0.7098258428000308 3.0103421999920155 13.162094056997724 -0.19780714041638572 5.8847610127727847 10.747375082300797 0.8217326432430816 7.2120991349576107 4.9902282217345126 1.5009355009336274 0.24081176107584432 4.809953955607627 17.030874825093282 6.0768500869007021 9.4164333483200959 7.5954091025247257 5.6819733343769476 -0.0020640047014607067 1.6867472500833118 1.5627343161397389 1.4426302504802353 5.55969304194263 2.9426414118648654 0.54873642499071695 4.0665762591184071 0.20524943510281671 4.6419033748254002 -0.18606561099654961 0.25063953172534759 2.1752514929342044 6.5045037948689064 5.857136543391154 0.45483422613279101 1.4311767409452749 0.30291322258792819 -0.13529217510966096 4.405826312535182 2.0744572069944196 1.8069784671828091 3.4994147803829554 1.0008453017976218 0.1098937886810564 -0.1092939961192866 -0.014321821847062502 3.7901239605496944 -0.063030973857502906 0.5460935882659097 2.1160756318117246 1.0407662487989469 0.77794444511185823 4.5541970121728532 0.80922747796434968
leaf_weight=65232 496 241 32 54 26766 1503 29 24 66 75 2602 550 20 36 30 22 50 20 20 34 15536 20 20 24 34 28 40 21 52 22 272 33 33 59 20 29 26 45335 7283 21 33 30 5192 20 141 32413 21 1220 25 111 1903 9783 19244 13772 40 25688 6362 88 1028 20 27 72
leaf_count=65232 496 241 32 54 26766 1503 29 24 66 75 2602 550 20 36 30 22 50 20 20 34 15536 20 20 24 34 28 40 21 52 22 272 33 33 59 20 29 26 45335 7283 21 33 30 5192 20 141 32413 21 1220 25 111 1903 9783 19244 13772 40 25688 6362 88 1028 20 27 72
internal_value=0.00121587 1.35166 3.67244 10.6573 -0.0636394 1.0591 0.223075 3.01046 3.34323 -0.14403 0.471165 1.93823 18.2467 0.704525 1.33659 2.71488 4.25512 3.15743 0.123415 -0.0595006 0.24848 1.72541 20.1733 4.85591 6.05364 4.35867 4.59638 3.72832 1.23501 2.36309 1.86826 3.9667 2.83278 0.0440769 1.44338 2.07525 2.67652 -0.197338 0.340875 5.78117 4.82809 4.33763 0.335627 3.21878 0.658228 -0.101624 0.937995 2.03108 3.62647 3.96181 0.832778 0.0393844 -0.163189 -0.0105791 2.49395 -0.103344 0.577412 1.14634 1.18554 1.76801 2.95241 1.52889
internal_weight=284043 13016 1457 126 271027 11559 59351 1331 1166 211676 17009 3322 72 8237 1379 824 153 131 42342 81865 15576 2772 52 342 100 242 81 61 1349 671 327 55 344 23668 79 1269 78 129811 12504 82 54 63 12475 40 165 58197 96 1249 160 135 4505 23589 64579 13806 281 58101 6858 1271 1235 207 47 160
internal_count=284043 13016 1457 126 271027 11559 59351 1331 1166 211676 17009 3322 72 8237 1379 824 153 131 42342 81865 15576 2772 52 342 100 242 81 61 1349 671 327 55 344 23668 79 1269 78 129811 12504 82 54 63 12475 40 165 58197 96 1249 160 135 4505 23589 64579 13806 281 58101 6858 1271 1235 207 47 160
cat_boundaries=0 1 2
cat_threshold=16777216 16777216
is_linear=0
shrinkage=0.03


Tree=2
num_leaves=63
num_cat=1
split_feature=8 8 8 7 7 3 3 8 7 8 3 8 7 8 3 7 7 10 7 8 3 10 3 7 7 10 8 12 5 7 10 10 7 7 10 1 3 7 7 3 7 12 7 8 3 3 5 12 7 3 12 8 12 5 8 8 3 7 7 12 3 5
split_gain=2.60306e+07 8.6779e+06 7.11649e+06 6.75124e+06 9.73212e+06 3.78528e+06 1.64122e+06 1.35594e+06 1.20327e+06 1.06306e+06 938086 928363 880983 799745 454109 396168 323678 383055 334483 315553 282374 252860 442115 251215 301185 210435 196495 195544 219394 365641 215442 194771 191340 192293 159320 136433 169654 135143 133090 123707 118356 118038 227866 117873 114979 114470 112908 168368 130063 110549 111182 105942 104325 103729 97958 97440.8 90906.7 137818 117821 118557 89540.3 128384
threshold=245.25000000000003 823.25000000000011 95.538152145889171 1821.5000000000002 1839.5000000000002 4.5000000000000009 4.5000000000000009 48.111111111111121 1727.5000000000002 447.25000000000006 4.5000000000000009 412.75000000000006 1784.5000000000002 162.20000000000002 4.5000000000000009 1827.5000000000002 236.50000000000003 754.56250000000011 925.50000000000011 147.25000000000003 1.0000000180025095e-35 374.56250000000006 1.0000000180025095e-35 994.50000000000011 933.50000000000011 29.387500000000006 294.25000000000006 171.87500000000006 10.500000000000002 925.50000000000011 419.18750000000006 374.56250000000006 925.50000000000011 267.50000000000006 169.06250000000003 0 3.5000000000000004 949.50000000000011 559.50000000000011 3.5000000000000004 1778.5000000000002 -122.49999999999999 1739.5000000000002 207.25000000000003 3.5000000000000004 4.5000000000000009 9.5000000000000018 -260.62499999999994 1660.5000000000002 1.0000000180025095e-35 99.125000000000014 489.25000000000006 67.875 3.5000000000000004 133.75000000000003 69.250000000000014 2.5000000000000004 574.50000000000011 244.50000000000003 124.00000000000003 1.5000000000000002 9.5000000000000018
decision_type=2 2 2 2 2 2 2 2 2 2 2 2 2 2 2 2 2 2 2 2 2 2 2 2 2 2 2 2 2 2 2 2 2 2 2 1 2 2 2 2 2 2 2 2 2 2 2 2 2 2 2 2 2 2 2 2 2 2 2 2 2 2
left_child=2 5 7 8 15 9 19 21 10 35 20 26 27 54 -9 -5 17 -12 -18 -4 32 25 -23 24 56 -1 -7 49 29 30 38 55 33 -3 -28 40 -37 -26 -29 -17 60 42 -21 -15 -43 -27 47 -13 51 50 -11 -49 -45 -36 -8 -16 -22 58 -58 -60 61 -2
right_child=1 3 6 4 -6 11 13 14 -10 12 16 46 -14 43 31 39 18 -19 -20 41 23 22 -24 -25 37 45 34 28 -30 -31 -32 -33 -34 -35 53 36 -38 -39 -40 -41 -42 44 -44 52 -46 -47 -48 48 -50 -51 -52 -53 -54 -55 -56 -57 57 -59 59 -61 -62 -63
leaf_value=-0.21828365702277236 1.9661599733924293 4.5452699195288861 0.090704554899524573 14.4507978047953 0.57184439385008667 1.4564407947882203 0.34406521544953128 -0.074531451827162615 0.32527698228137297 1.6229080361605208 4.5798674219897668 0.46878030005675636 6.4549877767473731 0.79834900927456443 0.028348674603506468 17.565905730012172 3.21882139468166 8.9536963983971294 6.0765766027490731 0.47286162397900572 1.8238572130009281 5.0752322787696142 0.3879509824416677 -0.20014694910456698 6.0435085875717629 -0.17112601121627552 4.6663732210557844 1.8314358417631134 -0.18252985546788369 6.2297238841393163 0.31294334513934574 2.6746476016784535 6.0317962468774091 1.5724204893646954 0.70659184524082241 0.48562372325300845 0.89781618506458682 3.4324685906570811 4.3660038478162404 21.087307612810477 2.9092009868499167 0.22506241210136715 3.9290804932953476 1.111322814967953 0.4476195287413548 -0.085598184114650866 2.04730467687616 2.6812558805746591 5.6526917790654876 1.1452569385281066 3.5853848210838546 3.5335860841828524 2.9946086153377025 2.0293978014245146 0.549121150309683 0.15425698386899286 2.6082087730809334 1.3534624471455594 2.8750263746460871 6.0264485695352183 0.64604945313262629 0.29063361216535255
leaf_weight=77497 142 51 21612 23 50 1041 7039 55977 117 195 35 20 32 2637 13086 23 88 38 64 67 160 21 128 28 29 47729 20 38 25 24 38 26 36 32 56 4424 1128 48 37 25 31 10377 23 1222 2616 19980 93 225 20 940 30 323 27 1193 2987 9583 69 41 20 24 275 58
leaf_count=77497 142 51 21612 23 50 1041 7039 55977 117 195 35 20 32 2637 13086 23 88 38 64 67 160 21 128 28 29 47729 20 38 25 24 38 26 36 32 56 4424 1128 48 37 25 31 10377 23 1222 2616 19980 93 225 20 940 30 323 27 1193 2987 9583 69 41 20 24 275 58
internal_value=0.00118421 1.40508 -0.0575656 4.07287 10.7146 1.14847 0.271486 -0.12896 3.15852 0.785137 3.59287 2.04939 1.54342 0.546778 -0.0286379 17.8465 5.21984 6.86583 4.42531 0.161099 2.9116 -0.183258 1.05156 2.54411 2.74064 -0.184526 1.76227 1.4245 2.40124 2.87254 2.1546 0.0845578 4.20228 3.40242 2.01301 0.615006 0.56836 4.42245 3.08601 19.4401 1.09376 0.277382 1.35953 0.912131 0.269875 -0.145888 3.02292 3.17685 3.2721 1.28848 1.88606 3.18419 1.15227 1.97015 0.405162 0.0815752 2.32694 2.84808 3.38867 4.60382 0.997709 1.48066
internal_weight=284043 11409 272634 1001 121 10408 48607 224027 880 7417 763 2991 1359 13912 78672 71 225 73 152 34695 538 145355 149 419 391 145206 2310 1327 162 137 113 22695 119 83 1269 6058 5552 77 75 48 506 13083 90 3886 12993 67709 681 588 568 1165 225 548 1249 1249 10026 22669 314 154 113 44 475 200
internal_count=284043 11409 272634 1001 121 10408 48607 224027 880 7417 763 2991 1359 13912 78672 71 225 73 152 34695 538 145355 149 419 391 145206 2310 1327 162 137 113 22695 119 83 1269 6058 5552 77 75 48 506 13083 90 3886 12993 67709 681 588 568 1165 225 548 1249 1249 10026 22669 314 154 113 44 475 200
cat_boundaries=0 1
cat_threshold=16777216
is_linear=0
shrinkage=0.03


Tree=3
num_leaves=63
num_cat=1
split_feature=10 12 7 7 10 3 10 3 10 7 3 5 7 10 7 10 10 5 5 10 5 7 7 7 7 7 10 11 3 10 5 3 11 12 12 11 5 3 12 3 7 10 3 7 7 10 7 5 10 12 3 10 4 10 7 5 11 12 3 7 5 11
split_gain=2.23941e+07 8.82961e+06 8.87846e+06 6.41941e+06 4.94619e+06 3.85849e+06 1.38682e+06 1.19826e+06 1.16334e+06 964769 1.15649e+06 1.43886e+06 857737 766678 627626 627281 524781 495734 527443 541503 468605 423945 372568 353128 560286 341368 318640 306791 294131 291676 313192 279651 251266 249154 240493 236558 230630 206980 192331 175519 159927 149574 143321 135626 143050 126497 120879 117105 114862 114468 152628 111596 104622 101793 98375.4 94287.1 90826.9 155360 89158.1 100751 89084.7 88578.6
threshold=191.81250000000003 124.00000000000003 1821.5000000000002 1839.5000000000002 76.0138888888889 4.5000000000000009 323.06250000000006 4.5000000000000009 374.56250000000006 1759.5000000000002 1.5000000000000002 9.5000000000000018 1727.5000000000002 39.38750000000001 1714.5000000000002 754.56250000000011 135.31250000000003 9.5000000000000018 3.5000000000000004 479.62500000000006 7.5000000000000009 267.50000000000006 1827.5000000000002 925.50000000000011 949.50000000000011 979.50000000000011 126.55000000000003 31.36538461538462 4.5000000000000009 583.00000000000011 9.5000000000000018 3.5000000000000004 29.038461538461544 -260.62499999999994 84.875000000000014 18.950000000000006 9.5000000000000018 1.0000000180025095e-35 171.87500000000006 3.5000000000000004 933.50000000000011 247.31250000000003 4.5000000000000009 1851.5000000000002 1784.5000000000002 583.00000000000011 267.50000000000006 6.5000000000000009 419.18750000000006 269.87500000000006 5.5000000000000009 105.14389534883723 0 23.65865384615385 964.50000000000011 10.500000000000002 321.25000000000006 -82.499999999999972 3.5000000000000004 630.50000000000011 6.5000000000000009 49.250000000000007
decision_type=2 2 2 2 2 2 2 2 2 2 2 2 2 2 2 2 2 2 2 2 2 2 2 2 2 2 2 2 2 2 2 2 2 2 2 2 2 2 2 2 2 2 2 2 2 2 2 2 2 2 2 2 1 2 2 2 2 2 2 2 2 2
left_child=4 5 12 22 13 8 36 26 39 29 11 -11 14 53 15 23 35 18 -8 -20 -17 -22 -4 42 40 -23 -6 -13 -15 52 37 -27 -24 -21 55 -9 41 56 -28 47 -25 -7 61 44 -12 -35 48 -2 -44 -48 -51 -37 -10 -1 58 -18 -31 -58 -39 -60 -47 -3
right_child=1 2 3 -5 7 6 17 16 9 10 43 27 -14 28 -16 20 34 -19 19 33 21 25 32 24 -26 31 38 -29 -30 30 -32 -33 -34 45 -36 51 -38 54 -40 -41 -42 -43 46 -45 -46 60 49 -49 -50 50 -52 -53 -54 -55 -56 -57 57 -59 59 -61 -62 -63
leaf_value=-0.22382226576622141 0.52700547567395961 0.65423637025467973 13.803965370214378 -0.23482578748944161 0.022284935769350072 1.1720636881972841 0.10883547029549658 3.5221980431542468 0.833583346602492 0.82943517589949034 0.15064681987417228 12.646368135480737 0.66886538813354068 -0.11019975113410334 6.9327825556777585 7.4172614610934184 0.68838218257954631 1.3916635091663832 2.3073390638833446 1.6245107843164277 6.1226439560892132 1.3056079364102475 20.797948540251195 4.3864881627951098 1.1139036765049413 2.6552743847919471 0.18484732633887629 7.310357961227643 0.012592032198849528 1.7452675431215168 0.50072901564575145 6.3863029073554776 16.037210114891849 3.357312150224347 3.4561550586469938 0.20072480736429127 0.83439984882318585 1.1954218594106298 2.2653103497141314 0.67041050910051825 7.9980812044253282 1.6417303280407551 2.7829692141542726 -0.30781956423108819 3.1619247483969324 6.378470013238724 1.4076878818128518 0.27888488008438733 5.5751533756028122 5.155111305311129 1.6915027214644789 0.37705055815706923 -0.030382566659371616 -0.16727704134562238 3.2850692318682144 0.34683359725603924 5.6734188493505693 2.6946211923965033 2.8360097760412728 0.64629598688719603 4.3150054283655752 2.0320776216582646
leaf_weight=52907 2492 49 21 26 31286 1411 70 20 1401 25 22 20 145 60491 38 37 3715 393 692 44 49 66 27 20 29 42 14976 20 24736 34 212 32 20 139 27 8832 992 306 40 2008 26 1078 29 32 40 22 56 5471 25 23 23 5094 147 62509 28 905 23 51 70 26 154 299
leaf_count=52907 2492 49 21 26 31286 1411 70 20 1401 25 22 20 145 60491 38 37 3715 393 692 44 49 66 27 20 29 42 14976 20 24736 34 212 32 20 139 27 8832 992 306 40 2008 26 1078 29 32 40 22 56 5471 25 23 23 5094 147 62509 28 905 23 51 70 26 154 299
internal_value=0.00115068 1.0102 3.63972 12.4454 -0.0691692 0.846884 1.55109 0.158497 0.563844 1.14855 3.40792 6.48164 2.80076 -0.142805 3.16733 2.98874 0.361928 2.30907 2.63054 2.79847 4.32951 3.72141 17.287 2.46473 4.38534 2.87719 0.0768074 10.0033 -0.0745611 0.992075 1.47766 4.27517 18.8105 3.74425 0.638031 0.269922 1.22136 1.86245 0.190405 0.419755 6.44081 1.37554 2.17811 1.27781 2.09542 4.03972 2.93441 0.35654 4.08362 2.32257 3.4308 0.265226 0.75673 -0.193198 1.56687 0.621487 3.03673 3.62691 1.4464 2.24428 4.57643 1.83832
internal_weight=284043 18505 1082 94 265538 17423 4995 64895 12428 2457 159 65 988 200643 843 805 18593 1514 1121 1051 226 189 68 579 75 140 46302 40 85227 2298 750 74 47 359 4647 13946 3481 538 15016 9971 46 2489 504 94 62 315 156 7963 54 102 46 13926 1548 115416 430 4620 108 74 402 96 176 348
internal_count=284043 18505 1082 94 265538 17423 4995 64895 12428 2457 159 65 988 200643 843 805 18593 1514 1121 1051 226 189 68 579 75 140 46302 40 85227 2298 750 74 47 359 4647 13946 3481 538 15016 9971 46 2489 504 94 62 315 156 7963 54 102 46 13926 1548 115416 430 4620 108 74 402 96 176 348
cat_boundaries=0 1
cat_threshold=11
is_linear=0
shrinkage=0.03


Tree=4
num_leaves=63
num_cat=0
split_feature=9 12 7 7 9 3 3 9 9 5 3 9 7 9 7 10 5 12 7 9 7 7 7 3 10 3 12 3 5 5 3 12 12 9 9 3 9 5 9 7 9 7 5 10 7 5 7 7 7 7 3 12 3 12 3 3 9 9 3 7 5 3
split_gain=2.27778e+07 7.2844e+06 8.43873e+06 6.04163e+06 5.51833e+06 3.66272e+06 1.31072e+06 1.15174e+06 1.09161e+06 891926 1.17654e+06 853763 780142 681874 567756 609021 440993 410719 398927 356981 350598 321261 312318 307821 267393 263182 249149 213121 209475 310696 234280 246167 198862 153715 138873 130497 129370 128332 126876 313340 119718 115173 104912 104820 144105 113510 111109 103217 383726 173077 152723 188950 107640 90551.4 95081.1 88165.4 87704.3 80523.6 87470.7 102655 77789.8 77015.7
threshold=217.50542742052446 124.00000000000003 1821.5000000000002 1839.5000000000002 81.532608695652186 4.5000000000000009 4.5000000000000009 416.87500000000006 381.12500000000006 11.500000000000002 1.5000000000000002 42.259615384615394 1727.5000000000002 146.62500000000003 1714.5000000000002 754.56250000000011 7.5000000000000009 -260.62499999999994 267.50000000000006 130.58333333333337 1827.5000000000002 979.50000000000011 582.50000000000011 4.5000000000000009 583.00000000000011 3.5000000000000004 99.125000000000014 4.5000000000000009 7.5000000000000009 6.5000000000000009 1.5000000000000002 269.87500000000006 84.875000000000014 267.37500000000006 108.25833333333334 3.5000000000000004 356.62500000000006 9.5000000000000018 339.87500000000006 1759.5000000000002 24.021739130434785 346.50000000000006 9.5000000000000018 583.00000000000011 1753.5000000000002 9.5000000000000018 173.50000000000003 1851.5000000000002 971.50000000000011 949.50000000000011 1.0000000180025095e-35 -122.49999999999999 3.5000000000000004 99.125000000000014 3.5000000000000004 3.5000000000000004 893.62500000000011 679.87500000000011 2.5000000000000004 1778.5000000000002 3.5000000000000004 4.5000000000000009
decision_type=2 2 2 2 2 2 2 2 2 2 2 2 2 2 2 2 2 2 2 2 2 2 2 2 2 2 2 2 2 2 2 2 2 2 2 2 2 2 2 2 2 2 2 2 2 2 2 2 2 2 2 2 2 2 2 2 2 2 2 2 2 2
left_child=4 5 12 20 11 7 19 38 33 43 -11 40 14 32 15 27 -17 22 -18 -6 -4 -20 -10 -13 42 -23 -15 28 29 -3 -31 -32 34 -7 -8 -22 -29 56 55 -40 -1 -30 -19 44 46 47 -9 48 49 50 51 -45 -52 54 -21 -2 -26 58 -14 -60 -35 -42
right_child=1 2 3 -5 6 8 13 9 17 10 -12 23 57 26 -16 16 18 24 21 53 35 25 -24 -25 37 -27 -28 36 41 30 31 -33 -34 60 -36 -37 -38 -39 39 -41 61 -43 -44 45 -46 -47 -48 -49 -50 -51 52 -53 -54 -55 -56 -57 -58 -59 59 -61 -62 -63
leaf_value=-0.21594221244825743 0.38091742008522284 1.7851605228280365 13.391809105172539 -0.227808012249826 0.035474002902304354 1.23220564425888 0.20865119740369464 2.3357100400346131 4.6351424870106843 10.458832874643315 1.0393400328186735 -0.096333849350720938 0.21680586644332772 0.71150423184172995 6.6581707509572929 7.1953436260788903 5.9393387867719722 2.7387055293356317 1.2664989641250173 0.17139992351154637 16.305012628374055 2.5758053752871986 0.70747177268701378 0.031978199600488436 3.8445406247854761 6.1953106589629261 3.6515872499312474 1.8217870844981703 2.3825710466251162 5.8718934985187561 1.2065129810393302 4.7379507193164283 3.2809409175701991 0.64452898660613667 0.40620012206032946 19.886967007458448 3.6950927546913896 2.3560324567542552 0.6939512863030558 4.1456737813910012 -0.17779968149970593 0.049081198577761845 1.4675494349900018 5.4790638032600061 3.5409586139935163 0.76523972807603713 0.89777021224068476 0.30789078972556372 5.2186927624699058 0.026248813240151651 1.249050526385731 2.1764513450433429 2.4744275393383961 1.1778161607653621 0.35354928303402644 0.65966997907117264 5.5252459542440899 -0.21684938969484907 0.87339839129612351 3.7329520373557927 1.7143296578615015 -0.10896510535484812
leaf_weight=56680 5135 251 21 26 27441 1368 7366 51 21 22 26 58137 41 4437 37 37 49 479 66 12882 22 42 134 23681 137 32 26 44 27 32 40 32 20 64 5667 25 139 43 1341 24 49046 64 67 20 20 151 920 45 28 55 280 71 84 87 3225 1275 36 58 26 20 1472 20848
leaf_count=56680 5135 251 21 26 27441 1368 7366 51 21 22 26 58137 41 4437 37 37 49 479 66 12882 22 42 134 23681 137 32 26 44 27 32 40 32 20 64 5667 25 139 43 1341 24 49046 64 67 20 20 151 920 45 28 55 280 71 84 87 3225 1275 36 58 26 20 1472 20848
internal_value=0.00111906 1.1594 3.47112 12.0736 -0.0611908 0.963806 0.189391 0.649667 1.74875 1.33964 5.36944 -0.134722 2.69024 0.408607 3.02198 2.86386 4.19994 2.65115 3.61003 0.101392 16.7706 2.7911 1.24227 -0.0591958 2.93753 4.14729 0.728714 2.3832 2.02856 2.3577 3.73644 2.78048 0.299153 1.46371 0.294552 18.2485 3.24594 3.83202 0.492312 0.754942 -0.183543 0.743324 2.58302 1.2272 1.0257 1.49906 0.973531 1.68895 1.80439 1.61594 1.80805 2.90755 1.53244 0.213091 0.207873 0.436373 4.19729 0.648813 1.22554 2.12215 1.6698 -0.157268
internal_weight=284043 14500 1131 94 269543 13369 61151 9548 3821 1773 48 208392 1037 17516 892 855 226 917 189 43635 68 140 155 81818 762 74 4463 629 446 355 104 72 13053 2904 13033 47 183 216 7775 1365 126574 91 546 1725 991 734 971 583 538 510 455 91 364 16194 16107 6410 173 145 87 46 1536 69894
internal_count=284043 14500 1131 94 269543 13369 61151 9548 3821 1773 48 208392 1037 17516 892 855 226 917 189 43635 68 140 155 81818 762 74 4463 629 446 355 104 72 13053 2904 13033 47 183 216 7775 1365 126574 91 546 1725 991 734 971 583 538 510 455 91 364 16194 16107 6410 173 145 87 46 1536 69894
is_linear=0
shrinkage=0.03


Tree=5
num_leaves=63
num_cat=1
split_feature=8 8 9 7 7 3 3 3 7 8 8 9 8 9 11 9 11 9 7 7 3 7 11 8 3 3 9 11 8 5 7 9 3 7 11 3 7 1 7 8 3 9 5 9 8 5 7 11 8 11 9 5 3 11 11 12 3 7 11 9 9 11
split_gain=2.10072e+07 7.16244e+06 4.7679e+06 3.76071e+06 6.598e+06 2.97967e+06 1.14659e+06 1.14249e+06 721905 690168 641944 632848 395227 353189 453454 296062 426234 285449 259973 244516 242134 238954 237036 202688 167899 167654 180716 186035 164825 159076 218593 167284 142965 139953 137438 136228 126656 114049 221135 111505 101825 98275.3 97448.6 95262.4 93818.1 89222.2 90251.6 152163 87460.4 86795.5 88436.6 74267.5 71506.9 70036.5 84371.5 174965 69286.2 64666.8 77211.9 64539.4 358909 63440.6
threshold=207.25000000000003 552.75000000000011 74.784766514194914 1821.5000000000002 1839.5000000000002 4.5000000000000009 4.5000000000000009 4.5000000000000009 1721.5000000000002 294.25000000000006 40.550000000000004 127.62500000000001 412.75000000000006 117.87500000000001 18.950000000000006 893.62500000000011 335.42068539401879 297.62500000000006 1759.5000000000002 228.50000000000003 4.5000000000000009 917.50000000000011 32.583333333333343 447.25000000000006 5.5000000000000009 1.0000000180025095e-35 893.62500000000011 911.25000000000011 1126.2500000000002 9.5000000000000018 925.50000000000011 679.87500000000011 3.5000000000000004 282.50000000000006 335.42068539401879 3.5000000000000004 1733.5000000000002 0 1778.5000000000002 162.20000000000002 2.5000000000000004 22.510862107226433 8.5000000000000018 217.50542742052446 98.750000000000014 2.5000000000000004 189.50000000000003 321.25000000000006 62.750000000000007 524.25000000000011 158.37465312538919 10.500000000000002 3.5000000000000004 524.25000000000011 321.25000000000006 124.00000000000003 4.5000000000000009 173.50000000000003 911.25000000000011 381.12500000000006 473.87500000000006 18.950000000000006
decision_type=2 2 2 2 2 2 2 2 2 2 2 2 2 2 2 2 2 2 2 2 2 2 2 2 2 2 2 2 2 2 2 2 2 2 2 2 2 1 2 2 2 2 2 2 2 2 2 2 2 2 2 2 2 2 2 2 2 2 2 2 2 2
left_child=2 5 10 6 22 12 25 13 15 49 41 44 32 -4 -15 21 -17 -14 -19 -18 -12 57 -5 43 -23 29 61 33 -21 30 53 -32 37 40 39 -6 -35 38 -2 -13 -28 -1 -42 -11 -9 -45 47 -47 -36 50 -7 -48 59 54 -3 -56 -43 -8 -59 -16 -61 -27
right_child=1 3 7 4 35 9 8 11 -10 23 20 34 17 14 52 16 19 18 -20 28 -22 24 -24 -25 -26 26 27 -29 -30 -31 31 -33 -34 36 48 -37 -38 -39 -40 -41 42 56 -44 45 -46 46 51 -49 -50 -51 -52 -53 -54 -55 55 -57 -58 58 -60 60 -62 -63
leaf_value=-0.21244562744672119 0.71842840690836662 2.1400975359107983 0.0070193685366861823 16.22967019176226 -0.38054682120298722 2.5983591506988044 4.4643447419163671 0.15731208143528247 0.50192253837428114 3.8404800330067133 -0.1038557714966017 0.46637201803452172 4.202470126535701 4.370927541163061 0.13242921315841741 2.5001888172646307 9.0519132990651308 0.94738146716673621 4.1687055512217732 3.8152696125607011 0.01377084425104389 3.7031064630789583 12.314884447119701 2.7379906504083507 7.2075016106077392 0.15247994171767046 2.0066846774001945 4.8732229270058109 6.8249037603790397 0.48835323308226797 6.8731532662128325 2.9711961630920865 0.7201549323860601 0.76459703402296575 3.3610192297465762 2.4516977354873148 3.3898592432302319 0.38470243008946403 3.3389718301656544 0.72409010571199561 2.5910641369745733 -0.17708191406479173 4.8853272861069801 0.15812863464207993 0.31913000436797639 2.0957359833204787 1.8279826342849401 4.8259575892114013 1.2129310706830045 2.9049595511096649 1.1397321349295182 0.89686926741892681 0.27797411245617404 1.5455314054965057 2.4639334450666261 5.9718238096094831 -0.11278854257290816 2.7542110027316213 4.0459290818586364 4.3716151395595464 -0.038536043411333036 1.6073664085002759
leaf_weight=50699 428 67 29085 37 35 38 33 7703 59 21 54259 3897 26 23 16121 36 23 962 23 31 22192 25 26 268 25 28 70 26 36 27 20 20 1769 77 20 27 21 6598 31 2469 37 50682 31 29 5547 92 1143 23 115 26 2291 83 4055 52 36 20 21480 192 54 21 78 756
leaf_count=50699 428 67 29085 37 35 38 33 7703 59 21 54259 3897 26 23 16121 36 23 962 23 31 22192 25 26 268 25 28 70 26 36 27 20 20 1769 77 20 27 21 6598 31 2469 37 50682 31 29 5547 92 1143 23 115 26 2291 83 4055 52 36 20 21480 192 54 21 78 756
internal_value=-0.000974074 1.06287 -0.063502 2.77649 7.80676 0.824442 2.42714 0.151171 3.62512 1.51326 -0.137964 0.344009 0.543357 0.0740433 0.170081 4.0299 5.26883 1.1052 1.02302 6.37224 -0.0697114 3.55396 14.6362 1.98198 5.46625 1.94881 1.7838 2.46629 5.44019 2.661 2.93348 4.93452 0.478987 2.19915 0.586443 0.854764 1.33007 0.418523 0.877008 0.566336 2.81489 -0.180435 3.64266 1.83613 0.225058 1.80513 1.84073 2.64552 1.53344 1.18299 1.16364 1.76503 0.165294 2.47352 2.86424 3.72522 -0.157944 3.2094 3.0393 0.137122 0.900388 1.55544
internal_weight=284224 15778 268446 1927 125 13851 1802 69134 514 4014 199312 19751 9837 49383 20298 455 126 1011 985 90 76451 329 63 1659 50 1288 1046 262 67 242 215 40 8826 236 6501 62 98 7057 459 6366 138 122861 68 1391 13250 1370 1341 115 135 2355 2329 1226 20275 175 123 56 72162 279 246 16220 99 784
internal_count=284224 15778 268446 1927 125 13851 1802 69134 514 4014 199312 19751 9837 49383 20298 455 126 1011 985 90 76451 329 63 1659 50 1288 1046 262 67 242 215 40 8826 236 6501 62 98 7057 459 6366 138 122861 68 1391 13250 1370 1341 115 135 2355 2329 1226 20275 175 123 56 72162 279 246 16220 99 784
cat_boundaries=0 1
cat_threshold=16777216
is_linear=0
shrinkage=0.03


Tree=6
num_leaves=63
num_cat=2
split_feature=8 8 9 7 7 3 3 3 7 8 8 9 8 9 11 9 11 9 7 3 7 7 11 8 3 3 9 11 8 3 7 11 9 3 7 7 1 7 7 7 7 12 3 7 9 8 11 9 9 3 9 9 11 9 9 9 1 7 11 8 11 12
split_gain=1.9767e+07 6.74034e+06 4.48614e+06 3.53925e+06 6.20923e+06 2.80358e+06 1.07904e+06 1.07497e+06 679346 649415 604174 595455 371885 333174 386634 278674 401139 268660 244693 235160 230157 224942 223007 190709 158014 157828 170115 175092 155104 134500 131696 129393 160588 128205 119213 114794 107312 208117 105117 186510 169708 103018 95835.9 91710.3 89679.8 88273.6 81697.5 83233.7 79024.3 76745 70365.9 67962.4 66786.8 63937.3 61830.9 337796 61418.6 60873.1 72669.4 60166 59690.2 61090.7
threshold=207.25000000000003 552.75000000000011 74.784766514194914 1821.5000000000002 1839.5000000000002 4.5000000000000009 4.5000000000000009 4.5000000000000009 1721.5000000000002 294.25000000000006 38.5346191762725 127.62500000000001 412.75000000000006 113.45 18.950000000000006 893.62500000000011 335.42068539401879 297.62500000000006 1759.5000000000002 4.5000000000000009 228.50000000000003 917.50000000000011 32.583333333333343 447.25000000000006 5.5000000000000009 1.0000000180025095e-35 893.62500000000011 911.25000000000011 1126.2500000000002 3.5000000000000004 282.50000000000006 180.25000000000003 276.12500000000006 3.5000000000000004 1733.5000000000002 1714.5000000000002 0 1778.5000000000002 941.50000000000011 772.50000000000011 267.50000000000006 124.00000000000003 2.5000000000000004 244.50000000000003 217.50542742052446 98.750000000000014 524.25000000000011 158.37465312538919 22.510862107226433 3.5000000000000004 679.87500000000011 381.12500000000006 58.118073413353336 53.781250000000007 381.12500000000006 473.87500000000006 1 173.50000000000003 911.25000000000011 302.75000000000006 18.950000000000006 124.00000000000003
decision_type=2 2 2 2 2 2 2 2 2 2 2 2 2 2 2 2 2 2 2 2 2 2 2 2 2 2 2 2 2 2 2 2 2 2 2 2 1 2 2 2 2 2 2 2 2 2 2 2 2 2 2 2 2 2 2 2 1 2 2 2 2 2
left_child=2 5 10 6 22 12 25 13 15 46 48 45 29 -4 -15 21 -17 -14 -19 -12 -18 57 -5 44 -23 35 60 30 -22 36 42 -13 -33 -6 -32 38 37 -2 39 40 41 -3 -28 -44 -11 -9 47 -7 -1 54 51 52 -46 -21 -16 -56 -49 -8 -59 -38 -27 -62
right_child=1 3 7 4 33 9 8 11 -10 23 19 31 17 14 49 16 20 18 -20 53 28 24 -24 -25 -26 26 27 -29 -30 -31 34 32 -34 -35 -36 -37 59 -39 -40 -41 -42 -43 43 -45 50 -47 -48 56 -50 -51 -52 -53 -54 -55 55 -57 -58 58 -60 -61 61 -63
leaf_value=-0.20607227383174462 0.69688058287129784 2.2871312010431861 0.0016727197813626578 15.744092287130433 -0.36916294354658852 2.5206129858062023 4.3308190614111108 0.1525927818448797 0.48689033858894087 3.7258115972726831 -0.10433554762689139 0.48432327623406274 4.0768791319969395 3.8796385326993419 0.12202706533139254 2.4253909338742412 8.7815315177223887 0.91896297600918331 4.0441856828138425 -0.039492113402871669 3.7011795884773275 3.5924557963975396 11.946853346550599 2.6558815702428036 6.9921378493593975 0.14792183733495529 1.9465700079575075 4.7275864331475619 6.6207237432240769 0.69855150811934463 0.74168887204233314 0.73618422193117838 2.5296630551292685 2.3784183109092534 3.2886453245262395 4.4658795522821357 0.31456006760200406 3.2391247087582897 0.3852692061204176 4.4294944983187232 1.0103015743138619 4.5381045240141793 2.5135417309604242 4.739238726502446 -0.0049739031769088088 0.3095562771433838 2.8181446165463018 1.3103456409020733 -0.15620646601094565 0.26623385779365771 0.23359110309628983 2.191723070189497 1.7037665110378062 0.058272641407843884 4.2410882260336127 -0.037381444447477097 0.93522844404971373 2.6716276927182978 3.9247755715586998 0.51245722425414231 1.3119819458903283 1.8547047503891465
leaf_weight=50699 428 58 27277 37 35 38 33 7703 59 21 58833 4648 26 25 17580 36 23 962 23 12701 31 25 26 268 25 28 70 26 36 1769 77 1807 46 27 21 26 4625 31 22 39 70 27 37 31 21 5547 26 980 65633 4402 27 287 1035 11446 21 78 1311 192 54 1973 412 344
leaf_count=50699 428 58 27277 37 35 38 33 7703 59 21 58833 4648 26 25 17580 36 23 962 23 12701 31 25 26 268 25 28 70 26 36 1769 77 1807 46 27 21 26 4625 31 22 39 70 27 37 31 21 5547 26 980 65633 4402 27 287 1035 11446 21 78 1311 192 54 1973 412 344
internal_value=-0.00094263 1.03102 -0.0615968 2.69338 7.5733 0.799725 2.35447 0.146636 3.51663 1.46788 -0.133825 0.33369 0.527072 0.0718225 0.158381 3.9093 5.11129 1.07207 0.992344 -0.0719809 6.18173 3.44754 14.1984 1.92255 5.30292 1.89045 1.73035 2.39251 5.27746 0.464632 2.13335 0.568852 0.780842 0.829219 1.29029 2.58145 0.405986 0.850723 2.35265 2.57542 2.10634 3.00667 2.73065 3.53371 1.78108 0.218306 1.14751 1.12874 -0.177939 0.15415 1.751 1.78148 1.66979 0.00684961 0.12624 0.873506 1.10554 3.11324 2.9482 0.373179 1.50878 1.55915
internal_weight=284224 15778 268446 1927 125 13851 1802 69134 514 4014 199312 19751 9837 49383 22106 455 126 1011 985 82980 90 329 63 1659 50 1288 1046 262 67 8826 236 6501 1853 62 98 242 7057 459 216 194 155 85 138 68 1391 13250 2355 2329 116332 22081 1370 1343 1056 24147 17679 99 2291 279 246 6598 784 756
internal_count=284224 15778 268446 1927 125 13851 1802 69134 514 4014 199312 19751 9837 49383 22106 455 126 1011 985 82980 90 329 63 1659 50 1288 1046 262 67 8826 236 6501 1853 62 98 242 7057 459 216 194 155 85 138 68 1391 13250 2355 2329 116332 22081 1370 1343 1056 24147 17679 99 2291 279 246 6598 784 756
cat_boundaries=0 1 3
cat_threshold=16777216 2147779590 520
is_linear=0
shrinkage=0.03


Tree=7
num_leaves=63
num_cat=7
split_feature=11 12 7 7 12 3 11 11 3 12 5 3 3 2 7 5 11 11 11 7 7 5 3 11 7 11 7 12 3 7 7 5 7 12 7 11 11 11 12 7 11 1 7 7 5 7 7 5 5 1 11 7 1 3 12 3 12 1 7 1 4 3
split_gain=1.17161e+07 5.22662e+06 4.62723e+06 4.04332e+06 3.38034e+06 2.69039e+06 2.66888e+06 883701 803706 658913 1.67789e+06 2.73842e+06 605882 445058 955438 425115 403365 312888 299131 287949 673697 877882 286481 283344 279433 255648 265729 235349 210195 198720 642456 182232 280420 176401 175036 273504 174386 167022 184566 159056 174691 158962 153238 374355 170164 176244 148270 135254 134114 133840 130417 128469 123133 115378 109229 107399 106840 104476 101851 92738.8 88876 86668.7
threshold=170.25000000000003 124.00000000000003 1821.5000000000002 1839.5000000000002 84.875000000000014 4.5000000000000009 67.909348638041976 262.25000000000006 4.5000000000000009 -122.49999999999999 10.500000000000002 1.5000000000000002 4.5000000000000009 0 290.50000000000006 9.5000000000000018 35.406897223507151 911.25000000000011 110.12500000000001 994.50000000000011 933.50000000000011 7.5000000000000009 4.5000000000000009 321.25000000000006 964.50000000000011 390.25000000000006 987.50000000000011 35.250000000000021 4.5000000000000009 1727.5000000000002 1714.5000000000002 4.5000000000000009 282.50000000000006 -65.874999999999986 267.50000000000006 335.42068539401879 110.12500000000001 26.04545454545455 451.12500000000006 282.50000000000006 911.25000000000011 1 574.50000000000011 559.50000000000011 8.5000000000000018 267.50000000000006 228.50000000000003 5.5000000000000009 6.5000000000000009 2 645.25000000000011 858.50000000000011 3 3.5000000000000004 26.250000000000011 1.5000000000000002 42.250000000000036 4 159.50000000000003 5 6 1.5000000000000002
decision_type=2 2 2 2 2 2 2 2 2 2 2 2 2 1 2 2 2 2 2 2 2 2 2 2 2 2 2 2 2 2 2 2 2 2 2 2 2 2 2 2 2 1 2 2 2 2 2 2 2 1 2 2 1 2 2 2 2 1 2 1 1 2
left_child=1 6 29 22 5 23 9 31 36 10 -1 -12 19 14 46 17 27 34 60 20 42 -22 -4 52 -23 -16 50 -11 -18 30 37 -7 58 39 35 -14 -8 38 -3 -25 -41 -28 43 44 -6 -46 -9 -44 -37 -35 -27 -36 53 -2 -20 -26 -30 -34 -33 -15 -10 -29
right_child=4 2 3 -5 12 7 8 13 18 16 11 -13 15 59 25 -17 28 -19 54 -21 21 24 -24 33 55 26 41 61 56 -31 -32 32 57 49 51 48 -38 -39 -40 40 -42 -43 47 -45 45 -47 -48 -49 -50 -51 -52 -53 -54 -55 -56 -57 -58 -59 -60 -61 -62 -63
leaf_value=0.29117815863963414 0.27673468970831788 4.4650574188588923 12.474598768575449 -0.2788190248762944 1.3788918617305557 0.39737233063041461 -0.014864481851931725 5.4247433801225213 0.26065862268345497 -0.1702178325859561 14.470741748900208 0.63066721620156319 3.0207480181913064 0.27691031512756847 1.2754782303411121 -0.16808809816625192 -0.10976636896267329 6.2799671962768873 0.37165613507329914 0.1677973144436547 9.5726852499845325 0.012327171177059025 17.09476028514699 2.1011753097683825 5.7063228819263507 2.0789266454617952 0.23166605061451628 2.0114157750948549 -0.0088431457032829858 0.73784717713432568 5.8220534628019545 0.89143872146953218 0.92066545841994052 0.66189151432978699 1.4183427828424493 4.5013562571260444 0.099749034242132356 1.0564777492452349 0.98183918501826228 0.54069236134814314 2.1904683582448063 1.8396451623466792 2.2710824152290692 4.9512952389115812 4.3520618239205202 1.3171971282621673 3.3435907327120247 0.37550206284053994 7.8702860240082231 0.28672658818880753 3.1674203402281282 3.3113318055432015 0.10733459053625949 0.53994618846219011 0.87047017779939917 2.9189995760651977 1.1640324219493741 0.51569227101739357 1.9178008118424841 1.0536589414423554 0.1014244186692277 0.51861560612080126
leaf_weight=301 7506 32 34 25 321 861 33823 55 5107 101288 21 33 70 239 1114 28 60147 37 6921 86 22 23 21 108 20 292 108 48 24404 117 38 124 1787 1873 52 24 18473 150 24 353 69 140 46 34 39 31 72 128 20 1676 151 86 3014 1873 419 34 70 1002 294 428 8359 129
leaf_count=301 7506 32 34 25 321 861 33823 55 5107 101288 21 33 70 239 1114 28 60147 37 6921 86 22 23 21 108 20 292 108 48 24404 117 38 124 1787 1873 52 24 18473 150 24 353 69 140 46 34 39 31 72 128 20 1676 151 86 3014 1873 419 34 70 1002 294 428 8359 129
internal_value=-0.000910314 -0.0597238 3.20311 9.7264 0.629886 0.552602 -0.065269 1.06107 0.0883648 -0.125508 1.16555 6.02977 2.25392 1.49319 1.72512 3.36079 -0.127971 3.70264 0.246069 1.806 2.00778 4.29955 14.2665 0.346796 2.78243 1.5569 2.01035 -0.168307 -0.0796059 1.7552 2.24251 0.784962 0.889003 0.563675 3.32187 4.19313 0.0256216 1.57969 2.97671 1.07418 0.810905 1.22327 1.62835 1.93541 1.67195 3.01189 4.24846 0.877666 6.04713 0.487408 2.45059 2.5996 0.275409 0.328953 0.400143 3.96004 -0.00548365 0.780346 1.61362 0.78362 0.162085 0.924367
internal_weight=284224 259984 441 80 24240 23139 259543 6667 73102 186441 355 54 1101 2599 1932 317 186086 289 20806 784 698 99 55 16472 77 1805 691 101465 84621 361 244 4068 3207 4079 252 114 52296 206 56 530 422 248 599 425 391 70 127 174 44 3549 443 138 12393 9379 7340 54 24474 2789 418 667 13466 177
internal_count=284224 259984 441 80 24240 23139 259543 6667 73102 186441 355 54 1101 2599 1932 317 186086 289 20806 784 698 99 55 16472 77 1805 691 101465 84621 361 244 4068 3207 4079 252 114 52296 206 56 530 422 248 599 425 391 70 127 174 44 3549 443 138 12393 9379 7340 54 24474 2789 418 667 13466 177
cat_boundaries=0 1 2 3 5 7 8 9
cat_threshold=5 16777218 163890 2148698230 640 2148961302 520 16777472 24
is_linear=0
shrinkage=0.03


Tree=8
num_leaves=63
num_cat=3
split_feature=8 8 8 3 9 2 12 3 11 3 9 8 3 8 3 8 11 11 9 3 8 3 8 10 11 10 9 11 3 9 3 8 12 1 11 9 10 3 11 9 10 11 8 8 10 11 11 9 10 12 3 12 9 3 11 4 10 8 3 9 12 9
split_gain=1.77194e+07 6.01949e+06 4.02873e+06 2.50533e+06 1.46072e+06 1.38862e+06 1.38402e+06 917184 743762 696684 667873 579247 576074 434578 402933 336410 332406 302103 244712 238474 231470 220352 169753 166393 149071 139314 135552 152618 124067 120386 106724 105109 95786.2 94270.9 93429.7 90325.8 116611 89692.5 110021 84840 132286 122086 103261 100062 81315.4 82736.5 210444 80545.3 80462 89928.4 164432 76328.3 75448.2 75364.9 74449.4 72209.6 69343.6 67534.7 67494.8 67449.7 175730 70558.8
threshold=207.25000000000003 552.75000000000011 80.659090909090921 4.5000000000000009 893.62500000000011 0 -260.62499999999994 4.5000000000000009 271.83706736797149 3.5000000000000004 43.788043478260882 294.25000000000006 4.5000000000000009 138.17639259055554 4.5000000000000009 412.75000000000006 21.001158214950671 911.25000000000011 297.62500000000006 4.5000000000000009 117.55000000000003 1.0000000180025095e-35 447.25000000000006 419.18750000000006 645.25000000000011 305.18750000000006 223.62500000000003 214.75000000000003 3.5000000000000004 679.87500000000011 1.5000000000000002 25.50408118004513 269.87500000000006 1 20.750000000000004 381.12500000000006 479.62500000000006 4.5000000000000009 425.75000000000006 381.12500000000006 374.56250000000006 22.450000000000006 823.25000000000011 823.25000000000011 265.18750000000006 46.005122405159327 79.250000000000014 217.50542742052446 754.56250000000011 75.125000000000014 2.5000000000000004 99.125000000000014 144.62500000000003 3.5000000000000004 524.25000000000011 2 176.68750000000003 1126.2500000000002 2.5000000000000004 339.87500000000006 -56.749999999999979 893.62500000000011
decision_type=2 2 2 2 2 1 2 2 2 2 2 2 2 2 2 2 2 2 2 2 2 2 2 2 2 2 2 2 2 2 2 2 2 1 2 2 2 2 2 2 2 2 2 2 2 2 2 2 2 2 2 2 2 2 2 1 2 2 2 2 2 2
left_child=2 3 10 15 12 6 -6 20 -7 -10 31 52 21 25 16 28 -8 37 -17 35 -4 23 47 32 39 55 -21 -28 33 -20 -31 -1 -3 59 -22 -12 -37 57 -39 -14 42 -42 -41 -43 -23 -46 -47 -13 -48 -50 -51 -26 -5 -36 -54 -9 -49 -11 -18 -2 61 -61
right_child=1 4 7 11 5 8 14 13 9 17 19 22 24 -15 -16 18 58 -19 29 26 34 44 -24 -25 51 -27 27 -29 -30 30 -32 -33 -34 -35 53 36 -38 38 -40 40 41 43 -44 -45 45 46 48 56 49 50 -52 -53 54 -55 -56 -57 -58 -59 -60 60 -62 -63
leaf_value=-0.18858376934427754 0.53407580967693313 2.8467971057396428 0.018927657209578459 2.8741088972046476 1.8239508730451637 0.31978241021022041 4.5616585751433867 0.32576623969893953 2.2257497987240509 2.1840165000535641 -0.085566896223385563 3.5281718153298183 0.74706710473814986 0.57990850749140443 12.342559079088536 3.8859656382155139 8.011509640958792 8.2483622886332277 0.86522718979134783 0.028705474943434214 2.0653649873857374 3.123038307319538 2.510492910508543 2.0601857883415908 3.3656906591480524 2.2208597631320774 0.16539686041855745 3.1789806858150436 0.66513237254557656 3.8732879111054652 1.0896356542875845 -0.13495993283427876 5.7079139259679987 0.35337515575508782 0.1270824977352589 2.1857835080683063 -0.13892429983814084 4.1027203978136706 6.1956543182012602 5.4340293367674422 0.28744386641335146 2.1557161140362489 2.5688356433697601 3.5575250188710683 0.5361054590791009 4.3504941393131586 1.2142976796515306 -0.05362105875783621 1.1137899168785623 4.3083566163457769 1.3099112141024312 5.0917636462393885 1.0523598815954991 0.27263826934840568 2.66510228469454 0.17729317282850376 1.6832656816214202 4.4069930004251407 10.435074903314764 1.273041428788211 3.7842304480884947 -0.26137177997165251
leaf_weight=65820 285 23 23004 21 32 83 20 5275 190 24 54452 21 20 4960 25 26 24 21 935 22078 23 24 268 145 68 32 36 26 1769 23 27 65776 20 6598 15944 36 42 59 38 27 21 120 20 75 98 22 528 21 49 33 33 36 2308 4006 26 6936 1349 26 23 117 22 35
leaf_count=65820 285 23 23004 21 32 83 20 5275 190 24 54452 21 20 4960 25 26 24 21 935 22078 23 24 268 145 68 32 36 26 1769 23 27 65776 20 6598 15944 36 42 59 38 27 21 120 20 75 98 22 528 21 49 33 33 36 2308 4006 26 6936 1349 26 23 117 22 35
internal_value=-0.000874779 0.976173 -0.0583014 0.757599 2.54713 3.8296 6.66798 0.157901 2.81518 3.47208 -0.120775 1.38921 2.01488 0.343014 9.07301 0.499857 7.83641 4.87945 1.01821 -0.0503916 0.083802 1.62586 1.81862 2.5488 2.99428 0.247037 0.0326426 1.43229 0.44047 0.94212 2.37535 -0.161781 4.18777 0.384144 0.158521 -0.0841047 0.935404 4.39287 4.9282 2.63534 2.77858 2.46248 4.2229 2.69644 1.40509 1.35064 1.47058 1.68515 1.37138 2.09086 2.81343 3.96752 1.08665 0.156312 1.07044 0.241846 1.65664 3.34651 9.21721 0.801105 1.28392 0.919763
internal_weight=284224 15778 268446 13851 1927 565 124 60180 441 358 208266 4014 1362 17203 92 9837 67 168 1011 76670 42977 975 1659 188 387 12243 22140 62 8826 985 50 131596 43 7057 19973 54530 78 147 97 283 263 216 47 195 787 763 665 1391 643 115 66 104 2355 19950 2334 12211 1370 50 47 459 174 152
internal_count=284224 15778 268446 13851 1927 565 124 60180 441 358 208266 4014 1362 17203 92 9837 67 168 1011 76670 42977 975 1659 188 387 12243 22140 62 8826 985 50 131596 43 7057 19973 54530 78 147 97 283 263 216 47 195 787 763 665 1391 643 115 66 104 2355 19950 2334 12211 1370 50 47 459 174 152
cat_boundaries=0 1 2 3
cat_threshold=8 16777216 24
is_linear=0
shrinkage=0.03


Tree=9
num_leaves=63
num_cat=1
split_feature=8 8 8 7 7 3 3 3 8 7 8 8 8 8 3 1 7 3 8 5 10 3 5 7 7 8 3 3 10 7 10 3 7 10 7 5 7 7 12 7 7 12 8 12 12 12 7 12 10 3 10 7 7 5 8 8 5 10 5 7 10 3
split_gain=1.66906e+07 5.19754e+06 4.23179e+06 2.99055e+06 5.42582e+06 2.28504e+06 966825 896237 603751 595890 536519 365870 281827 278512 230355 216816 269598 332704 204504 253077 176957 306496 164842 201161 280302 159727 140914 139659 163242 249356 131107 115650 114770 114263 232950 253525 211635 293268 200654 200575 152146 307079 129695 113562 109872 108717 143990 130116 107314 98860 95605 112647 165508 93775 90512.6 84995.4 82391.9 93637.6 102889 80720.8 184157 77492.5
threshold=223.75000000000003 552.75000000000011 80.659090909090921 1821.5000000000002 1839.5000000000002 4.5000000000000009 4.5000000000000009 4.5000000000000009 41.584415564855547 1721.5000000000002 138.17639259055554 294.25000000000006 412.75000000000006 135.05000000000004 4.5000000000000009 0 910.50000000000011 2.5000000000000004 823.25000000000011 5.5000000000000009 265.18750000000006 1.0000000180025095e-35 7.5000000000000009 267.50000000000006 979.50000000000011 447.25000000000006 4.5000000000000009 1.0000000180025095e-35 419.18750000000006 772.50000000000011 305.18750000000006 3.5000000000000004 888.50000000000011 754.56250000000011 1784.5000000000002 7.5000000000000009 994.50000000000011 979.50000000000011 61.874999999999993 933.50000000000011 941.50000000000011 124.00000000000003 652.50000000000011 -260.62499999999994 124.00000000000003 269.87500000000006 949.50000000000011 171.87500000000006 479.62500000000006 3.5000000000000004 419.18750000000006 559.50000000000011 780.50000000000011 9.5000000000000018 176.75000000000003 23.522552008214372 10.500000000000002 172.68750000000003 2.5000000000000004 189.50000000000003 256.18750000000006 3.5000000000000004
decision_type=2 2 2 2 2 2 2 2 2 2 2 2 2 2 2 1 2 2 2 2 2 2 2 2 2 2 2 2 2 2 2 2 2 2 2 2 2 2 2 2 2 2 2 2 2 2 2 2 2 2 2 2 2 2 2 2 2 2 2 2 2 2
left_child=2 5 8 7 26 12 13 27 20 18 30 -7 49 48 -10 16 44 -18 45 -20 55 -22 32 -24 -25 56 -5 28 29 -3 -8 -6 -21 34 35 39 37 40 -36 50 41 -35 -37 -15 -14 46 47 -9 -4 -2 51 -29 -53 -30 -12 -1 57 -13 -59 60 -60 -45
right_child=1 3 6 4 31 11 10 9 14 -11 54 25 15 43 -16 -17 17 -19 19 22 21 -23 23 24 -26 -27 -28 33 53 -31 -32 -33 -34 36 38 42 -38 -39 -40 -41 -42 -43 -44 61 -46 -47 -48 -49 -50 -51 -52 52 -54 -55 -56 -57 -58 58 59 -61 -62 -63
leaf_value=-0.18654651352996052 0.39725844964471857 1.8179152082419232 0.034225978093003179 11.902995512354092 -0.48533712484897706 1.1380986676225531 0.23460315517338173 3.2991952369179467 -0.085771271465606133 0.38111720582555392 0.49465371440793865 3.7284084350671338 0.79274124970262272 1.8525134428544348 0.025236729621585487 0.7329853360341172 5.789022439607086 1.1351372841154912 1.8309499882355198 5.0478485399656439 3.9190985431117138 0.29699486493775512 5.3441494260119873 1.2232020210281132 5.3130411958124526 2.4352062097755396 14.989666986351468 1.2749344190323408 2.2747102498946199 6.3945554978248627 2.1544415060827666 2.1240048740006898 7.8196314603890933 1.648631851266271 5.5487965417473228 1.2181144607613941 -0.054848415945458605 5.1314685666917557 1.8155825316241758 4.4933899066798491 0.39126372557919037 4.2158158177377461 -0.23394442007543531 0.15649130215377274 2.6262697284239485 4.8541116331488006 0.33195039891484956 0.93461712453375201 1.6940257948891728 0.67509120588499838 1.1848647604422293 4.9581561847322009 1.8566909270739034 0.34086877885392336 0.74027073721034764 -0.13711474801811233 0.72260936965840339 -0.018434816119826839 1.6382636416839718 1.6280635143563693 4.2394695935024771 0.32664108072176634
leaf_weight=57476 5766 22 29506 38 35 1705 12211 170 58169 59 3343 20 111 37 23670 804 31 25 33 45 24 165 55 38 25 268 25 65 173 21 32 27 20 159 21 98 38 30 34 21 44 57 127 12004 40 25 20 24 35 1441 286 25 41 26 2267 68762 84 32 77 1142 36 3014
leaf_count=57476 5766 22 29506 38 35 1705 12211 170 58169 59 3343 20 111 37 23670 804 31 25 33 45 24 165 55 38 25 268 25 65 173 21 32 27 20 159 21 98 38 30 34 21 44 57 127 12004 40 25 20 24 35 1441 286 25 41 26 2267 68762 84 32 77 1142 36 3014
internal_value=-0.00084597 1.02828 -0.0522011 2.4709 6.95662 0.788244 0.164406 2.15936 -0.117151 3.21852 0.350968 1.44685 0.518631 0.0897195 -0.0536648 0.98769 1.85134 3.71718 3.58628 4.25671 -0.158248 0.75879 4.69289 4.01719 2.85205 1.76408 13.1497 1.73647 2.38645 4.06274 0.239639 0.652531 5.91145 1.58587 1.37353 1.21751 2.05013 2.32589 3.24853 1.63791 2.00031 2.32773 0.398755 0.194738 1.27988 2.97882 2.75757 3.00732 0.0361983 0.452819 1.49306 2.16448 3.03726 2.02236 0.593919 -0.159621 1.6346 1.69315 1.66124 1.70407 2.47001 0.190641
internal_weight=284224 13509 270715 1927 125 11582 62449 1802 208266 514 17853 3364 8218 44596 81839 1011 207 56 455 216 126427 189 183 118 63 1659 63 1288 242 43 12243 62 65 1046 718 663 328 290 55 438 260 216 225 15055 151 239 214 194 29541 7207 417 131 66 199 5610 126238 1391 1307 1287 1255 113 15018
internal_count=284224 13509 270715 1927 125 11582 62449 1802 208266 514 17853 3364 8218 44596 81839 1011 207 56 455 216 126427 189 183 118 63 1659 63 1288 242 43 12243 62 65 1046 718 663 328 290 55 438 260 216 225 15055 151 239 214 194 29541 7207 417 131 66 199 5610 126238 1391 1307 1287 1255 113 15018
cat_boundaries=0 1
cat_threshold=16777216
is_linear=0
shrinkage=0.03


Tree=10
num_leaves=63
num_cat=0
split_feature=8 8 8 7 7 9 8 7 8 7 7 7 11 7 7 10 10 7 12 12 9 7 9 11 11 12 9 8 10 7 8 5 5 12 11 8 7 11 10 12 8 7 10 10 9 10 12 7 10 12 9 12 11 7 7 11 7 9 11 10 8 12
split_gain=1.60047e+07 4.9059e+06 4.36139e+06 3.00567e+06 6.14049e+06 896656 727934 637572 533384 391809 340816 366644 416242 333718 1.20491e+06 406135 288087 276852 368430 241868 178167 174381 144403 138610 122502 485853 113518 104228 174914 101488 100185 99515.5 94266.5 91803.8 91511.9 91342.2 79358.5 79141.5 70442.8 121719 94344.4 103080 129856 76881.7 70232.2 121127 146974 78797.1 65377.9 78682.7 51731.2 49226.8 43852.9 43781.3 42209.6 45072.4 41757.4 72180.5 56306.1 124751 43012.5 40777.1
threshold=239.25000000000003 652.50000000000011 95.538152145889171 1821.5000000000002 1839.5000000000002 50.261363636363647 412.75000000000006 1727.5000000000002 164.25000000000003 1827.5000000000002 979.50000000000011 994.50000000000011 149.25000000000003 941.50000000000011 933.50000000000011 754.56250000000011 265.18750000000006 267.50000000000006 84.875000000000014 -122.49999999999999 285.87500000000006 1784.5000000000002 30.858333333333338 18.950000000000006 29.527777777777782 42.250000000000036 339.87500000000006 67.187500000000014 419.18750000000006 987.50000000000011 117.55000000000003 7.5000000000000009 7.5000000000000009 53.249999999999979 44.050000000000004 489.25000000000006 228.50000000000003 455.25000000000006 343.06250000000006 451.12500000000006 823.25000000000011 535.50000000000011 583.00000000000011 583.00000000000011 679.87500000000011 583.00000000000011 -122.49999999999999 1753.5000000000002 290.06250000000006 171.87500000000006 82.317307692307708 84.875000000000014 425.75000000000006 173.50000000000003 173.50000000000003 911.25000000000011 979.50000000000011 166.12500000000003 645.25000000000011 215.56250000000003 342.75000000000006 -260.62499999999994
decision_type=2 2 2 2 2 2 2 2 2 2 2 2 2 2 2 2 2 2 2 2 2 2 2 2 2 2 2 2 2 2 2 2 2 2 2 2 2 2 2 2 2 2 2 2 2 2 2 2 2 2 2 2 2 2 2 2 2 2 2 2 2 2
left_child=2 6 5 7 9 22 24 10 19 -5 13 29 -13 14 15 16 -3 18 -17 32 -8 34 -1 -18 25 -2 56 -7 -29 -12 -21 38 -4 -9 -22 54 -33 -15 -25 40 -40 43 -43 -42 45 47 -47 -28 -37 53 -32 -10 -19 -50 -36 -56 57 -26 60 -60 -59 -34
right_child=1 3 8 4 -6 27 20 33 51 -11 11 12 -14 37 -16 17 23 52 -20 30 21 -23 -24 31 26 -27 44 28 -30 -31 50 36 61 -35 35 48 -38 -39 39 -41 41 42 -44 -45 -46 46 -48 -49 49 -51 -52 -53 -54 -55 55 -57 -58 58 59 -61 -62 -63
leaf_value=-0.17044029848267386 0.15730014376088874 5.1864923361523649 0.35534197052906352 9.733020269471595 -0.30554023069392094 -0.052773914494821439 3.6303951862004022 2.1803003480217673 0.37956000114823357 14.692057561206209 7.2444323958438694 4.9652275572946785 0.3033519518210287 -0.6293025046536046 8.3073818008079403 2.8016883823491305 -0.58585396357945019 1.0931067809745343 5.2421272961006649 0.094118842740027714 0.13819744303746875 3.4992066018026762 -0.110930175771438 3.7083887078524764 2.1924755862226517 5.5305694139158561 0.89443029607257207 0.016578891399385468 2.5732030719939107 4.6327274197397506 1.2460805320162813 2.6170490135097895 1.8762941463692311 0.12284334564615487 1.9886188634120998 0.43543641182905812 0.70842919087432443 1.3332715200829077 1.7158931757216966 0.59820658093239154 1.5356843474960951 5.7245012089743534 2.3317926978386971 3.245376359763962 0.05766690796234189 1.0810864776031037 3.979170177339137 2.6985803942658784 2.3564542212112833 3.2676285106157401 0.19326817953249112 1.7969724932191597 2.3235863741967324 1.5000036958667387 1.0361796755277284 2.3819377764788539 0.57697304179213071 0.66355768320674313 0.13874740101149863 3.3686491671514727 0.96688323226865969 3.6046027231928126
leaf_weight=85780 44 22 27 22 55 37526 31 23 12376 47 25 33 36 35 31 156 23 41 87 15973 59 33 64138 21 30 23 1692 36838 24 31 42 24 33 126 48 45 106 39 203 54 61 20 21 39 80 40 26 22 58 25 19376 22 73 778 818 23 2914 3162 21 22 486 20
leaf_count=85780 44 22 27 22 55 37526 31 23 12376 47 25 33 36 35 31 156 23 41 87 15973 59 33 64138 21 30 23 1692 36838 24 31 42 24 33 126 48 45 106 39 203 54 61 20 21 39 80 40 26 22 58 25 19376 22 73 778 818 23 2914 3162 21 22 486 20
internal_value=-0.000103144 1.0752 -0.0472522 2.70815 7.17373 -0.10273 0.848622 2.2913 0.212705 13.1273 2.52459 4.00657 2.53695 2.34881 2.4952 2.30488 1.82367 3.1048 3.67724 0.1535 1.37689 1.33968 -0.144981 1.69344 0.730267 2.00739 0.720171 -0.0175787 0.0182505 5.80956 0.149773 1.78903 1.80017 0.441707 1.30105 1.33926 1.06255 0.40539 2.01411 1.9238 2.13164 2.72854 3.99675 2.20507 0.927339 0.966418 2.22709 0.917745 1.5514 1.60967 0.195552 0.38209 1.88242 1.5597 1.12291 1.07327 0.662082 0.728714 0.716757 1.79531 0.703994 2.5341
internal_weight=284109 11934 272175 1454 124 224306 10480 1330 47869 69 1181 125 69 1056 982 951 594 357 243 35471 1918 1887 149918 572 8562 67 8495 74388 36862 56 35391 549 80 149 1854 1795 130 74 419 398 344 141 41 100 1860 1780 66 1714 906 861 19418 12398 114 836 889 841 6635 3721 3691 43 3648 53
internal_count=284109 11934 272175 1454 124 224306 10480 1330 47869 69 1181 125 69 1056 982 951 594 357 243 35471 1918 1887 149918 572 8562 67 8495 74388 36862 56 35391 549 80 149 1854 1795 130 74 419 398 344 141 41 100 1860 1780 66 1714 906 861 19418 12398 114 836 889 841 6635 3721 3691 43 3648 53
is_linear=0
shrinkage=0.03


Tree=11
num_leaves=63
num_cat=4
split_feature=8 8 8 7 7 3 3 3 8 8 11 8 7 8 7 10 11 7 11 8 3 7 7 10 7 11 11 3 3 7 7 10 8 10 2 8 5 8 7 11 1 3 1 7 8 3 11 10 11 11 7 10 3 4 8 3 3 3 5 10 3 3
split_gain=1.50598e+07 4.61686e+06 4.10915e+06 2.82855e+06 5.77854e+06 2.2642e+06 1.07339e+06 791493 625529 577391 484424 415262 368586 362729 398090 326646 362269 341930 257623 251164 224411 216863 209135 177305 374914 171258 168555 218054 162050 156226 145708 128928 131253 121884 112499 115613 97486 101697 112981 96894.7 94833 91044.7 98181.1 90681.1 88263.7 80212 107552 98551.1 74522.8 73206.9 87454.9 67421.2 64330.1 64129.1 59811.6 59411.2 56563 53866.7 52631 55393.5 96472.2 51842.9
threshold=239.25000000000003 652.50000000000011 84.541666666666686 1821.5000000000002 1839.5000000000002 4.5000000000000009 4.5000000000000009 4.5000000000000009 48.111111111111121 150.25000000000003 62.111111111111121 412.75000000000006 1827.5000000000002 447.25000000000006 1784.5000000000002 343.06250000000006 271.83706736797149 933.50000000000011 911.25000000000011 147.25000000000003 4.5000000000000009 267.50000000000006 244.50000000000003 754.56250000000011 220.50000000000003 28.250000000000004 25.041666666666671 1.5000000000000002 3.5000000000000004 881.50000000000011 987.50000000000011 230.56250000000003 126.25000000000001 29.635815602836882 0 276.75000000000006 6.5000000000000009 1126.2500000000002 780.50000000000011 390.25000000000006 1 3.5000000000000004 2 173.50000000000003 110.75000000000001 4.5000000000000009 344.75000000000006 60.916666666666679 30.050000000000001 29.527777777777782 1695.5000000000002 479.62500000000006 3.5000000000000004 3 191.25000000000003 1.0000000180025095e-35 3.5000000000000004 2.5000000000000004 9.5000000000000018 479.62500000000006 5.5000000000000009 1.0000000180025095e-35
decision_type=2 2 2 2 2 2 2 2 2 2 2 2 2 2 2 2 2 2 2 2 2 2 2 2 2 2 2 2 2 2 2 2 2 2 1 2 2 2 2 2 1 2 1 2 2 2 2 2 2 2 2 2 2 1 2 2 2 2 2 2 2 2
left_child=2 5 8 7 12 13 19 15 33 31 -9 25 -5 41 55 -3 36 21 30 51 -10 22 61 29 -25 -7 27 -21 -14 43 -19 44 -33 -1 -27 -36 37 38 -17 -26 -11 42 -2 -12 -8 -35 -47 -48 -38 -13 58 -4 -28 -22 -42 -15 -57 -24 59 60 -51 -18
right_child=1 3 6 4 -6 11 9 10 20 40 23 49 28 14 -16 16 17 18 -20 26 53 -23 57 24 39 34 52 -29 -30 -31 -32 32 -34 45 35 -37 48 -39 -40 -41 54 -43 -44 -45 -46 46 47 -49 -50 50 -52 -53 -54 -55 -56 56 -58 -59 -60 -61 -62 -63
leaf_value=-0.1674433617584534 0.83960073480741781 4.345890855041648 0.044864912406483069 9.4423507359017051 -0.29639066034998951 4.113173703150963 0.18378140210455779 0.72310380566591603 -0.066548367958458712 0.46022542392576721 4.4601967089323065 0.4871698726824859 12.605912605229337 1.4253324006577968 4.9547416469029013 1.410283296666953 2.8420387744171842 3.7622721172430116 5.8601810784206201 4.2519746090337565 0.12651021130129644 1.0767092084609842 3.0831416271928274 8.0053499998195523 3.0781829478374325 0.27544820726668506 0.16573509425796917 -0.11917822631437386 16.400839515799905 4.7969730422190588 1.060702558253739 2.7082872846425343 0.35476261591455738 -0.1335370616024032 1.1046130677153749 1.5422081094548543 1.4934538855826018 0.10950285100745984 4.1410440237130688 4.7359516607012067 0.64673731888496921 0.68646796459851944 0.36110805118371198 2.305430565146473 0.34645880102996784 -0.065689602566309832 0.23090116793183002 2.4773347735659503 0.14036582422862984 1.4964384223452656 4.1501686002062508 1.3245636509146008 0.33391289398030882 0.013204831036585265 0.91231899601411148 0.71219152268498931 1.2827715180419219 4.8996512477699357 1.375534849409183 2.7714289445310487 2.6462148734289661 1.6211032332586846
leaf_weight=78830 427 42 29439 22 55 20 6499 53 47989 1647 21 20 27 208 23 43 39 43 32 21 7033 237 36 24 64 109 10001 20 20 40 31 39 47 47226 868 1460 47 28 20 65 1847 1273 4725 111 5579 19514 47 28 165 129 23 37 2574 12455 1303 615 210 26 55 180 135 163
leaf_count=78830 427 42 29439 22 55 20 6499 53 47989 1647 21 20 27 208 23 43 39 43 32 21 7033 237 36 24 64 109 10001 20 20 40 31 39 47 47226 868 1460 47 28 20 65 1847 1273 4725 111 5579 19514 47 28 165 129 23 37 2574 12455 1303 615 210 26 55 180 135 163
internal_value=-9.84986e-05 1.04298 -0.0458345 2.6271 6.95911 0.823176 0.175611 2.22271 -0.107194 0.3771 3.3842 1.51962 12.7346 0.543968 1.05923 1.76122 1.64146 2.06436 3.61225 0.0944194 -0.0316843 1.7362 2.32759 3.8178 4.56275 1.3537 0.206433 2.12453 14.2522 3.15287 2.63353 0.267176 1.424 -0.142177 1.33089 1.37321 0.793874 1.61472 2.28243 3.91654 0.655829 0.459265 0.403112 2.65137 0.258927 -0.112367 -0.0613289 1.07179 0.44092 2.27135 2.33959 0.0464759 0.200162 0.0541678 0.754228 0.972023 0.857572 3.85162 2.25532 2.36396 2.08518 1.85813
internal_weight=284109 11934 272175 1454 124 10480 59053 1330 213122 16961 378 2999 69 7481 1056 952 910 607 106 42092 67477 501 264 325 153 2457 12616 41 47 172 74 12164 86 145645 2437 2328 303 91 63 129 4797 6425 5152 132 12078 66815 19589 75 212 542 522 29476 12575 19488 3150 1033 825 62 499 444 264 202
internal_count=284109 11934 272175 1454 124 10480 59053 1330 213122 16961 378 2999 69 7481 1056 952 910 607 106 42092 67477 501 264 325 153 2457 12616 41 47 172 74 12164 86 145645 2437 2328 303 91 63 129 4797 6425 5152 132 12078 66815 19589 75 212 542 522 29476 12575 19488 3150 1033 825 62 499 444 264 202
cat_boundaries=0 1 3 4 5
cat_threshold=8 76041184 386 16777216 24
is_linear=0
shrinkage=0.03


Tree=12
num_leaves=63
num_cat=1
split_feature=8 8 8 3 5 12 3 9 3 9 8 8 11 9 10 5 11 3 12 8 10 3 9 9 12 11 3 9 11 8 3 10 11 8 3 11 5 11 9 3 5 9 5 9 3 8 8 11 5 3 8 11 11 11 10 11 5 12 5 4 5 10
split_gain=1.41734e+07 4.23485e+06 3.99034e+06 2.11538e+06 2.10171e+06 1.555e+06 1.00341e+06 796899 760390 457712 361044 329831 329332 389120 289437 274781 271048 262415 195719 177724 192563 221847 175562 167119 152765 146894 183573 144414 141365 138924 170655 121946 129728 121337 121276 195898 88301 155518 250845 145288 119405 156770 121555 88042 84101.9 84057 83710 82540.8 82415.5 79960.3 79858.6 77154.3 76577.4 68879.8 66290 111134 145552 65810.2 65332.7 65251.3 61137.5 61404.8
threshold=245.25000000000003 652.50000000000011 95.538152145889171 4.5000000000000009 1.5000000000000002 124.00000000000003 4.5000000000000009 52.27205882352942 4.5000000000000009 163.37500000000003 412.75000000000006 447.25000000000006 335.42068539401879 893.62500000000011 343.06250000000006 11.500000000000002 271.83706736797149 4.5000000000000009 99.125000000000014 164.25000000000003 374.56250000000006 1.5000000000000002 185.12500000000003 473.87500000000006 67.875 28.990788753098524 3.5000000000000004 31.258333333333336 43.038461538461547 1126.2500000000002 5.5000000000000009 374.56250000000006 36.083333333333343 823.25000000000011 1.5000000000000002 30.050000000000001 8.5000000000000018 524.25000000000011 893.62500000000011 1.5000000000000002 7.5000000000000009 893.62500000000011 6.5000000000000009 893.62500000000011 4.5000000000000009 133.75000000000003 302.75000000000006 524.25000000000011 6.5000000000000009 3.5000000000000004 1126.2500000000002 645.25000000000011 645.25000000000011 29.527777777777782 583.00000000000011 232.97789477648504 8.5000000000000018 171.87500000000006 8.5000000000000018 0 10.500000000000002 583.00000000000011
decision_type=2 2 2 2 2 2 2 2 2 2 2 2 2 2 2 2 2 2 2 2 2 2 2 2 2 2 2 2 2 2 2 2 2 2 2 2 2 2 2 2 2 2 2 2 2 2 2 2 2 2 2 2 2 2 2 2 2 2 2 1 2 2
left_child=2 3 7 11 5 -3 19 27 14 45 22 49 29 52 -6 -13 34 -9 43 20 -4 -22 -5 -20 -15 26 -7 -1 -24 30 -10 59 -33 -32 35 -16 40 38 -38 -40 41 42 -25 -18 -29 -8 -30 -11 -36 54 -44 -42 -14 -12 -2 -56 -57 -37 -26 -19 61 -48
right_child=1 4 6 10 8 25 9 17 12 47 53 15 13 24 16 -17 18 31 23 -21 21 -23 28 36 58 -27 -28 44 46 -31 33 32 -34 -35 48 57 37 -39 39 -41 51 -43 50 -45 -46 -47 60 -49 -50 -51 -52 -53 -54 -55 55 56 -58 -59 -60 -61 -62 -63
leaf_value=-0.15985102407337926 0.38281034566159999 0.16494947000328763 0.071674043495641035 3.5127341415082576 4.2158238248304052 5.8610408852109863 0.25552683966447798 -0.049254253892124143 1.9461324291808904 0.69162873323000251 0.47262750654078234 0.95996662020945056 2.090931032888284 4.1499714568772967 4.2376685380719898 4.5022809845653935 1.0357630971693255 0.14640339679127765 0.18589561715660252 0.22983395468457735 3.7162783973836389 0.13666359025188998 -0.502513769968288 1.3787476765878099 7.6951343540178971 10.397134168109709 9.67689931584699 -0.12303879320410051 1.1644291545092553 1.2304360466036821 2.804830285691795 -0.14347659239671096 2.3101821792522186 5.3742414021275904 1.4552902166407671 2.1034335272879248 6.9726910863850442 1.8540213473591287 1.2270200165301135 4.6828848979999487 2.5526033321037107 4.9605588577533579 4.7843633676330422 2.0520793106355737 -0.049312209742664592 0.44059525787661225 1.5547805559499983 2.4911360370958007 0.066415275456222889 0.67175576186606933 2.211968212731823 0.18420356870885701 3.7157657749526161 2.2694765485595685 -0.093396839221532774 3.8549785281466193 0.76583701951063266 0.54898400189656538 5.4645364851757403 0.033529066619543663 0.60891387794489948 3.2336073183657512
leaf_weight=87831 4749 25 25234 33 42 25 6938 49343 69 3711 20 1036 46 34 22 20 165 7285 24 9193 28 35 38 54 30 31 22 47489 1158 57 34 34 45 33 54 39 22 34 21 23 21 26 22 144 19703 3241 992 23 133 1203 22 30 62 522 37 23 34 66 22 12576 61 20
leaf_count=87831 4749 25 25234 33 42 25 6938 49343 69 3711 20 1036 46 34 22 20 165 7285 24 9193 28 35 38 54 30 31 22 47489 1158 57 34 34 45 33 54 39 22 34 21 23 21 26 22 144 19703 3241 992 23 133 1203 22 30 62 522 37 23 34 66 22 12576 61 20
internal_value=-9.17898e-05 1.03627 -0.0434149 0.815172 2.5485 6.67771 0.203621 -0.0967229 2.23321 0.41868 1.50654 0.538295 3.35659 4.23007 1.78192 1.02748 1.6706 -0.012139 2.04028 0.116867 0.0758134 1.73102 1.34241 2.58769 5.73647 8.76221 7.664 -0.134525 1.31069 2.47683 2.99791 0.0797051 1.25529 4.07653 0.95437 1.66948 2.79714 3.51041 4.35956 3.04009 2.38777 2.89032 2.33655 1.50991 -0.10142 0.314457 1.34159 0.70278 0.46806 0.452837 3.50617 1.16257 3.02631 2.20328 0.398445 1.18704 2.01695 1.12783 6.76378 0.0750226 1.53267 1.58828
internal_weight=284109 11400 272709 9946 1454 103 48403 224306 1351 13913 2844 7102 387 194 964 1056 922 69283 608 34490 25297 63 2302 299 86 78 47 155023 2269 193 136 19940 79 67 314 127 275 100 66 44 175 124 98 309 67192 10179 2231 3734 187 6046 44 51 108 542 4843 94 57 105 52 19861 1073 1012
internal_count=284109 11400 272709 9946 1454 103 48403 224306 1351 13913 2844 7102 387 194 964 1056 922 69283 608 34490 25297 63 2302 299 86 78 47 155023 2269 193 136 19940 79 67 314 127 275 100 66 44 175 124 98 309 67192 10179 2231 3734 187 6046 44 51 108 542 4843 94 57 105 52 19861 1073 1012
cat_boundaries=0 1
cat_threshold=24
is_linear=0
shrinkage=0.03


Tree=13
num_leaves=63
num_cat=5
split_feature=8 8 8 6 5 12 6 6 9 9 8 8 11 9 5 8 11 6 9 11 8 12 12 11 8 8 12 11 11 11 5 11 11 11 11 1 9 1 11 9 12 11 5 5 9 12 11 12 11 6 5 9 11 9 4 9 8 9 5 1 11 1
split_gain=1.33492e+07 4.36729e+06 3.36369e+06 2.12963e+06 1.97803e+06 1.46344e+06 854427 715564 485828 471644 431361 357532 309934 366246 258642 222514 269298 201418 179444 171946 195183 171219 143780 138210 136686 130737 147931 149335 129822 110228 161893 134353 110063 105868 100741 96988.5 86280.7 83046.5 72055 69860.4 68072 64804.3 63799.1 161066 125036 111505 186211 87931.3 71439.6 62004.2 61470.7 58360.3 114674 119770 57618.5 57529.1 78832.5 55371.4 55113.7 88357.8 52627.7 52100.9
threshold=223.75000000000003 652.50000000000011 80.090909090909108 1.0000000180025095e-35 1.5000000000000002 124.00000000000003 1.0000000180025095e-35 1.0000000180025095e-35 41.275000000000013 140.87500000000003 412.75000000000006 447.25000000000006 335.42068539401879 893.62500000000011 11.500000000000002 127.75000000000001 25.041666666666671 1.0000000180025095e-35 181.37500000000003 307.75000000000006 823.25000000000011 124.00000000000003 67.875 28.990788753098524 269.25000000000006 1126.2500000000002 269.87500000000006 88.100000000000009 335.42068539401879 33.472222222222229 7.5000000000000009 18.950000000000006 455.25000000000006 58.118073413353336 23.32692307692308 0 105.87500000000001 1 645.25000000000011 21.519230769230774 -8.2499999999999929 29.527777777777782 8.5000000000000018 7.5000000000000009 893.62500000000011 269.87500000000006 361.92365037654156 269.87500000000006 524.25000000000011 1.0000000180025095e-35 8.5000000000000018 679.87500000000011 145.2599697529171 416.87500000000006 2 188.87500000000003 126.25000000000001 127.62500000000001 3.5000000000000004 3 911.25000000000011 4
decision_type=2 2 2 2 2 2 2 2 2 2 2 2 2 2 2 2 2 2 2 2 2 2 2 2 2 2 2 2 2 2 2 2 2 2 2 1 2 1 2 2 2 2 2 2 2 2 2 2 2 2 2 2 2 2 1 2 2 2 2 1 2 1
left_child=2 3 8 11 5 -3 15 19 39 36 21 37 25 38 58 -4 18 -10 -17 29 -21 24 -15 34 -5 26 27 -9 54 31 -31 -6 35 -26 -7 -11 -8 60 -14 -1 -22 -12 43 44 47 -44 -47 -42 -45 -41 -24 52 -43 -54 -19 -37 -57 -30 -13 -60 -2 -38
right_child=1 4 6 10 7 23 9 12 17 32 41 14 13 22 -16 16 -18 28 -20 20 40 -23 50 -25 33 -27 -28 -29 57 30 -32 -33 -34 -35 -36 55 61 -39 -40 49 42 51 45 48 -46 46 -48 -49 -50 -51 -52 -53 53 -55 -56 56 -58 -59 59 -61 -62 -63
leaf_value=-0.17125536069313249 0.50587601611167055 0.16002068774158734 0.022015626387400268 0.95592206645827404 0.63096528632200344 9.0771880625255061 0.15391278391635194 0.0447603842432465 -0.078301980550532058 0.36491113325938651 0.45851922163322778 -0.35708856720285309 2.0283391628141256 4.0258374092550913 4.3678845767120817 0.84434005393676481 0.15251256881959546 0.082044381228152746 4.5635309467030991 1.3060698400278203 1.6409247900654009 3.5473338648772321 7.4650472480038852 10.086223086498174 -0.13289563248627376 1.193587606249674 4.4976544886311203 2.8987659118147673 0.58027682313493856 1.6736685346058304 0.30684954324548674 2.9792986125301044 2.2316175884874454 1.4104477666290947 6.1895788672049541 0.55898782609591835 0.2221514117892241 0.3126710111015702 3.6044723035747874 -0.14235797287250238 1.4748526327677247 4.0063803396772393 4.1032691547375366 2.0857629135720597 4.5476277674649044 4.0443906953895228 0.41991756746138642 3.4296362504433451 0.033578131032544506 -0.083779494171376034 5.3013421383162962 1.1645807977420528 1.4076773466098227 2.4901450509828562 -0.014484578705738178 2.5204058277953214 0.78459912262512543 2.1985861206945971 1.4839423327379213 0.77088086819612178 1.6737927450277867 0.4114817011515382
leaf_weight=46516 3447 25 27384 1248 34 20 7365 21 59421 1871 20 29 46 34 20 28 17590 8707 20 195 70 28 30 31 41 57 38 77 47 155 157 62 35 1611 27 2312 2920 4086 62 54021 46 33 62 31 33 25 26 38 30 23268 22 45 131 313 15389 24 1075 32 247 760 35 2536
leaf_count=46516 3447 25 27384 1248 34 20 7365 21 59421 1871 20 29 46 34 20 28 17590 8707 20 195 70 28 30 31 41 57 38 77 47 155 157 62 35 1611 27 2312 2920 4086 62 54021 46 33 62 31 33 25 26 38 30 23268 22 45 131 313 15389 24 1075 32 247 760 35 2536
internal_value=-8.73451e-05 0.918879 -0.0461037 0.732104 2.47226 6.47814 0.145578 2.1664 -0.104477 0.31942 1.35969 0.479572 3.25616 4.10353 0.99667 0.0755418 0.158644 -0.0485996 2.40033 1.72861 2.07197 1.2157 5.56498 8.50034 1.19306 2.40271 2.9082 2.28789 0.0244073 1.26031 0.986207 2.14915 0.556972 1.37214 7.43508 0.545833 0.220901 0.407406 2.93568 -0.142206 2.4852 2.13719 2.68764 2.33058 2.982 3.24751 2.20112 2.36222 1.07825 -0.124723 6.56162 2.20141 2.29895 2.17116 0.0204239 0.642105 0.822734 1.23778 0.93117 0.968305 0.516182 0.311322
internal_weight=284109 13548 270561 12094 1454 103 63160 1351 207401 18138 3470 8624 387 194 1056 45022 17638 83596 48 964 556 2928 86 78 2900 193 136 98 24175 408 312 96 5317 1652 47 5282 12821 7568 108 123805 361 542 291 178 117 113 51 84 61 77289 52 522 477 444 24096 3411 1099 79 1036 1007 3482 5456
internal_count=284109 13548 270561 12094 1454 103 63160 1351 207401 18138 3470 8624 387 194 1056 45022 17638 83596 48 964 556 2928 86 78 2900 193 136 98 24175 408 312 96 5317 1652 47 5282 12821 7568 108 123805 361 542 291 178 117 113 51 84 61 77289 52 522 477 444 24096 3411 1099 79 1036 1007 3482 5456
cat_boundaries=0 2 3 4 5 7
cat_threshold=75500520 386 16943200 24 16777216 2215664099 202
is_linear=0
shrinkage=0.03


Tree=14
num_leaves=63
num_cat=6
split_feature=8 8 8 7 7 3 3 8 3 7 8 8 7 8 7 10 3 7 7 7 4 7 8 7 7 10 8 10 3 3 10 10 7 3 3 5 5 5 5 5 1 3 1 7 3 10 3 1 1 8 5 7 7 5 8 8 8 4 10 3 10 10
split_gain=1.25649e+07 3.74757e+06 3.5388e+06 2.4137e+06 5.29612e+06 1.87094e+06 885797 723851 658367 406282 394187 319292 300407 291775 359062 290159 232590 232557 392020 215866 269385 201931 421058 158421 600964 160140 154184 183885 203733 151012 150900 132780 115095 136985 108141 168616 92199.3 134355 84836.1 83594.2 92207.3 182062 82320.6 82182.4 81456.8 76212.8 75156.9 96458 71218 65813.6 76322.1 147222 66451.3 63212.8 60533.9 180876 75194.1 57357.8 56331 55526.2 53627.5 70984.4
threshold=245.25000000000003 652.50000000000011 96.750000000000014 1821.5000000000002 1839.5000000000002 4.5000000000000009 4.5000000000000009 52.634615384615394 4.5000000000000009 1727.5000000000002 162.20000000000002 412.75000000000006 1827.5000000000002 447.25000000000006 1784.5000000000002 343.06250000000006 4.5000000000000009 994.50000000000011 979.50000000000011 979.50000000000011 0 267.50000000000006 1126.2500000000002 941.50000000000011 925.50000000000011 754.56250000000011 164.25000000000003 374.56250000000006 1.5000000000000002 3.5000000000000004 374.56250000000006 32.255434782608702 267.50000000000006 1.0000000180025095e-35 2.5000000000000004 8.5000000000000018 7.5000000000000009 5.5000000000000009 4.5000000000000009 9.5000000000000018 1 5.5000000000000009 2 244.50000000000003 4.5000000000000009 479.62500000000006 3.5000000000000004 3 4 1126.2500000000002 5.5000000000000009 511.50000000000006 574.50000000000011 4.5000000000000009 294.25000000000006 276.75000000000006 256.75000000000006 5 583.00000000000011 1.0000000180025095e-35 112.18750000000001 130.0588235294118
decision_type=2 2 2 2 2 2 2 2 2 2 2 2 2 2 2 2 2 2 2 2 1 2 2 2 2 2 2 2 2 2 2 2 2 2 2 2 2 2 2 2 1 2 1 2 2 2 2 1 1 2 2 2 2 2 2 2 2 1 2 2 2 2
left_child=2 5 7 8 12 13 26 31 15 19 42 38 -5 46 59 -3 -9 18 23 20 21 22 58 24 25 49 27 -4 -29 -14 57 -1 33 -27 -35 -36 37 -22 -7 40 41 -40 -8 -38 -33 -43 47 54 -12 50 51 -17 -52 -13 55 56 -2 -18 -10 -15 -46 -62
right_child=1 3 6 4 -6 11 10 16 9 -11 48 53 29 14 -16 17 30 -19 -20 -21 36 -23 -24 -25 -26 32 -28 28 -30 -31 -32 44 -34 34 35 -37 43 -39 39 -41 -42 45 -44 -45 60 -47 -48 -49 -50 -51 52 -53 -54 -55 -56 -57 -58 -59 -60 -61 61 -63
leaf_value=-0.14975181065404128 1.8175058247723916 4.0397890012111342 0.068884961830257233 8.9510286267310768 -0.54557161871188342 0.69268482244200735 0.20270577192271055 -0.043870746950485429 2.9733438222816742 0.14157618426901147 0.45442432877302336 0.77645913765809238 11.71907455338763 1.3228070967932666 4.6670218410739643 0.92383092496812946 0.14383318157788821 0.41963485103622228 4.5934282857462048 5.5152029811756682 1.1468969816226897 3.1345647927935243 9.0988137293573619 -0.0029168912503334228 5.5521998404617525 4.2168009764334222 0.21692230987410147 3.5935776422711028 0.14077428490535254 15.367850514881646 2.5022075695186463 -0.11526024718090566 1.0816860244060771 1.203354472693893 1.8531143453019212 4.9254925099448048 2.7137599632977309 3.8364635523097719 1.2455588411132477 0.92515066153768288 1.2210180343469614 2.2367679206898154 0.37889504937333213 0.50437752097900168 -0.047715518927747516 4.1667645958288384 0.63919336026741447 0.3313135369472624 0.7456363839483755 0.13168947781447563 1.3671500658223028 4.2219673059336946 0.36637196892339374 2.1543174949294213 0.61144589229525448 3.797861075277452 0.048237316351450843 0.036851810049503574 4.8159326250594745 0.77397965101042765 1.9486814176347627 0.23245831762307292
leaf_weight=89727 38 42 24630 22 55 213 4599 48243 25 38 1261 32 27 208 23 29 7116 152 40 39 30 73 20 55 34 33 9193 28 34 20 23 47890 77 68 49 24 21 38 243 390 1192 244 5191 54 19617 20 1203 4440 2618 57 182 21 89 510 292 23 50 12354 40 825 25 160
leaf_count=89727 38 42 24630 22 55 213 4599 48243 25 38 1261 32 27 208 23 29 7116 152 40 39 30 73 20 55 34 33 9193 28 34 20 23 47890 77 68 49 24 21 38 243 390 1192 244 5191 54 19617 20 1203 4440 2618 57 182 21 89 510 292 23 50 12354 40 825 25 160
internal_value=-7.95581e-05 0.975706 -0.0408705 2.39827 6.4 0.767719 0.19428 -0.0905357 2.02472 3.08404 0.398139 1.41792 11.9292 0.50733 0.967428 1.60383 -0.00853373 1.49097 1.70571 3.41276 3.1386 4.04391 5.29544 1.54421 1.67254 1.46198 0.112044 0.0729962 1.70343 13.3011 0.0789211 -0.12582 2.04949 2.47689 2.06695 2.86861 1.73251 2.65336 1.26357 1.32174 1.41271 1.80342 0.296725 1.12583 -0.0940986 2.38451 0.426954 0.374221 0.654077 1.07141 1.23817 2.31477 1.03875 2.07313 0.81822 1.43475 0.813469 0.0760454 4.11295 0.884609 -0.04292 0.465324
internal_weight=284109 11400 272709 1454 124 9946 47554 225155 1330 378 13669 2844 69 7102 1056 952 67736 910 758 340 301 158 85 718 663 629 33885 24692 62 47 19493 157419 251 174 141 73 143 68 2302 2089 1699 507 9790 75 67692 264 6046 4843 3879 378 321 50 271 542 403 111 88 19470 65 1033 19802 185
internal_count=284109 11400 272709 1454 124 9946 47554 225155 1330 378 13669 2844 69 7102 1056 952 67736 910 758 340 301 158 85 718 663 629 33885 24692 62 47 19493 157419 251 174 141 73 143 68 2302 2089 1699 507 9790 75 67692 264 6046 4843 3879 378 321 50 271 542 403 111 88 19470 65 1033 19802 185
cat_boundaries=0 1 3 5 6 8 9
cat_threshold=8 16777232 520 68164579 226 16777216 75516896 384 24
is_linear=0
shrinkage=0.03


Tree=15
num_leaves=63
num_cat=2
split_feature=8 8 8 7 7 6 6 6 8 7 5 8 8 8 7 10 6 8 11 11 10 7 7 8 11 7 6 7 7 8 7 11 7 5 7 7 7 7 11 7 5 6 5 1 7 7 8 7 5 7 10 8 11 10 8 1 5 11 7 10 5 5
split_gain=1.2531e+07 4.29499e+06 3.31315e+06 2.94253e+06 4.63665e+06 1.75593e+06 799550 628929 594607 564511 530544 422620 350519 307390 397721 210898 182528 170889 160664 154712 146338 125136 203749 124438 121651 107608 102544 97072.3 143763 101529 96978.5 94669.4 366445 731762 316450 253603 141783 87246.4 83001.1 235353 79440 78804.5 78097.8 77405.3 97947.7 110497 71378.3 154258 133330 205715 102643 70638.7 69656.6 69516.7 67477.6 67223.9 65404.3 64014.9 74786.4 62079.7 61904.2 66678.2
threshold=245.25000000000003 652.50000000000011 91.541666666666686 1821.5000000000002 1839.5000000000002 1.0000000180025095e-35 1.0000000180025095e-35 1.0000000180025095e-35 52.634615384615394 1727.5000000000002 11.500000000000002 162.20000000000002 412.75000000000006 412.75000000000006 1778.5000000000002 343.06250000000006 1.0000000180025095e-35 147.25000000000003 31.879688155029726 390.25000000000006 374.56250000000006 260.50000000000006 933.50000000000011 29.014441919191928 35.406897223507151 1759.5000000000002 1.0000000180025095e-35 780.50000000000011 979.50000000000011 1126.2500000000002 1845.5000000000002 271.83706736797149 933.50000000000011 7.5000000000000009 979.50000000000011 987.50000000000011 574.50000000000011 173.50000000000003 25.483655561947973 1667.5000000000002 4.5000000000000009 1.0000000180025095e-35 8.5000000000000018 0 858.50000000000011 1739.5000000000002 1126.2500000000002 1791.5000000000002 6.5000000000000009 866.50000000000011 479.62500000000006 115.57858199028979 524.25000000000011 583.00000000000011 276.75000000000006 1 10.500000000000002 911.25000000000011 290.50000000000006 479.62500000000006 4.5000000000000009 9.5000000000000018
decision_type=2 2 2 2 2 2 2 2 2 2 2 2 2 2 2 2 2 2 2 2 2 2 2 2 2 2 2 2 2 2 2 2 2 2 2 2 2 2 2 2 2 2 2 1 2 2 2 2 2 2 2 2 2 2 2 1 2 2 2 2 2 2
left_child=2 5 8 7 10 13 17 15 20 19 24 51 18 -2 37 -3 -10 59 -7 27 23 -21 -23 -1 -5 26 -22 29 -29 42 -6 46 36 -34 -35 -36 -33 -15 39 -19 -20 -25 -9 44 53 -46 47 48 49 -17 -48 -8 54 -39 -42 -13 -56 58 -55 -4 -14 -62
right_child=1 3 6 4 30 12 11 9 16 -11 -12 55 60 14 -16 31 -18 38 40 21 25 22 -24 41 -26 -27 -28 28 -30 -31 -32 32 33 34 35 -37 -38 43 -40 -41 52 -43 -44 -45 45 -47 50 -49 -50 -51 -52 -53 -54 57 56 -57 -58 -59 -60 -61 61 -63
leaf_value=-0.14862576679123285 0.40358235574695306 3.712702665572376 0.052149510022717761 14.617289839414791 -1.061040581542176 3.8936714775882546 0.18839068684462215 3.4335568188801489 -0.045259400609445999 -0.30342481726575687 7.5817435967744276 0.77396513488413432 0.84759882038475098 1.6649254314649582 4.198820706305102 1.0410025865725032 0.067345321950503648 -0.21361735593492737 0.6187886260681309 6.2925701518078556 -0.24027171539778377 2.9203121201795366 5.73873257791894 -0.11484939614867794 11.453256866129653 2.2233258747856373 1.5735462176714825 0.96194104932520508 4.0131149594591689 5.052507935792101 1.4422097885914338 1.7193380002093737 8.3648957886176074 0.022914384240410073 6.1924478976986412 1.9459262111699469 0.55362398275154101 0.41510327717022416 0.18382146796099669 3.9278381965409466 0.96235728800875286 -0.04786595506959699 1.5354770452187831 0.60024891372212286 2.6026334424938615 0.43858356640584439 2.1249482951025742 3.6913024309561955 0.47840106394200499 4.6346025906241897 -0.14482419172341743 0.33990823567546258 2.0256365819720479 2.2400880046859681 1.3955781585451108 0.50618209461044317 0.58936222528526128 3.0139838936079792 0.020643184889986663 1.3147288022082078 2.2994279570940805 1.326935703809982
leaf_weight=80832 5727 43 24273 32 23 20 5338 93 44833 39 20 1759 35 102 32 45 18221 32 195 24 84 69 35 53891 21 36 42 41 21 28 35 379 21 37 21 32 125 129 12979 20 649 22369 25 975 73 30 24 24 108 21 70 5756 100 25 1229 2067 98 20 30 35 431 75
leaf_count=80832 5727 43 24273 32 23 20 5338 93 44833 39 20 1759 35 102 32 45 18221 32 195 24 84 69 35 53891 21 36 42 41 21 28 35 379 21 37 21 32 125 129 12979 20 649 22369 25 975 73 30 24 24 108 21 70 5756 100 25 1229 2067 98 20 30 35 431 75
internal_value=0.00119813 0.974277 -0.0396115 2.49631 6.78405 0.752092 0.175141 2.0719 -0.0905529 3.11229 11.8095 0.360776 1.38422 0.501453 0.897234 1.66094 -0.0127194 0.100964 1.22193 3.50874 -0.121762 4.33162 3.87345 -0.122691 13.3876 0.779158 0.365079 3.0005 2.00025 3.42359 0.449372 1.56326 1.77459 3.33468 2.15295 3.63706 1.4304 0.820596 0.18862 1.38367 1.19823 -0.0952016 3.03309 0.753292 1.18098 1.97339 1.11771 1.44081 1.12843 2.18975 0.436303 0.267007 1.25262 0.837959 1.2134 0.632659 1.33609 1.56371 1.03177 0.053973 2.07114 2.15558
internal_weight=283998 11431 272567 1456 131 9975 52259 1325 220308 375 73 14920 2832 7143 1416 950 63054 37339 2291 336 157254 128 104 157092 53 162 126 208 62 146 58 907 615 111 90 53 504 1384 13031 52 2271 76260 118 1282 307 103 292 198 174 66 94 11094 2076 204 1976 3826 1327 75 55 24308 541 506
internal_count=283998 11431 272567 1456 131 9975 52259 1325 220308 375 73 14920 2832 7143 1416 950 63054 37339 2291 336 157254 128 104 157092 53 162 126 208 62 146 58 907 615 111 90 53 504 1384 13031 52 2271 76260 118 1282 307 103 292 198 174 66 94 11094 2076 204 1976 3826 1327 75 55 24308 541 506
cat_boundaries=0 1 3
cat_threshold=16777216 2298807318 520
is_linear=0
shrinkage=0.03


Tree=16
num_leaves=63
num_cat=1
split_feature=8 8 8 5 3 12 3 3 10 8 8 8 3 11 11 3 8 11 11 11 4 11 11 11 12 10 5 8 5 3 12 11 5 3 8 5 8 12 5 5 8 12 12 11 3 8 3 8 8 3 5 10 5 5 5 12 3 10 12 11 11 8
split_gain=1.17915e+07 4.042e+06 3.11753e+06 2.25135e+06 1.65209e+06 893917 752450 680477 562905 397870 329813 289416 261423 233960 209532 193316 160792 151235 128619 121900 119662 177381 110904 195950 108060 171215 252752 106219 102046 112878 154352 90877.1 115125 122069 130925 89046.4 87753.9 80923.9 265571 74744.3 74130 69339.5 68832.3 84497.8 89059.5 87819.4 66758.8 66464 63870.7 61276.8 59455.3 58421.5 58418.9 58240.5 62732.1 57857.5 319073 56944.8 195408 56379.6 55829.6 53658.2
threshold=245.25000000000003 652.50000000000011 91.541666666666686 1.5000000000000002 4.5000000000000009 -20.499999999999993 4.5000000000000009 4.5000000000000009 49.904166666666676 162.20000000000002 412.75000000000006 412.75000000000006 1.0000000180025095e-35 390.25000000000006 35.406897223507151 4.5000000000000009 147.25000000000003 31.879688155029726 344.75000000000006 35.406897223507151 0 27.062500000000004 18.950000000000006 22.957262632462104 -23.999999999999986 754.56250000000011 7.5000000000000009 32.041666666666671 5.5000000000000009 5.5000000000000009 171.87500000000006 91.575577706141502 4.5000000000000009 2.5000000000000004 552.75000000000011 9.5000000000000018 823.25000000000011 -122.49999999999999 8.5000000000000018 4.5000000000000009 823.25000000000011 -65.874999999999986 -260.62499999999994 524.25000000000011 5.5000000000000009 355.75000000000006 3.5000000000000004 115.57858199028979 276.75000000000006 3.5000000000000004 10.500000000000002 479.62500000000006 8.5000000000000018 4.5000000000000009 9.5000000000000018 -260.62499999999994 1.0000000180025095e-35 419.18750000000006 269.87500000000006 16.050000000000001 30.050000000000001 66.659090909090921
decision_type=2 2 2 2 2 2 2 2 2 2 2 2 2 2 2 2 2 2 2 2 1 2 2 2 2 2 2 2 2 2 2 2 2 2 2 2 2 2 2 2 2 2 2 2 2 2 2 2 2 2 2 2 2 2 2 2 2 2 2 2 2 2
left_child=2 4 8 5 11 -3 16 12 27 47 17 49 14 20 -5 55 51 -6 59 -7 28 -22 -14 -24 -25 26 57 -1 -9 52 -31 32 -13 34 -34 -28 -16 38 -18 -19 -15 -20 -41 48 -45 -46 -39 -8 -44 60 -50 -4 -30 -12 -55 56 -10 58 -26 -17 -2 -61
right_child=1 3 6 7 10 19 9 13 15 -11 53 31 22 40 36 18 37 39 41 -21 21 -23 23 24 25 -27 35 -29 29 30 -32 -33 33 -35 -36 -37 -38 46 -40 42 -42 -43 43 44 45 -47 -48 -49 50 -51 -52 -53 -54 54 -56 -57 -58 -59 -60 61 -62 -63
leaf_value=-0.14136599640516809 1.6302070871777707 1.9373149617965535 0.050585030586374216 5.5719747321285418 3.7774424885991791 7.3979285361967886 0.18273907216072824 1.4645227373267802 3.8613798944982469 0.61378036528305624 0.82224329121092443 0.3263155482134481 -0.30947900789920407 3.2064379278505983 1.3397635660586902 1.1907447137064335 -0.13833503535829142 0.60023448419942882 2.6069893635951629 10.051846294155368 3.4388533527334939 0.6728160500622955 4.2775109274678638 0.69623636524121346 0.84151058521983446 2.2837686698082145 -0.47480645038784658 -0.088888688874960708 3.516246560089423 3.307215517823348 6.1868118026961509 0.79890019262746814 4.7024817926034155 0.76091937957709355 1.5875113975227653 1.1764488456461277 2.8136549283297754 0.14230263823718262 3.0886080605039306 -0.34826742271028188 4.7372479386579256 0.67514830640785928 0.94684610985437279 1.1856331362020944 4.4842161871019695 1.8426959070123998 0.31262211106679183 0.32971116581391818 1.3686773725385628 0.58725973602549197 0.59234531462998852 1.2753993377930077 1.6241864031083355 2.2304611093249682 1.2871806316401131 -0.052211755300536997 -0.1486503578743284 1.522077833863813 4.3865147027935416 0.0063792668684393298 0.33373674978798934 0.10286552336590556
leaf_weight=91714 30 28 24273 20 20 58 5338 21 22 3826 35 38 32 45 55 39 63 195 24 23 29 74 22 152 28 208 81 55857 39 39 30 1301 26 28 23 46 109 10342 36 25 83 55 643 46 21 25 2590 5756 1220 1150 96 35 24 431 75 51601 93 182 28 11347 4547 9556
leaf_count=91714 30 28 24273 20 20 58 5338 21 22 3826 35 38 32 45 55 39 63 195 24 23 29 74 22 152 28 208 81 55857 39 39 30 1301 26 28 23 46 109 10342 36 25 83 55 643 46 21 25 2590 5756 1220 1150 96 35 24 431 75 51601 93 182 28 11347 4547 9556
internal_value=0.00116565 0.945099 -0.0384216 2.42162 0.729556 6.56702 0.169895 2.08571 -0.0878362 0.349979 1.34271 0.486442 1.6596 3.15358 2.67677 -0.0195321 0.0979357 1.18528 0.0571796 8.16301 2.62791 1.32563 1.41903 1.49311 1.40804 1.5967 1.20463 -0.121503 3.20709 3.72576 4.5664 0.870477 1.6788 2.34493 3.24663 0.123717 2.3205 0.182963 1.037 1.16229 4.20202 1.26463 1.21505 1.23412 2.12304 3.05578 0.176416 0.258996 1.19227 0.391475 1.3121 0.0523539 2.79923 2.00903 2.09093 -0.0507132 0.621148 1.78112 2.61873 0.0526186 0.342271 0.0504893
internal_weight=283998 11431 272567 1456 9975 109 52259 1347 220308 14920 2832 7143 963 384 184 72737 37339 2291 21021 81 256 103 779 747 725 573 365 147571 153 132 69 1416 115 77 49 127 164 13031 99 2271 128 79 2076 2051 92 46 12932 11094 1959 5727 1316 24308 63 541 506 51716 115 238 56 20942 4577 20903
internal_count=283998 11431 272567 1456 9975 109 52259 1347 220308 14920 2832 7143 963 384 184 72737 37339 2291 21021 81 256 103 779 747 725 573 365 147571 153 132 69 1416 115 77 49 127 164 13031 99 2271 128 79 2076 2051 92 46 12932 11094 1959 5727 1316 24308 63 541 506 51716 115 238 56 20942 4577 20903
cat_boundaries=0 1
cat_threshold=10
is_linear=0
shrinkage=0.03


Tree=17
num_leaves=63
num_cat=0
split_feature=8 8 9 5 3 12 3 8 3 8 9 8 3 9 11 3 11 10 11 12 9 8 5 5 11 11 8 9 8 3 11 10 10 12 3 11 3 11 5 5 8 8 8 9 3 3 10 12 5 10 11 3 11 3 11 5 5 3 5 8 10 11
split_gain=1.10953e+07 3.80377e+06 2.99695e+06 2.1187e+06 1.55451e+06 841208 701107 681263 640389 310325 295395 272330 246014 242348 221845 197302 197243 196824 158849 225472 155790 124723 122601 119046 118129 114781 114170 111881 111145 108185 104686 98912.1 97532.7 96973.9 138875 114279 164740 95847 91781.6 172395 82567.7 79878.9 79472.2 77114.2 73245.8 72783.6 116825 199750 89980.8 70946 67450.7 64925.8 64751 57655.3 56031.8 54793.7 59019.6 52618.4 145421 56921.2 52645.7 52543.6
threshold=245.25000000000003 652.50000000000011 101.30500000000002 1.5000000000000002 4.5000000000000009 -20.499999999999993 4.5000000000000009 52.634615384615394 4.5000000000000009 412.75000000000006 178.12500000000003 412.75000000000006 1.0000000180025095e-35 297.62500000000006 262.25000000000006 4.5000000000000009 35.406897223507151 374.56250000000006 18.950000000000006 -82.499999999999972 185.12500000000003 1126.2500000000002 11.500000000000002 11.500000000000002 62.111111111111121 35.406897223507151 164.25000000000003 893.62500000000011 29.014441919191928 5.5000000000000009 42.498458662903893 343.06250000000006 583.00000000000011 9.2500000000000036 1.5000000000000002 307.75000000000006 1.5000000000000002 524.25000000000011 8.5000000000000018 7.5000000000000009 823.25000000000011 311.75000000000006 138.17639259055554 547.12500000000011 4.5000000000000009 2.5000000000000004 754.56250000000011 124.00000000000003 7.5000000000000009 112.18750000000001 524.25000000000011 5.5000000000000009 187.75000000000003 3.5000000000000004 271.83706736797149 4.5000000000000009 9.5000000000000018 5.5000000000000009 5.5000000000000009 552.75000000000011 479.62500000000006 30.050000000000001
decision_type=2 2 2 2 2 2 2 2 2 2 2 2 2 2 2 2 2 2 2 2 2 2 2 2 2 2 2 2 2 2 2 2 2 2 2 2 2 2 2 2 2 2 2 2 2 2 2 2 2 2 2 2 2 2 2 2 2 2 2 2 2 2
left_child=2 4 7 5 11 -3 18 28 12 20 42 53 16 -13 17 -9 -5 -10 19 -4 -6 43 -15 24 -19 -7 -20 31 -1 -23 -22 -14 -26 34 -29 -35 -37 -12 39 -38 -18 50 -8 -16 -30 46 48 -48 52 -46 -32 -45 -33 61 -36 -11 57 60 -59 -60 -57 -2
right_child=1 3 6 8 9 25 10 15 14 55 37 13 27 22 21 -17 40 23 26 -21 30 29 -24 -25 32 -27 -28 33 44 -31 41 45 -34 35 54 36 38 -39 -40 -41 -42 -43 -44 51 49 -47 47 -49 -50 -51 -52 -53 -54 -55 -56 56 -58 58 59 -61 -62 -63
leaf_value=-0.14026388334567441 1.5814633268692166 1.8794023348173636 4.2453753448600198 5.4056472072316639 3.0788798065391192 7.1763726612294603 0.23624328559323632 -0.035911354914133331 4.1453810383449081 0.79764623450417793 0.63541832738075166 3.6030633124422771 2.7271552704427844 0.7464277700234393 1.4486563084588795 0.073718041913790139 1.2996436206723299 -0.62852350577765081 0.07464884950132078 -0.25241565814654432 -0.64058128407627246 5.8887437834977403 2.6827438801863659 3.5352352959362427 2.8427450678281696 9.751596181299778 0.20044960597445066 3.4295940230017026 -0.10870659780581449 3.5215752110037837 0.9602653973911871 2.9000655635560695 0.34191391812852645 0.99161079202209623 -0.44754067340116388 0.65630058715946937 4.4758458086732142 2.5360371103722028 4.5517724262052175 0.90972129383306388 2.7293226632538681 1.3544932305653996 0.41425298736815463 2.8238373958908562 -0.046100934523513049 0.61613438803737031 0.49233455698025175 4.1129501168081681 0.16777159071249703 1.3652823588224214 2.5973886395739267 4.0676591840575016 1.1610140439366712 0.56964347708895491 1.1785119428765423 1.4077814992890072 1.2486166379677155 4.7446178178044098 1.932942750917761 3.1246986465394619 2.3706102360710584 0.32372486676021045
leaf_weight=80803 30 28 20 20 37 58 6111 51240 32 35 2777 28 32 1358 21 20761 55 28 21877 20 30 34 30 20 32 23 9233 21 53790 37 1274 24 25 40 26 24 23 24 39 26 109 927 3580 84 22299 227 24 32 72 32 23 71 98 1150 71 120 75 23 150 48 90 4547
leaf_count=80803 30 28 20 20 37 58 6111 51240 32 35 2777 28 32 1358 21 20761 55 28 21877 20 30 34 30 20 32 23 9233 21 53790 37 1274 24 25 40 26 24 23 24 39 26 109 927 3580 84 22299 227 24 32 72 32 23 71 98 1150 71 120 75 23 150 48 90 4547
internal_value=0.00113191 0.916773 -0.0372688 2.34912 0.707678 6.37054 0.190565 -0.0807029 2.02325 1.30245 0.380442 0.471853 1.60989 0.84438 3.0592 -0.00430036 2.59663 2.08828 0.114418 2.00138 1.14974 3.59664 0.788471 1.45798 0.965601 7.91877 0.111985 1.37651 -0.115758 4.66188 1.11794 1.11424 1.74846 1.87035 1.22333 2.37148 2.86294 0.651795 3.46329 2.58938 2.25096 1.14169 0.302007 3.1645 -0.0897455 1.00548 1.3586 2.56495 1.00922 -0.0440722 0.989497 3.39586 1.50524 0.379732 0.74262 1.94878 2.02823 2.16356 2.48774 2.2233 1.82137 0.332004
internal_weight=283998 11431 272567 1456 9975 109 43642 228925 1347 2832 12492 7143 963 1416 384 72001 184 137 31150 40 2291 247 1388 105 85 81 31110 779 156924 71 2254 509 57 270 118 152 112 2801 88 49 164 2224 9691 176 76121 477 250 56 194 22331 1297 155 122 5727 97 541 506 431 221 198 210 4577
internal_count=283998 11431 272567 1456 9975 109 43642 228925 1347 2832 12492 7143 963 1416 384 72001 184 137 31150 40 2291 247 1388 105 85 81 31110 779 156924 71 2254 509 57 270 118 152 112 2801 88 49 164 2224 9691 176 76121 477 250 56 194 22331 1297 155 122 5727 97 541 506 431 221 198 210 4577
is_linear=0
shrinkage=0.03


Tree=18
num_leaves=63
num_cat=2
split_feature=8 8 9 7 7 3 3 8 3 7 9 8 7 7 3 7 3 7 8 3 12 9 11 7 11 8 11 7 7 12 10 9 11 11 11 8 7 11 11 12 7 7 8 9 7 11 8 11 12 11 12 3 3 11 7 4 11 1 6 10 3 3
split_gain=1.04402e+07 3.57971e+06 2.82176e+06 2.50127e+06 4.25465e+06 1.46271e+06 673785 552659 519921 508109 326719 292043 284030 247890 302357 213226 207512 199001 187037 174986 171587 146620 143365 301567 132952 132196 130423 125339 611532 217817 118141 117085 98687.4 98507.2 97251.6 84121.1 83943.2 136773 306615 95015 83443.1 214555 82006.5 77024.2 93022.5 94693.2 75156.2 73432.6 117326 70705.9 70012.7 66351.1 73547.3 79125 65838.3 64117.9 63491 62393.1 60854.6 60656.9 60222.8 63901.9
threshold=245.25000000000003 652.50000000000011 94.310185185185205 1821.5000000000002 1839.5000000000002 4.5000000000000009 4.5000000000000009 48.111111111111121 4.5000000000000009 1727.5000000000002 163.37500000000003 412.75000000000006 1778.5000000000002 1815.5000000000002 2.5000000000000004 1827.5000000000002 1.0000000180025095e-35 1002.5000000000001 489.25000000000006 4.5000000000000009 -260.62499999999994 185.12500000000003 18.950000000000006 1739.5000000000002 31.879688155029726 160.25000000000003 390.25000000000006 994.50000000000011 979.50000000000011 5.7500000000000018 343.06250000000006 893.62500000000011 645.25000000000011 42.498458662903893 271.83706736797149 207.25000000000003 780.50000000000011 208.25000000000003 62.111111111111121 269.87500000000006 941.50000000000011 925.50000000000011 25.50408118004513 893.62500000000011 866.50000000000011 187.75000000000003 311.75000000000006 361.92365037654156 124.00000000000003 344.75000000000006 -0.75000000000001055 3.5000000000000004 1.0000000180025095e-35 30.050000000000001 574.50000000000011 0 524.25000000000011 1 1.0000000180025095e-35 112.18750000000001 3.5000000000000004 1.5000000000000002
decision_type=2 2 2 2 2 2 2 2 2 2 2 2 2 2 2 2 2 2 2 2 2 2 2 2 2 2 2 2 2 2 2 2 2 2 2 2 2 2 2 2 2 2 2 2 2 2 2 2 2 2 2 2 2 2 2 1 2 1 2 2 2 2
left_child=2 5 7 8 15 12 22 42 16 26 35 21 18 14 -14 -5 17 34 51 -9 -6 -7 23 -4 -17 -24 36 28 30 -29 -18 -28 57 -23 -3 -8 39 38 -38 49 41 43 -1 44 54 -46 56 48 -36 -10 -45 52 -2 -54 -32 -21 -35 -12 -44 -60 61 -20
right_child=1 3 6 4 20 11 10 19 9 -11 32 -13 13 -15 -16 24 27 -19 60 55 -22 33 25 -25 -26 -27 31 29 -30 -31 40 -33 -34 46 47 -37 37 -39 -40 -41 -42 -43 58 50 45 -47 -48 -49 -50 -51 -52 -53 53 -55 -56 -57 -58 -59 59 -61 -62 -63
leaf_value=-0.14091492580264592 0.53195736385083936 0.79209828328016096 -0.51575002162498806 8.6471722754007541 1.9091441387443964 2.9867623850855862 0.2513378884978173 -0.045816712496569406 3.1284726496649866 -0.40683551876136403 0.7086881661600114 1.8904070332610019 5.6893281532213686 0.31510404351907917 0.95005964513278107 13.550626859369965 3.1205144846808048 5.2480798470796044 1.0943798309634289 0.12107562588278019 -1.3564504075127015 -0.6214276935412637 0.060085125205207875 4.5124046909631188 10.185995048409076 0.18885806365375529 3.2775043278983391 3.309045111812762 5.4418929113578214 -0.092050932399880311 0.92458822621498926 5.181014527095372 2.6777960839912072 0.93145969352154023 2.0217198141783581 1.8140223959097908 0.21591460657345737 -0.2284475503039004 5.3375913722029225 4.5561710287653057 -0.08035275731541365 3.5678299807942855 -0.11265407240723976 1.0320246728938913 3.2469409164731351 0.65574623632480478 1.3138628122223361 1.8489020830314065 4.8900415995111111 1.3378584489329108 2.2854535952470396 0.57854130296655126 1.8565540171857406 0.25857494042794194 -0.083387546832552673 0.015468209572404528 2.5198043035531974 0.45114534905732967 -0.056912570610212682 1.1570893064615217 1.4504851640388112 0.44191819555676959
leaf_weight=66001 1301 40 23 24 27 37 10303 55407 87 39 1703 541 27 37 22 29 29 20 265 8066 31 30 25300 20 20 10015 82 20 33 108 208 46 20 1274 28 31 21 20 21 33 45 34 55787 82 27 24 927 68 24 26 79 1287 28 3755 81 14429 23 2095 23330 37 145 276
leaf_count=66001 1301 40 23 24 27 37 10303 55407 87 39 1703 541 27 37 22 29 29 20 265 8066 31 30 25300 20 20 10015 82 20 33 108 208 46 20 1274 28 31 21 20 21 33 45 34 55787 82 27 24 927 68 24 26 79 1287 28 3755 81 14429 23 2095 23330 37 145 276
internal_value=0.0010993 0.8893 -0.0361507 2.27882 6.23201 0.686458 0.168732 -0.0816268 1.88753 2.83348 0.343664 1.2634 0.457702 2.17042 3.56782 11.046 1.51387 2.43105 0.436799 -0.0171677 0.164358 1.11526 0.0987152 1.8279 12.2009 0.0966044 3.2096 1.29918 1.47008 0.441515 1.25399 3.96511 0.58081 1.08441 2.07584 0.256043 2.74298 1.813 2.78342 3.13637 1.16014 1.26448 -0.116221 1.10748 0.851052 2.03128 1.10745 2.50272 3.35246 2.71805 1.64812 0.386107 0.337381 0.270452 0.642134 0.0533969 0.959821 0.569696 -0.0956298 -0.0549852 0.907455 0.761665
internal_weight=283998 11431 272567 1456 131 9975 49510 223057 1325 375 14152 2832 7143 86 49 73 950 180 7057 77902 58 2291 35358 43 49 35315 336 770 642 128 609 128 3818 2254 160 10334 208 62 42 146 580 535 145155 501 340 51 2224 120 52 113 161 6371 5084 3783 289 22495 1297 3798 79154 23367 686 541
internal_count=283998 11431 272567 1456 131 9975 49510 223057 1325 375 14152 2832 7143 86 49 73 950 180 7057 77902 58 2291 35358 43 49 35315 336 770 642 128 609 128 3818 2254 160 10334 208 62 42 146 580 535 145155 501 340 51 2224 120 52 113 161 6371 5084 3783 289 22495 1297 3798 79154 23367 686 541
cat_boundaries=0 1 3
cat_threshold=24 2164589590 520
is_linear=0
shrinkage=0.03


Tree=19
num_leaves=63
num_cat=1
split_feature=8 8 9 7 7 6 6 8 6 7 5 8 7 9 12 5 8 6 12 11 11 7 11 11 8 7 7 7 7 12 11 7 7 5 7 12 11 7 8 7 9 11 7 7 8 12 9 11 8 6 5 8 8 8 12 9 5 5 11 9 5 1
split_gain=9.82385e+06 3.36896e+06 2.65997e+06 2.35413e+06 4.00419e+06 1.37628e+06 621708 607370 489238 478144 427212 274784 267321 263483 246833 317952 175991 167745 161481 144435 140989 281139 122713 121957 113898 111160 182763 110592 250962 275467 250876 254705 222557 343202 640307 218004 175767 175293 100961 96636.8 120070 85330.4 78972.7 132949 89447 77882.1 76126.3 86771.6 73210.3 72241.1 69732.2 68725 65329.3 65122 61052.7 56574.4 51567.5 55553.7 52368.7 53284 49155.2 48664.4
threshold=245.25000000000003 652.50000000000011 101.30500000000002 1821.5000000000002 1839.5000000000002 1.0000000180025095e-35 1.0000000180025095e-35 55.750000000000007 1.0000000180025095e-35 1727.5000000000002 11.500000000000002 412.75000000000006 1778.5000000000002 178.12500000000003 -2.5000000000000049 10.500000000000002 489.25000000000006 1.0000000180025095e-35 -260.62499999999994 31.879688155029726 18.950000000000006 1733.5000000000002 390.25000000000006 35.406897223507151 29.527777777777782 260.50000000000006 933.50000000000011 866.50000000000011 1727.5000000000002 -50.499999999999986 38.53000575765099 994.50000000000011 979.50000000000011 7.5000000000000009 933.50000000000011 53.249999999999979 455.25000000000006 574.50000000000011 164.25000000000003 559.50000000000011 893.62500000000011 524.25000000000011 780.50000000000011 979.50000000000011 1126.2500000000002 32.500000000000028 547.12500000000011 524.25000000000011 133.75000000000003 1.0000000180025095e-35 8.5000000000000018 276.75000000000006 320.75000000000006 330.75000000000006 269.87500000000006 311.37500000000006 4.5000000000000009 9.5000000000000018 149.25000000000003 416.87500000000006 10.500000000000002 0
decision_type=2 2 2 2 2 2 2 2 2 2 2 2 2 2 2 2 2 2 2 2 2 2 2 2 2 2 2 2 2 2 2 2 2 2 2 2 2 2 2 2 2 2 2 2 2 2 2 2 2 2 2 2 2 2 2 2 2 2 2 2 2 1
left_child=2 5 7 8 10 12 20 24 27 22 23 19 16 48 15 -14 53 -9 -6 -7 21 -4 42 -5 -1 -24 -27 37 29 -29 -31 32 33 34 36 -30 54 39 -22 40 -3 -15 44 -44 50 -42 47 51 -8 -26 -10 -21 -49 -2 -32 -18 -13 58 -58 -60 -53 -50
right_child=1 3 6 4 18 11 13 17 9 -11 -12 56 14 41 -16 -17 55 -19 -20 46 38 -23 25 -25 49 26 -28 28 35 30 31 -33 -34 -35 -36 -37 -38 -39 -40 -41 45 -43 43 -45 -46 -47 -48 52 61 -51 -52 60 -54 -55 -56 -57 57 -59 59 -61 -62 -63
leaf_value=-0.13149507487290452 0.30049075512676843 0.92218870873340408 -0.62953549769387307 13.349889543479845 1.8520811194247424 3.6148604839951246 0.21299578268912142 -0.029022604104647555 3.0545464667895552 -0.39466167586538792 6.9207572003264914 0.71723440159080365 0.3976558381393242 0.59920580974591786 -0.47629732028824656 4.8079677314457925 2.4107084867287583 0.077422217986040112 -1.3158877422418624 0.80501922134332937 0.070470701035284675 4.3915039402691285 5.6930381629279037 10.222432099111836 -0.09970652957120224 2.5131239125697555 5.1810065280881687 -0.49011871333491758 3.4673923455423381 5.9170327661998225 4.4289343545561151 -0.018049189749080968 4.7609789275669989 -0.038536119391448305 7.8613129128551016 0.00086450354513700463 0.42604829107955544 0.18896015159494176 0.18877050245616611 3.182933076743129 1.383321417879092 2.3925269752913985 0.76088807976158868 3.6943147732522248 4.5705037246649791 2.6049667602364242 -0.36999595624802689 3.1886340722325008 0.55620524115753356 -0.037479004211895935 1.2624881954117124 1.2113489245674733 1.4519484372292797 0.49881955407520867 2.0954373059343934 0.83155486441060678 3.29945122718811 1.1545713363982708 1.3467895741995299 2.1510729293241502 0.5074290747988609 0.3150125736113204
leaf_weight=82851 3993 243 20 32 27 20 5545 46306 93 39 20 35 24 2777 24 38 21 18707 31 731 21877 20 24 21 57313 69 35 27 20 20 21 33 42 41 21 87 36 120 9233 28 106 24 41 21 28 85 33 28 1075 23748 25 1318 65 2378 20 665 28 75 99 304 96 3071
leaf_count=82851 3993 243 20 32 27 20 5545 46306 93 39 20 35 24 2777 24 38 21 18707 31 731 21877 20 24 21 57313 69 35 27 20 20 21 33 42 41 21 87 36 120 9233 28 106 24 41 21 28 85 33 28 1075 23748 25 1318 65 2378 20 665 28 75 99 304 96 3071
internal_value=0.00106904 0.862652 -0.0350646 2.21065 6.04581 0.665871 0.179579 -0.075984 1.83105 2.74865 10.716 1.22551 0.443976 0.358381 2.10556 3.10419 0.423697 0.00160612 0.159454 1.08181 0.107873 1.8856 3.11352 12.1323 -0.106759 3.84636 3.41511 1.46858 1.87588 2.37738 2.70833 2.40581 2.84752 2.26632 3.22968 0.651474 1.95791 1.21076 0.105581 1.47606 1.36522 0.614658 2.6609 1.75887 3.04246 1.92808 1.05934 1.08044 0.284303 -0.0814762 2.67629 1.04144 1.97772 0.374525 3.29858 0.880245 1.83371 1.91077 2.04205 1.95389 1.1636 0.379664
internal_weight=283998 11431 272567 1456 131 9975 43642 228925 1325 375 73 2832 7143 12492 86 62 7057 65013 58 2291 31150 40 336 53 163912 128 104 950 368 261 234 214 181 139 98 107 77 582 31110 462 434 2801 208 62 146 191 2271 2238 9691 81061 118 2145 93 6371 41 686 541 506 431 403 1414 4146
internal_count=283998 11431 272567 1456 131 9975 43642 228925 1325 375 73 2832 7143 12492 86 62 7057 65013 58 2291 31150 40 336 53 163912 128 104 950 368 261 234 214 181 139 98 107 77 582 31110 462 434 2801 208 62 146 191 2271 2238 9691 81061 118 2145 93 6371 41 686 541 506 431 403 1414 4146
cat_boundaries=0 2
cat_threshold=151266330 512
is_linear=0
shrinkage=0.03


Tree=20
num_leaves=63
num_cat=4
split_feature=9 8 7 7 8 3 11 11 5 3 8 3 11 8 11 8 9 11 12 12 8 7 5 7 12 7 11 12 11 9 9 1 2 12 5 3 7 7 11 7 7 11 7 1 8 9 8 7 1 3 9 12 5 11 11 12 11 7 11 7 8 11
split_gain=8.84413e+06 3.19744e+06 2.81295e+06 3.37216e+06 2.27232e+06 1.44287e+06 1.02963e+06 665208 1.08568e+06 598283 406851 391145 368150 353549 305547 266844 258164 207608 203135 203041 171166 162893 622082 345805 178478 153321 139227 186226 134627 125885 121748 140422 155634 439308 119576 115595 109998 89742.6 88924.6 109411 88755.1 88041.8 152402 82560.1 77909.7 82922.7 76198.7 80685.6 75135.6 74141.9 77822 67441.7 64316.8 62213.1 59692.6 66852 59064.1 58711 56975 99840.6 56291.2 55466
threshold=223.62500000000003 823.25000000000011 1821.5000000000002 1839.5000000000002 75.417648935280098 4.5000000000000009 271.83706736797149 23.32692307692308 10.500000000000002 4.5000000000000009 145.75000000000003 4.5000000000000009 31.879688155029726 355.75000000000006 28.250000000000004 355.75000000000006 36.261363636363647 43.038461538461547 -260.62499999999994 -260.62499999999994 117.55000000000003 933.50000000000011 7.5000000000000009 979.50000000000011 269.87500000000006 228.50000000000003 455.25000000000006 124.00000000000003 79.250000000000014 893.62500000000011 547.12500000000011 0 1 -122.49999999999999 7.5000000000000009 4.5000000000000009 1772.5000000000002 252.50000000000003 127.2 567.50000000000011 267.50000000000006 390.25000000000006 933.50000000000011 2 489.25000000000006 325.87500000000006 447.25000000000006 1681.5000000000002 3 3.5000000000000004 82.317307692307708 -260.62499999999994 2.5000000000000004 47.981656459218108 53.583333333333343 -2.5000000000000049 104.56402355194741 567.50000000000011 211.34570069662362 858.50000000000011 276.75000000000006 645.25000000000011
decision_type=2 2 2 2 2 2 2 2 2 2 2 2 2 2 2 2 2 2 2 2 2 2 2 2 2 2 2 2 2 2 2 1 1 2 2 2 2 2 2 2 2 2 2 1 2 2 2 2 1 2 2 2 2 2 2 2 2 2 2 2 2 2
left_child=4 5 6 12 16 7 17 8 19 20 48 21 -4 30 -12 61 -1 -3 -5 -2 -6 26 -23 -24 -25 29 27 -8 -19 -13 31 32 33 -7 38 -18 46 -29 -30 -40 -39 -27 57 -16 53 -46 47 56 -11 50 -22 -48 -34 -17 55 -47 -15 -43 59 -56 -33 -9
right_child=1 2 3 18 9 13 11 15 -10 10 14 25 -14 36 43 44 35 28 -20 -21 49 22 23 24 -26 41 -28 37 34 -31 -32 60 52 -35 -36 -37 -38 40 39 -41 -42 42 -44 -45 45 54 51 -49 -50 -51 -52 -53 -54 -55 58 -57 -58 -59 -60 -61 -62 -63
leaf_value=-0.12125934915256335 -0.51541304565268331 -0.33820826658526487 12.739965184343994 2.6957489868814908 0.0051787288781356706 6.1047778456551676 1.3065102663604298 0.2700009579781914 8.9797393126284337 0.088962964918318871 4.1777798017814973 3.372109586153782 8.2513920089878976 -0.096563580556847578 0.58421273263164208 -0.56343371178693824 -0.074231080340408762 3.3026751064944575 -1.2629264770157036 3.1053753042418926 1.8295713132387632 7.5362910823908313 -0.3499929669028834 5.6952991064270924 2.0051429840953077 1.9707402793724935 0.46844070728671 2.1289442607435412 0.065720862910758307 6.2732893813659087 -0.21157055861766969 0.70127060823196852 -0.55535214064032201 1.7129883091978118 -0.07649882833337994 -0.00046494530033399316 -0.38863143206592571 5.1168982696533192 1.2017417638861481 4.0084594198651784 2.5677622768196326 3.6083797010379048 5.2035366803530021 0.32767010317171719 2.4842780951468266 0.96178742047013899 0.45520374756266629 3.1916062691539384 0.22489607457124941 0.22907880926028185 0.087117269139110581 1.9722407062562965 1.0655193195065422 0.54285377669396817 0.81841144747912564 -1.1128775106157573 1.3708905656111856 1.3020196564517803 0.78181063039870624 2.9193021465907587 1.0197081506022023 1.0596575949709455
leaf_weight=106814 33 160 41 21 28636 23 140 6311 21 6118 20 24 29 26 2657 47 66104 23 26 24 23 22 36 20 29 40 66 54 22 32 82 1141 24 184 68 26899 25 26 31 21 24 20 34 2160 27 26 28 21 9274 4269 17240 476 261 1619 56 30 482 20 829 32 891 81
leaf_count=106814 33 160 41 21 28636 23 140 6311 21 6118 20 24 29 26 2657 47 66104 23 26 24 23 22 36 20 29 40 66 54 22 32 82 1141 24 184 68 26899 25 26 31 21 24 20 34 2160 27 26 28 21 9274 4269 17240 476 261 1619 56 30 482 20 829 32 891 81
internal_value=6.73641e-05 0.740037 2.34885 6.72629 -0.037803 0.610686 1.78659 0.408966 3.16584 0.108766 0.246494 2.53654 10.8949 1.11364 0.486492 0.385192 -0.0894403 0.431692 0.507748 1.01185 0.0532299 2.04118 3.05084 1.88238 3.51992 3.74969 1.6918 2.02237 1.17803 5.03821 0.925798 0.962757 1.43638 2.10219 0.831798 -0.052896 1.57618 2.98382 1.66547 2.3408 3.90094 3.11284 3.72666 0.471079 0.637319 0.846675 1.62376 1.37163 0.171071 0.117134 0.0894496 1.88807 0.897391 0.51161 0.800979 -0.149589 1.29577 2.4614 0.859042 1.58485 0.836827 0.280024
internal_weight=284043 13829 1029 117 270214 12800 912 9136 78 70397 20229 587 70 3664 4837 9058 199817 325 47 57 50168 417 107 85 49 170 310 244 165 56 2606 2524 492 207 142 93003 1058 104 74 52 50 114 74 4817 2666 1000 1033 529 15392 21532 17263 504 285 1666 973 56 508 40 917 88 2032 6392
internal_count=284043 13829 1029 117 270214 12800 912 9136 78 70397 20229 587 70 3664 4837 9058 199817 325 47 57 50168 417 107 85 49 170 310 244 165 56 2606 2524 492 207 142 93003 1058 104 74 52 50 114 74 4817 2666 1000 1033 529 15392 21532 17263 504 285 1666 973 56 508 40 917 88 2032 6392
cat_boundaries=0 2 3 5 7
cat_threshold=16777216 520 4 2299896862 520 603986913 214
is_linear=0
shrinkage=0.03


Tree=21
num_leaves=63
num_cat=3
split_feature=9 10 9 12 7 7 3 3 11 7 12 9 9 9 7 7 9 11 12 7 3 3 11 3 7 7 7 7 12 10 2 11 3 11 9 11 7 7 3 11 7 10 10 9 11 9 7 3 2 7 11 11 12 3 12 12 11 9 7 7 3 4
split_gain=8.32197e+06 2.2928e+06 2.08469e+06 1.57616e+06 1.92886e+06 3.04004e+06 1.51202e+06 559347 543069 479894 1.11635e+06 399708 375674 309654 264237 263740 247538 205246 190298 185863 171095 161754 155784 155597 147748 173789 140771 129792 129572 121508 113383 121175 107804 103279 102867 101939 99403.1 93613.7 88932.5 86135.7 292828 84298.5 73610.1 73586.8 72987.7 69851.4 66515.7 62279.8 61579.5 245569 87175.5 84807.7 114292 59323.1 61845.4 107922 167979 56716.1 56635.5 111818 60654.5 50077.1
threshold=223.62500000000003 754.56250000000011 74.784766514194914 84.875000000000014 1821.5000000000002 1839.5000000000002 4.5000000000000009 3.5000000000000004 307.75000000000006 1809.5000000000002 -17.999999999999993 129.09090909090912 356.62500000000006 381.12500000000006 1851.5000000000002 267.50000000000006 36.261363636363647 26.04545454545455 124.00000000000003 979.50000000000011 5.5000000000000009 4.5000000000000009 455.25000000000006 3.5000000000000004 1827.5000000000002 994.50000000000011 290.50000000000006 252.50000000000003 -122.49999999999999 479.62500000000006 0 221.75000000000003 4.5000000000000009 232.97789477648504 134.12500000000003 30.522727272727273 173.50000000000003 941.50000000000011 1.5000000000000002 911.25000000000011 652.50000000000011 265.18750000000006 479.62500000000006 679.87500000000011 344.75000000000006 178.12500000000003 173.50000000000003 3.5000000000000004 1 1778.5000000000002 49.532928944058902 26.04545454545455 171.87500000000006 3.5000000000000004 124.00000000000003 451.12500000000006 199.63533621766706 679.87500000000011 574.50000000000011 197.50000000000003 1.5000000000000002 2
decision_type=2 2 2 2 2 2 2 2 2 2 2 2 2 2 2 2 2 2 2 2 2 2 2 2 2 2 2 2 2 2 1 2 2 2 2 2 2 2 2 2 2 2 2 2 2 2 2 2 1 2 2 2 2 2 2 2 2 2 2 2 2 1
left_child=2 6 16 14 8 17 9 34 -5 13 -11 -9 42 35 20 21 -1 -6 45 22 24 27 -17 -21 25 44 -22 -10 33 46 31 -31 -18 -14 -4 38 -15 -24 -2 41 -41 -38 -8 -33 -3 -13 -30 -37 -43 50 51 52 -50 54 -52 56 -56 -32 59 -58 -60 -34
right_child=1 3 7 4 5 -7 12 11 15 10 -12 18 28 36 -16 19 32 -19 -20 23 26 -23 37 -25 -26 -27 -28 -29 29 30 57 43 61 -35 -36 47 39 -39 -40 40 -42 48 -44 -45 -46 -47 -48 -49 49 -51 53 -53 -54 -55 55 -57 58 -59 60 -61 -62 -63
leaf_value=-0.1176215729082859 2.9559518653624282 0.70867327535937075 -0.0017981917371117429 0.064136400499205659 13.89859079435274 -1.2949531386734601 0.91065176044459262 0.12223247722411197 2.367876670431853 8.8557379285257252 0.32141479685193008 0.29267601727194575 0.19888716758801164 1.5764963676786552 -0.56037174663204514 -0.15494269675815225 -0.071197253954406028 10.055289949791453 2.6228847443013033 2.4649119478376726 4.1374766395098987 6.6854786739111924 3.7594619212937106 5.5587377492312715 3.644177118557602 -0.6400849363189971 1.3607146574180817 5.2759818114357424 2.6445698817055718 4.8156116905460111 1.5946322782099747 2.0857349005048431 0.056086727056105415 1.7104724336395043 0.10193844764401103 0.23847220525604554 2.3642771219118996 1.5039219593331026 0.39997966876542895 0.82508757096542651 4.7151725881491124 -0.15703711130313716 2.2576226335844258 3.338478617318521 1.6477853418257573 0.4628483866110859 1.3770249512729893 0.46503362297627943 -0.32844405492146805 2.9715634985531079 0.45964508240924529 -0.80705283230917113 2.4660553431397929 0.97180320719100144 3.8833544685151336 -0.59363260652601102 0.38028639999453046 0.17150059169873008 1.2323909566594267 2.7973675026130098 -0.83320225005130832 -0.029981357753777985
leaf_weight=106814 24 126 28340 62 23 23 2536 20286 30 20 44 7141 99 110 73 29 65507 32 33 34 34 24 29 26 20 50 32 26 40 23 107 127 9393 69 12353 5495 24 39 25 131 20 100 37 64 183 3120 555 1363 35 39 1190 78 21 355 21 29 36 33 26 33 25 17227
leaf_count=106814 24 126 28340 62 23 23 2536 20286 30 20 44 7141 99 110 73 29 65507 32 33 34 34 24 29 26 20 50 32 26 40 23 107 127 9393 69 12353 5495 24 39 25 131 20 100 37 64 183 3120 555 1363 35 39 1190 78 21 355 21 29 36 33 26 33 25 17227
internal_value=6.79392e-05 0.717861 -0.0366675 2.18625 3.66176 7.86068 0.616235 0.102548 2.56412 0.411292 2.99809 0.199496 1.12962 0.393225 1.11188 3.21781 -0.0865431 11.6849 0.351753 2.50056 1.38627 4.6205 1.68584 3.81264 1.14022 0.999735 2.79531 3.72512 1.58908 1.72505 2.16551 2.63427 -0.0505099 0.820383 0.0296928 0.293264 0.696949 2.47 1.65542 0.652147 1.34313 0.600223 0.930109 2.50705 1.26521 0.344424 1.46267 0.283507 0.578807 0.615363 0.568833 -0.167975 0.721968 0.626411 0.536186 1.07137 1.41402 1.17565 0.978986 1.5387 0.220138 0.000397987
internal_weight=284043 13829 270214 895 377 78 12934 71273 299 9244 64 30580 3690 9180 518 237 198941 55 10294 157 445 80 97 60 379 359 66 56 1117 949 354 214 92127 168 40693 6907 2273 68 49 2163 151 2012 2573 191 309 10261 595 6858 1988 1888 1849 134 56 1715 1360 170 141 140 120 69 51 26620
internal_count=284043 13829 270214 895 377 78 12934 71273 299 9244 64 30580 3690 9180 518 237 198941 55 10294 157 445 80 97 60 379 359 66 56 1117 949 354 214 92127 168 40693 6907 2273 68 49 2163 151 2012 2573 191 309 10261 595 6858 1988 1888 1849 134 56 1715 1360 170 141 140 120 69 51 26620
cat_boundaries=0 1 2 3
cat_threshold=12 8 24
is_linear=0
shrinkage=0.03


Tree=22
num_leaves=63
num_cat=4
split_feature=8 9 8 5 3 11 3 12 11 9 3 9 3 9 8 8 5 11 3 2 12 9 11 8 12 5 8 12 8 5 5 5 11 9 5 12 5 5 12 5 11 11 3 3 11 8 5 9 3 3 5 5 3 11 4 1 11 12 4 11 9 9
split_gain=7.87039e+06 2.51505e+06 2.34568e+06 2.16861e+06 1.13846e+06 730450 664807 592440 549078 516797 348895 313146 256112 187400 172102 163561 157199 152693 145040 138954 137588 125453 148177 113332 100155 94673.4 91117.7 81652.9 80609.9 77741.1 75219.4 75072.8 71473.2 68286.2 68278.6 71525.3 161276 67386.6 194907 232005 118797 90360.5 68774.2 66546.8 63485.3 119967 143304 64832.9 60979.5 60441.3 118267 59806.2 59544.7 57765.8 57157.8 55930.9 54896.5 62453.1 53862.8 52495.2 50218.8 61622.7
threshold=269.25000000000006 101.30500000000002 823.25000000000011 1.5000000000000002 4.5000000000000009 271.83706736797149 4.5000000000000009 -20.499999999999993 23.522727272727277 54.791666666666671 4.5000000000000009 192.87500000000003 5.5000000000000009 188.87500000000003 447.25000000000006 489.25000000000006 7.5000000000000009 17.634615384615387 4.5000000000000009 0 84.875000000000014 893.62500000000011 425.75000000000006 176.75000000000003 36.750000000000021 8.5000000000000018 25.50408118004513 -260.62499999999994 145.75000000000003 7.5000000000000009 9.5000000000000018 2.5000000000000004 321.25000000000006 325.87500000000006 7.5000000000000009 451.12500000000006 5.5000000000000009 7.5000000000000009 269.87500000000006 8.5000000000000018 911.25000000000011 524.25000000000011 2.5000000000000004 4.5000000000000009 46.005122405159327 124.50207632698094 8.5000000000000018 250.37500000000003 3.5000000000000004 1.5000000000000002 11.500000000000002 11.500000000000002 2.5000000000000004 911.25000000000011 1 2 53.583333333333343 -2.5000000000000049 3 211.34570069662362 679.87500000000011 381.12500000000006
decision_type=2 2 2 2 2 2 2 2 2 2 2 2 2 2 2 2 2 2 2 1 2 2 2 2 2 2 2 2 2 2 2 2 2 2 2 2 2 2 2 2 2 2 2 2 2 2 2 2 2 2 2 2 2 2 1 1 2 2 1 2 2 2
left_child=1 9 4 7 8 12 17 -4 16 26 24 20 19 -6 31 53 -2 -3 58 34 28 -12 -23 -19 -7 -14 -1 -16 -8 -24 -29 -15 -26 -17 35 36 -5 40 39 -39 -34 -40 -41 -28 -13 46 47 -46 -25 50 -21 60 -9 -10 -20 -47 57 -35 -11 -58 61 -33
right_child=2 6 3 5 13 10 11 52 15 18 21 44 25 14 27 33 -18 23 54 49 -22 22 29 48 32 -27 43 30 -30 -31 -32 51 37 56 -36 -37 -38 38 41 42 -42 -43 -44 -45 45 55 -48 -49 -50 -51 -52 -53 -54 -55 -56 -57 59 -59 -60 -61 -62 -63
leaf_value=-0.12590923877241281 2.1165870076175581 2.1694797563998227 2.2256585406861364 4.1463671956990096 4.1323780417798162 1.1700778793874353 0.21750896733505137 6.5440922817463276 0.36291273893107145 -0.11380211381559074 2.6039302180749684 -0.14276845595352225 1.2873380061761655 -0.20076501261266388 0.23246303487046854 2.3385184752323713 5.8024412673266967 0.065563002063608974 0.13686682356350177 -0.46665482616167503 2.701637725248156 3.0156241412173119 6.8524788904901746 0.15189805829073552 3.6303923183126545 4.1161818416397296 -0.096161822718598591 1.9488356483081715 0.39308482537622397 4.3930972210830221 0.88486019339949196 1.0794470591965237 1.9822680523000784 0.91548277909728293 -0.36479641008161307 0.3600621615546889 1.0017461764528639 0.30727439271992646 1.5034814215192991 2.9048957840644443 4.1423526754408071 -0.53678459460918715 5.0426310039537521 -0.041149457528795834 1.8572239963332218 0.83322842721256485 0.40892988085386611 4.2866063287364895 0.34916963834929654 -0.62934991744926705 2.3468191703687911 -0.11460016601106039 8.3255340760832368 1.6814427246920689 0.030067129956208877 0.51508772189803065 1.5051797891292344 -1.0897696803020085 -0.016177318534354796 0.7343756808696229 -0.12228651732312401 1.5699734508562242
leaf_weight=65810 22 32 24 22 20 115 6996 31 4827 5771 74 88 20 40 32 25 20 23869 7105 37 21 46 20 6940 29 23 67487 421 3547 30 70 1444 76 26 22 34 44 26 44 37 33 35 22 28002 20 921 33 20 1770 117 21 35 47 30 12371 1516 88 30 42433 829 28 275
leaf_count=65810 22 32 24 22 20 115 6996 31 4827 5771 74 88 20 40 32 25 20 23869 7105 37 21 46 20 6940 29 23 67487 421 3547 30 70 1444 76 26 22 34 44 26 44 37 33 35 22 28002 20 921 33 20 1770 117 21 35 47 30 12371 1516 88 30 42433 829 28 275
internal_value=6.70445e-05 -0.0289725 0.858812 2.20946 0.690569 1.75219 0.174037 6.35943 0.467538 -0.0695543 2.39303 0.354001 0.645402 1.24664 1.22185 0.442982 3.88144 0.101402 2.31284e-05 0.331659 0.281428 3.53879 4.25591 0.099364 1.92519 2.80655 -0.0987486 1.70169 0.276582 5.38862 1.79737 1.08403 2.21224 0.792778 1.06004 1.47948 2.05469 2.06031 1.67399 2.67027 2.63946 0.599992 3.70925 -0.0800296 0.649071 0.676839 1.87459 3.07965 0.19199 -0.224159 0.554251 1.11288 7.62685 0.371092 0.0691149 0.640884 0.752823 -0.158734 -0.0278922 0.808505 1.13748 1.15801
internal_weight=284043 274752 9291 1029 8262 927 45773 102 5897 228979 587 13162 340 2365 2345 5855 42 32611 67680 297 10564 170 96 32579 417 43 161299 523 10543 50 491 1822 302 998 122 100 66 273 164 85 109 79 59 95489 2598 2510 73 40 8710 175 58 1782 78 4857 19476 2437 973 56 48204 917 1747 1719
internal_count=284043 274752 9291 1029 8262 927 45773 102 5897 228979 587 13162 340 2365 2345 5855 42 32611 67680 297 10564 170 96 32579 417 43 161299 523 10543 50 491 1822 302 998 122 100 66 273 164 85 109 79 59 95489 2598 2510 73 40 8710 175 58 1782 78 4857 19476 2437 973 56 48204 917 1747 1719
cat_boundaries=0 1 2 4 5
cat_threshold=6 24 2147746822 520 16
is_linear=0
shrinkage=0.03


Tree=23
num_leaves=63
num_cat=2
split_feature=8 7 7 9 6 9 6 8 7 8 8 11 11 7 7 9 9 8 11 8 7 7 10 10 12 7 10 6 12 8 7 9 8 11 10 12 8 11 7 7 8 5 7 5 8 11 6 11 12 9 4 5 12 4 5 7 7 12 7 9 10 12
split_gain=7.40573e+06 2.44338e+06 3.72702e+06 2.36713e+06 1.38551e+06 927147 633364 528380 526789 519283 506783 372125 320256 293277 409558 273288 175631 166726 161304 159062 157232 964911 142387 146396 198840 137155 164969 136289 128320 103191 100274 100155 99415.8 96243.9 88615.3 84989.4 128016 81356.5 77504.5 65443.1 64150.5 63648.9 63378.7 62064.5 118231 241807 61799.5 59759.4 57904.8 96606.4 57144.8 56052.4 55707.8 52181 52152.8 48397 67753 206771 47637.1 47059.6 67858.6 44158.2
threshold=269.25000000000006 1821.5000000000002 1839.5000000000002 104.53125000000001 1.0000000180025095e-35 893.62500000000011 1.0000000180025095e-35 652.50000000000011 1784.5000000000002 57.750000000000007 823.25000000000011 62.111111111111121 26.04545454545455 994.50000000000011 979.50000000000011 192.87500000000003 188.87500000000003 447.25000000000006 17.634615384615387 823.25000000000011 941.50000000000011 933.50000000000011 343.06250000000006 754.56250000000011 124.00000000000003 228.50000000000003 754.56250000000011 1.0000000180025095e-35 84.875000000000014 355.75000000000006 987.50000000000011 30.029411764705888 174.25000000000003 911.25000000000011 754.56250000000011 -260.62499999999994 823.25000000000011 80.055555555555571 173.50000000000003 260.50000000000006 145.75000000000003 1.5000000000000002 173.50000000000003 9.5000000000000018 113.52777777777779 208.25000000000003 1.0000000180025095e-35 50.527777777777786 171.87500000000006 416.87500000000006 0 11.500000000000002 -260.62499999999994 1 7.5000000000000009 881.50000000000011 559.50000000000011 451.12500000000006 166.50000000000003 679.87500000000011 583.00000000000011 124.00000000000003
decision_type=2 2 2 2 2 2 2 2 2 2 2 2 2 2 2 2 2 2 2 2 2 2 2 2 2 2 2 2 2 2 2 2 2 2 2 2 2 2 2 2 2 2 2 2 2 2 2 2 2 2 1 2 2 1 2 2 2 2 2 2 2 2
left_child=3 4 5 9 7 -3 18 8 29 31 16 -12 -7 14 20 28 -6 41 -5 -15 21 22 37 47 -25 26 -13 53 40 -2 -16 -1 -20 -27 38 36 -4 -9 58 -26 -8 -18 -19 44 45 -17 -33 -24 52 -50 -29 59 -44 -11 55 56 -49 -58 -31 60 -43 -54
right_child=1 2 35 6 10 12 15 13 -10 27 11 25 -14 19 30 43 17 42 32 -21 -22 -23 23 24 39 33 -28 50 -30 34 -32 46 -34 -35 -36 -37 -38 -39 -40 -41 -42 51 48 -45 -46 -47 -48 54 49 -51 -52 -53 61 -55 -56 -57 57 -59 -60 -61 -62 -63
leaf_value=-0.11732732359839913 0.29195964828881615 4.0146461256003487 -0.62273733376608198 2.3351005381161403 4.0090235011257338 14.163012482656072 0.22128470021623917 1.5698218608693491 4.7601430692330773 -0.11046999963294797 0.1729825566389038 2.7772650365890796 9.3963343303945486 1.7798241895691962 5.6798353813136853 0.45551256619100494 -0.41638562695733428 2.8143622365556746 0.065692557997123008 -0.51167156945868264 -0.27332893474216768 7.4082983021921915 -0.64152900390353484 1.1402051287410431 3.8652721468106965 2.2598960415535716 5.8870205297194103 0.147003149589469 2.6209726585370103 0.85920023269766965 2.7590446233523398 -0.087309747147675199 0.18385770582174829 4.1434782951821081 1.9180217285648942 -1.3411220810093831 2.4698892888073671 4.2522425159055786 0.48357224383023156 1.8762298896466474 0.3809119146018049 1.0943187162055523 0.39644184933862647 0.38291280212480988 0.67311048182825794 4.2073540680983967 -0.031328158773524684 0.89024841227512619 1.9243441996455617 -0.54240241139205447 0.036238224488518316 -0.11117195341322157 1.7048231938883673 -0.0090512639360075496 0.099324121763452455 0.18808286846873978 4.0957249980333783 0.34453475286952112 2.0596537440101597 -0.11863097404670037 2.4673454996178155 3.0908767049452837
leaf_weight=82348 3166 22 28 29 20 22 6285 21 25 5150 46 31 33 35 22 38 26 40 21770 122 56 23 28 194 38 118 31 6612 21 109 21 61120 9081 31 42 29 21 20 2181 25 3544 1695 28 678 1856 26 25010 171 28 29 11485 35 371 39699 76 55 25 28 41 28 33 22
leaf_count=82348 3166 22 28 29 20 22 6285 21 25 5150 46 31 33 35 22 38 26 40 21770 122 56 23 28 194 38 118 31 6612 21 109 21 61120 9081 31 42 29 21 20 2181 25 3544 1695 28 678 1856 26 25010 171 28 29 11485 35 371 39699 76 55 25 28 41 28 33 22
internal_value=6.75981e-05 0.833077 4.56697 -0.0281017 0.769679 9.2445 0.175406 0.5359 0.423739 -0.0662032 1.35354 2.61844 11.3253 1.18585 1.41768 0.356061 1.2154 1.1913 0.102581 -1.71596e-06 1.25614 1.37783 1.17309 1.06295 1.6168 3.15123 4.33917 0.00731697 0.283865 0.404081 4.26318 -0.0936715 0.100475 2.65432 0.55365 -0.0564777 0.704944 2.88556 0.528985 3.08024 0.278844 1.05582 1.66621 0.629764 0.716907 1.98393 -0.0710542 0.690967 1.56956 0.670528 0.0768098 1.07722 1.69108 -0.0207241 0.796225 0.985948 1.18167 2.1184 1.1885 1.10091 1.12068 1.78319
internal_weight=284043 9291 155 274752 9136 77 43328 6524 5564 231424 2612 257 55 960 803 12448 2355 2335 30880 157 760 704 681 640 257 211 62 62946 9850 5539 43 168478 30851 149 2373 78 49 41 2331 63 9829 1817 518 2598 1920 64 86130 383 478 57 18097 1791 421 44849 355 279 224 53 150 1756 1728 393
internal_count=284043 9291 155 274752 9136 77 43328 6524 5564 231424 2612 257 55 960 803 12448 2355 2335 30880 157 760 704 681 640 257 211 62 62946 9850 5539 43 168478 30851 149 2373 78 49 41 2331 63 9829 1817 518 2598 1920 64 86130 383 478 57 18097 1791 421 44849 355 279 224 53 150 1756 1728 393
cat_boundaries=0 1 2
cat_threshold=24 16
is_linear=0
shrinkage=0.03


Tree=24
num_leaves=63
num_cat=3
split_feature=8 9 8 5 3 11 3 12 11 9 3 9 3 9 8 5 8 11 3 2 12 9 11 8 10 12 5 3 12 5 10 10 1 11 12 10 9 5 5 5 1 11 8 5 3 9 5 11 12 3 3 3 5 11 8 5 10 11 3 12 11 5
split_gain=6.96861e+06 2.22818e+06 2.08018e+06 1.9196e+06 1.00808e+06 650842 588709 526867 512586 459902 308863 278365 236330 166052 152376 145468 144497 135179 132646 125658 122632 115842 137739 100358 90182.3 124757 91672.4 89681.4 108218 88767 82413.1 79319.5 74731.8 73081.4 72418 70907.8 157735 69604.2 69203.1 69042.6 63024.6 87168.8 115692 186378 62686.1 84427.9 129150 62605.5 61329.6 60125.1 57378.5 56674.4 107549 56276.4 61835.5 55210.2 54924.3 98331.8 54819.2 54352.6 54215.7 52612.5
threshold=269.25000000000006 101.30500000000002 823.25000000000011 1.5000000000000002 4.5000000000000009 271.83706736797149 4.5000000000000009 -20.499999999999993 23.522727272727277 54.791666666666671 4.5000000000000009 185.12500000000003 5.5000000000000009 188.87500000000003 447.25000000000006 7.5000000000000009 489.25000000000006 17.634615384615387 3.5000000000000004 0 84.875000000000014 893.62500000000011 425.75000000000006 176.75000000000003 374.56250000000006 451.12500000000006 6.5000000000000009 1.0000000180025095e-35 -0.75000000000001055 8.5000000000000018 27.011627906976749 230.56250000000003 1 193.25000000000003 -260.62499999999994 754.56250000000011 679.87500000000011 9.5000000000000018 7.5000000000000009 4.5000000000000009 2 51.596153846153854 127.75000000000001 8.5000000000000018 1.5000000000000002 893.62500000000011 8.5000000000000018 53.583333333333343 -2.5000000000000049 4.5000000000000009 3.5000000000000004 1.5000000000000002 11.500000000000002 361.92365037654156 1126.2500000000002 11.500000000000002 112.18750000000001 30.050000000000001 2.5000000000000004 124.00000000000003 911.25000000000011 7.5000000000000009
decision_type=2 2 2 2 2 2 2 2 2 2 2 2 2 2 2 2 2 2 2 1 2 2 2 2 2 2 2 2 2 2 2 2 1 2 2 2 2 2 2 2 1 2 2 2 2 2 2 2 2 2 2 2 2 2 2 2 2 2 2 2 2 2
left_child=1 9 4 7 8 12 17 -4 15 30 27 20 19 -6 39 -2 60 -3 -11 24 32 -12 -23 -19 -5 26 33 53 -29 -14 -1 -18 -8 -26 -16 36 -30 -36 -24 -15 41 -13 43 -43 -37 -46 -47 48 -33 -32 -25 52 -21 59 -55 -41 -51 -58 -9 -7 -10 -38
right_child=2 6 3 5 13 10 11 58 16 18 21 40 29 14 34 -17 31 23 -20 51 -22 22 38 50 25 -27 -28 28 35 -31 49 47 -34 -35 37 44 61 -39 -40 55 -42 42 -44 -45 45 46 -48 -49 -50 56 -52 -53 -54 54 -56 -57 57 -59 -60 -61 -62 -63
leaf_value=-0.11811415851167213 2.0405502583430364 2.0413356771201734 2.0862425757443757 2.862686478673564 3.8893512133697961 2.3180546737784766 0.15143741319607379 6.1428370384388025 0.34059089163696549 -0.036282330914747224 2.4346529979551366 -0.18446287062630726 1.2102817896942593 0.35053538203239443 0.21746467554680654 5.5862627860681329 2.3775378143924408 0.061746182848977017 0.048556097958371014 -0.44397716681590932 2.5427161242498602 2.826343489251788 6.4950529104204309 0.14182680331309247 3.5386519695119265 -0.87758992431152283 0.07520241097199111 0.59704709322631122 3.5565199805435972 3.9491351888086887 -0.090155791277071781 0.84204254194237715 0.3194171899857548 1.031591995835869 1.8369178143670908 1.2328082617621898 1.0886150301549193 0.81352929723075729 4.1740781933603879 1.0957993494444405 0.44177176462635881 3.7011190769220086 0.7346291595024862 0.4124711661323473 1.3544182937026374 2.0452680323387691 4.3992561190207589 0.76215171911173663 -1.102873801378325 -0.039274134069040234 0.33318470947673318 -0.61655826301476979 2.2389835543881094 3.0011176423640809 0.69406628452130215 -0.1078462974841778 2.5168540882117938 0.025624511128380181 7.8490164740981561 4.5005304737382339 1.6179520387823796 -0.69273119741411338
leaf_weight=68001 22 32 24 21 20 20 4021 31 4827 38592 74 87 20 129 32 20 26 23869 29088 37 21 46 20 6940 21 31 28 76 21 23 66053 26 6103 21 421 39 58 70 30 1658 1553 31 1315 31 34 46 39 913 33 27180 1770 117 21 22 20 35 21 44 47 22 30 20
leaf_count=68001 22 32 24 21 20 20 4021 31 4827 38592 74 87 20 129 32 20 26 23869 29088 37 21 46 20 6940 21 31 28 76 21 23 66053 26 6103 21 421 39 58 70 30 1658 1553 31 1315 31 34 46 39 913 33 27180 1770 117 21 22 20 35 21 44 47 22 30 20
internal_value=6.68718e-05 -0.0272584 0.808119 2.08003 0.649683 1.64981 0.163823 5.98448 0.439811 -0.0654558 2.25473 0.333174 0.60508 1.17295 1.14961 3.73831 0.416086 0.0954713 0.000180116 0.303702 0.257932 3.33275 4.02176 0.0935537 0.996677 0.7048 1.40587 1.81454 1.59263 2.68108 -0.0929962 0.744865 0.253167 2.29062 1.60111 1.88668 1.25497 1.69122 5.11364 1.01993 0.586164 0.73128 0.794459 2.06016 2.28144 2.62376 3.12927 0.700949 -0.245767 -0.0746886 0.180717 -0.223814 0.52957 2.69131 1.90685 1.07091 -0.0371896 0.833159 7.17969 3.4693 0.348514 0.631519
internal_weight=284043 274752 9291 1029 8262 927 45773 102 5897 228979 587 13162 340 2365 2345 42 5855 32611 67680 297 10145 170 96 32579 122 101 70 417 333 43 161299 998 10124 42 523 257 99 491 50 1822 3017 1464 1377 62 158 119 85 972 59 93298 8710 175 58 84 42 1693 27245 65 78 42 4857 78
internal_count=284043 274752 9291 1029 8262 927 45773 102 5897 228979 587 13162 340 2365 2345 42 5855 32611 67680 297 10145 170 96 32579 122 101 70 417 333 43 161299 998 10124 42 523 257 99 491 50 1822 3017 1464 1377 62 158 119 85 972 59 93298 8710 175 58 84 42 1693 27245 65 78 42 4857 78
cat_boundaries=0 1 3 5
cat_threshold=6 68164065 194 2164524054 520
is_linear=0
shrinkage=0.03


Tree=25
num_leaves=63
num_cat=0
split_feature=8 8 9 7 7 6 6 6 8 5 9 7 7 7 5 7 12 10 7 11 9 11 7 8 7 12 6 9 9 9 5 11 10 11 10 11 7 5 7 8 7 12 7 7 7 7 12 12 12 10 7 10 12 10 8 11 7 11 12 10 11 9
split_gain=6.88049e+06 2.23325e+06 2.11248e+06 1.71198e+06 2.70698e+06 902829 589503 416312 403638 379138 294047 280999 277052 194725 187313 185602 182791 171009 163525 197452 160726 146824 118857 104144 103345 134369 103206 94690.3 93346.7 91299.4 83754.2 83402.8 83102.9 82691.6 80820.2 78225 197690 379645 210298 152728 188588 127184 103316 82241.5 110418 71566 72104.7 69493.7 67137.9 239798 65738.4 62968 136838 62454.6 60293.3 58345.6 438856 90423 59699 54579.5 52336.8 52491.7
threshold=269.25000000000006 652.50000000000011 98.284090909090921 1821.5000000000002 1839.5000000000002 1.0000000180025095e-35 1.0000000180025095e-35 1.0000000180025095e-35 58.52272727272728 11.500000000000002 178.12500000000003 1778.5000000000002 1727.5000000000002 1833.5000000000002 10.500000000000002 979.50000000000011 -260.62499999999994 343.06250000000006 228.50000000000003 911.25000000000011 893.62500000000011 524.25000000000011 941.50000000000011 355.75000000000006 290.50000000000006 -122.49999999999999 1.0000000180025095e-35 473.87500000000006 174.62500000000003 33.263278144662941 9.5000000000000018 18.49549887648087 754.56250000000011 645.25000000000011 374.56250000000006 271.83706736797149 933.50000000000011 7.5000000000000009 979.50000000000011 1126.2500000000002 1791.5000000000002 269.87500000000006 267.50000000000006 1002.5000000000001 866.50000000000011 244.50000000000003 124.00000000000003 84.875000000000014 124.00000000000003 208.93750000000003 173.50000000000003 419.18750000000006 269.87500000000006 479.62500000000006 133.75000000000003 321.25000000000006 166.50000000000003 344.75000000000006 99.125000000000014 165.81250000000003 39.041666666666671 339.87500000000006
decision_type=2 2 2 2 2 2 2 2 2 2 2 2 2 2 2 2 2 2 2 2 2 2 2 2 2 2 2 2 2 2 2 2 2 2 2 2 2 2 2 2 2 2 2 2 2 2 2 2 2 2 2 2 2 2 2 2 2 2 2 2 2 2
left_child=2 5 8 7 9 11 28 17 29 13 34 23 15 -5 -13 18 -6 -3 20 22 -9 24 51 -2 55 -26 -10 -19 -4 -1 33 -30 50 -12 54 39 42 -38 -39 40 43 -40 45 44 -29 -37 -47 -21 60 -50 -25 -20 -53 -44 -8 58 57 -57 -7 -52 -27 -62
right_child=1 3 6 4 16 21 10 12 26 -11 30 14 -14 -15 -16 -17 -18 27 19 47 -22 -23 -24 32 25 48 -28 35 31 -31 -32 -33 -34 -35 -36 36 37 38 41 -41 -42 -43 53 -45 -46 46 -48 -49 49 -51 59 52 -54 -55 -56 56 -58 -59 -60 -61 61 -63
leaf_value=-0.10736232419062915 0.26522294155801018 3.1883325550440325 0.057765690471536735 12.379445330137695 1.9781360599312048 1.1816164703452905 0.17644765334373919 2.4966184109996479 -0.021148535851586069 5.7820770350451713 0.63336233066568481 0.33953332331273456 -0.10606785505245893 8.4127248624828752 3.8053103290304247 4.8718678433427183 -1.6130755685616243 -0.21254850030221958 3.2666403075304076 2.4068925342312104 4.9622711311398868 1.7798681572957915 -0.71714783625816225 1.1732173179179357 -0.80166692204719037 -0.62153272401041049 0.068529807428761177 0.77258491040746036 2.0546187257088753 -0.063115080076182328 0.3191405470494576 0.16620469699973325 1.8340672826158473 2.3997489106902443 1.9748455796301119 1.292138959061861 6.2241310590590331 -0.18155298357812041 4.6984575747087662 -0.073937566246973035 3.7709041831787835 1.4959831741143064 2.2322197407116819 -0.22486623466472183 2.8307409491639843 1.4750919057118579 3.4818339173663464 4.6900255624179179 4.5539977691422644 0.31819764235487014 1.7798756013815935 2.0558804993392719 -0.42930889940809924 0.51153850296953784 0.32386397562134667 -1.0465388915787881 5.6401505410725168 1.7653960513616624 2.6587258809188312 0.44880790066306292 0.78564381994537369 1.1792587413872828
leaf_weight=95691 3172 39 25389 27 24 461 6239 62 40112 21 2471 23 35 21 36 32 27 43 21 23 39 260 20 125 41 20 16220 81 21 74761 948 8877 43 24 24 205 21 32 21 107 25 24 21 39 33 34 31 26 20 30 28 85 26 191 4164 20 22 21 26 2158 883 467
leaf_count=95691 3172 39 25389 27 24 461 6239 62 40112 21 2471 23 35 21 36 32 27 43 21 23 39 260 20 125 41 20 16220 81 21 74761 948 8877 43 24 24 205 21 32 21 107 25 24 21 39 33 34 31 26 20 30 28 85 26 191 4164 20 22 21 26 2158 883 467
internal_value=0.000507775 0.803398 -0.0266273 1.89119 5.32022 0.604539 0.15383 1.57813 -0.0649469 9.18957 0.318858 0.399447 2.43297 10.6652 2.45716 2.699 0.0774116 1.24482 2.46721 1.97053 3.4527 1.10887 1.43497 0.377433 1.02204 0.889952 0.00467309 1.161 0.0870704 -0.0879554 0.55924 0.170685 0.528615 0.65045 0.239479 1.2293 1.42935 2.65744 1.67786 0.821792 1.35999 2.99764 1.17915 0.963827 1.37035 1.56834 2.43608 3.6255 0.938849 2.01829 0.504246 1.76137 1.47387 0.68297 0.235457 1.37267 2.23236 0.394439 1.26101 0.465939 0.899307 0.921885
internal_weight=284233 9292 274941 1436 120 7856 48157 1316 226784 69 13870 5585 369 48 59 334 51 947 302 201 101 2271 152 5526 2011 1461 56332 908 34287 170452 3443 8898 2354 2495 10427 865 580 98 77 285 178 45 482 153 114 270 65 49 1420 50 2311 132 111 212 10403 550 63 41 487 2186 1370 1350
internal_count=284233 9292 274941 1436 120 7856 48157 1316 226784 69 13870 5585 369 48 59 334 51 947 302 201 101 2271 152 5526 2011 1461 56332 908 34287 170452 3443 8898 2354 2495 10427 865 580 98 77 285 178 45 482 153 114 270 65 49 1420 50 2311 132 111 212 10403 550 63 41 487 2186 1370 1350
is_linear=0
shrinkage=0.03


Tree=26
num_leaves=63
num_cat=5
split_feature=8 8 9 7 7 6 6 8 6 5 7 7 9 5 7 7 12 7 11 9 11 7 6 8 7 12 9 1 1 11 11 8 7 7 7 7 11 11 8 11 1 11 7 11 12 12 11 1 8 5 12 7 12 12 9 8 11 7 11 12 4 7
split_gain=6.47442e+06 2.10181e+06 1.98934e+06 1.61129e+06 2.54765e+06 849516 553374 445365 391770 356801 264810 260721 233564 218503 183229 174672 172030 153872 185844 151260 138145 111853 110328 103676 97255.6 126439 93481.7 79843.3 79326.5 74107.6 71987.7 211066 116594 356726 87078.6 559872 93362.7 80881.4 70245.4 75353.5 69355.8 109350 133045 67734 117295 65399.2 64888.9 92172.2 80393.2 139272 63711.9 82183.5 68622.3 63203.7 201199 58394.5 54929.7 413035 85104.5 56194 53922.2 52777.2
threshold=269.25000000000006 652.50000000000011 105.87500000000001 1821.5000000000002 1839.5000000000002 1.0000000180025095e-35 1.0000000180025095e-35 60.535309752116014 1.0000000180025095e-35 11.500000000000002 1784.5000000000002 1727.5000000000002 192.87500000000003 10.500000000000002 1833.5000000000002 979.50000000000011 -260.62499999999994 228.50000000000003 911.25000000000011 893.62500000000011 524.25000000000011 941.50000000000011 1.0000000180025095e-35 355.75000000000006 290.50000000000006 -122.49999999999999 34.875000000000007 0 1 18.950000000000006 20.338980070082723 1126.2500000000002 994.50000000000011 979.50000000000011 941.50000000000011 933.50000000000011 455.25000000000006 149.25000000000003 197.25000000000003 70.250000000000014 2 149.25000000000003 910.50000000000011 307.75000000000006 124.00000000000003 84.875000000000014 46.005122405159327 3 126.25000000000001 8.5000000000000018 124.00000000000003 559.50000000000011 -31.999999999999989 124.00000000000003 285.87500000000006 164.25000000000003 321.25000000000006 166.50000000000003 344.75000000000006 99.125000000000014 4 173.50000000000003
decision_type=2 2 2 2 2 2 2 2 2 2 2 2 2 2 2 2 2 2 2 2 2 2 2 2 2 2 2 1 1 2 2 2 2 2 2 2 2 2 2 2 1 2 2 2 2 2 2 1 2 2 2 2 2 2 2 2 2 2 2 2 1 2
left_child=2 5 7 8 9 10 28 26 30 14 23 15 27 -12 -5 17 -6 19 21 -10 24 -19 -9 -2 56 -26 -1 38 29 -4 31 -3 33 34 35 36 43 -34 -8 -40 41 -25 50 -32 -45 -20 -14 48 49 -48 52 -52 -43 -27 -55 -31 59 58 -58 -7 -24 -42
right_child=1 3 6 4 16 20 12 22 11 -11 13 -13 46 -15 -16 -17 -18 18 45 -21 -22 -23 60 40 25 53 -28 -29 -30 55 32 -33 37 -35 -36 -37 -38 -39 39 -41 61 42 -44 44 -46 -47 47 -49 -50 -51 51 -53 -54 54 -56 -57 57 -59 -60 -61 -62 -63
leaf_value=-0.10291815245760726 0.25561189984547111 4.4422821209765129 1.5270567229975704 12.009432482965757 1.9190382214304815 1.1461756630012101 0.42262887607309568 -0.014534700909805374 2.4218404509710227 5.6094366946830565 0.32939140815239448 -0.10289488360413118 -0.26070568862365257 4.2436147575771681 8.161539250956892 4.7261672745464001 -1.5648618758648525 1.7086370884929978 2.3349983443223037 4.8137837327532749 1.7264926309706567 -0.69574041565852363 0.146908520328354 0.21200251943190948 -0.77767543263679006 0.872331077025986 -0.0584255848368192 0.22805959794284122 0.027641097696257767 0.086647040003746637 0.87696747785216478 0.18750651971617741 0.68564864421091165 3.9775179012824116 -0.046214480628894071 6.0382919594913851 0.45738689457942733 -1.2065021139502048 2.9175968773685286 0.81343720630566652 1.1265527587952875 1.4398889276954565 3.1749820068467973 1.0682243263085587 2.3173693782352967 4.5498638683626025 3.2547902470845105 0.46793167924104079 0.79141340450841824 0.49875703980195191 0.80339286441169111 2.9745814102274237 0.31989032778862769 3.640236359117718 -0.18960700863626745 0.19327414669456597 -1.0152989293568169 5.4717116663143104 1.7126851184447229 2.5792696872250787 0.03517686135359066 0.39771811302514432
leaf_weight=101290 3178 22 34 27 24 461 1353 41311 62 21 23 35 79 29 21 32 27 132 23 39 260 20 6206 148 41 1370 73227 8226 10577 12133 213 20 107 42 52 21 166 25 20 65 94 80 28 163 116 26 33 1632 819 33 33 30 128 28 22 7468 20 22 21 26 10435 1814
leaf_count=101290 3178 22 34 27 24 461 1353 41311 62 21 23 35 79 29 21 32 27 132 23 39 260 20 6206 148 41 1370 73227 8226 10577 12133 213 20 107 42 52 21 166 25 20 65 94 80 28 163 116 26 33 1632 819 33 33 30 128 28 22 7468 20 22 21 26 10435 1814
internal_value=0.000493785 0.779332 -0.0258284 1.83463 5.16128 0.586413 0.162965 -0.0603209 1.53091 8.91504 0.387469 2.36017 0.332954 2.51634 10.3465 2.61824 0.0751089 2.39338 1.91158 3.34934 1.07563 1.392 0.0117369 0.367416 0.991398 0.863264 -0.0842492 0.265083 0.0939825 0.129639 1.20757 2.42153 1.15097 1.29167 1.13683 1.22743 1.07299 0.326622 0.471973 1.31142 0.518273 0.859921 1.20919 1.28056 1.58824 3.51717 0.585595 0.612168 0.863027 1.87966 1.00498 1.84042 0.751158 0.910697 1.95803 0.127273 1.33154 2.16569 0.382656 1.22321 0.0769557 0.431423
internal_weight=284233 9292 274941 1436 120 7856 42472 232469 1316 69 5585 369 12260 52 48 334 51 302 201 101 2271 152 57952 5533 2011 1461 174517 9664 30212 19635 947 42 905 773 731 679 658 132 1438 85 2355 447 299 492 279 49 2596 2517 885 66 271 63 208 1420 50 19601 550 63 41 487 16641 1908
internal_count=284233 9292 274941 1436 120 7856 42472 232469 1316 69 5585 369 12260 52 48 334 51 302 201 101 2271 152 57952 5533 2011 1461 174517 9664 30212 19635 947 42 905 773 731 679 658 132 1438 85 2355 447 299 492 279 49 2596 2517 885 66 271 63 208 1420 50 19601 550 63 41 487 16641 1908
cat_boundaries=0 2 4 5 7 8
cat_threshold=17572872 512 2232584678 128 16777216 2164524036 520 24
is_linear=0
shrinkage=0.03


Tree=27
num_leaves=63
num_cat=1
split_feature=8 8 9 3 3 11 3 9 11 3 11 3 10 8 11 8 8 9 11 9 3 12 11 12 10 3 11 8 3 8 11 12 9 11 3 10 9 11 9 8 8 3 3 11 3 12 11 12 3 10 12 11 8 11 3 11 11 11 11 4 11 11
split_gain=6.09408e+06 2.34841e+06 1.54218e+06 955311 478960 629356 433841 270230 429705 578457 486563 324662 265299 257898 212082 207175 178151 173446 148862 132096 130458 176716 147566 119082 79036.5 204897 85195.8 159608 78797.5 72164.2 185870 69720.1 69180.7 88854.2 68383.7 68043.1 65959.5 128740 76459.4 65986.9 64918.2 60681.2 58756.6 58222.6 57320.4 96268.8 79170 60639.9 56536.6 52457.4 67655.4 72770.3 61187.4 98550.5 49398.8 48210.6 46992.8 46612.9 45785.9 64068.9 73234.8 122300
threshold=228.75000000000003 652.50000000000011 79.291666666666686 4.5000000000000009 5.5000000000000009 26.987168272449814 3.5000000000000004 893.62500000000011 30.050000000000001 1.5000000000000002 21.943696729171112 3.5000000000000004 343.06250000000006 150.25000000000003 425.75000000000006 41.584415564855547 390.75000000000006 356.62500000000006 46.005122405159327 473.87500000000006 1.0000000180025095e-35 269.87500000000006 28.250000000000004 99.125000000000014 754.56250000000011 1.5000000000000002 30.522727272727273 552.75000000000011 4.5000000000000009 28.51923076923077 33.972920839098585 -50.499999999999986 679.87500000000011 911.25000000000011 5.5000000000000009 754.56250000000011 223.62500000000003 199.63533621766706 285.87500000000006 113.52777777777779 130.58333333333337 3.5000000000000004 4.5000000000000009 98.250000000000014 2.5000000000000004 -20.499999999999993 239.27924119531264 269.87500000000006 2.5000000000000004 754.56250000000011 75.125000000000014 524.25000000000011 1126.2500000000002 75.048067821844072 1.0000000180025095e-35 44.050000000000004 262.25000000000006 40.550000000000004 135.25000000000003 0 425.75000000000006 344.75000000000006
decision_type=2 2 2 2 2 2 2 2 2 2 2 2 2 2 2 2 2 2 2 2 2 2 2 2 2 2 2 2 2 2 2 2 2 2 2 2 2 2 2 2 2 2 2 2 2 2 2 2 2 2 2 2 2 2 2 2 2 2 2 1 2 2
left_child=2 3 15 16 7 -6 29 12 9 -9 -11 44 57 36 31 -1 -2 55 -19 48 21 -21 -22 -16 26 -26 27 -18 -17 30 -4 -13 33 34 -20 43 39 -38 -39 -8 -31 54 49 -7 46 -46 -10 -47 -14 52 -51 -52 53 -24 -28 -5 -44 -3 -56 -60 61 -61
right_child=1 4 6 17 5 35 13 8 11 10 -12 14 19 -15 23 28 24 18 32 20 22 -23 42 -25 25 -27 41 -29 -30 40 -32 -33 -34 -35 -36 -37 37 38 -40 -41 -42 -43 56 -45 45 47 -48 -49 -50 50 51 -53 -54 -55 58 -57 -58 -59 59 60 -62 -63
leaf_value=-0.09436383259058094 0.24771809071697254 4.4885078293529901 2.6945291625784935 1.8245544925175998 8.1571864603526532 0.62373424421554491 0.091247948984197899 8.6235491317065787 -0.21397080731229715 -0.82972418672100612 5.4762078401639851 0.7616628752247433 0.48802983064761102 0.34725207552816101 2.8457741061123931 -0.051577017964122222 3.6601384284593395 -0.66100522939061135 1.0885611891103337 1.2158531937967445 -0.38866994244171965 3.6662186886446313 2.8433761254843182 5.7578141688317359 3.8136240233384164 -0.18557373505134087 0.76309484664176863 0.050155382113219384 0.014266333959088561 -0.0020890329407812565 -0.26642442168703501 2.6566951365670755 0.37043529423360289 3.0949739450067808 1.6596680211343227 3.1802711854944432 -0.12466925440206809 3.196780803904149 1.0393489034732659 0.2013505144314694 0.079955303598519392 0.88004715521143084 0.76171193791453939 2.4022389837954377 0.34399099437032982 3.6939683888347972 1.2253042876604709 1.5497930779395164 -1.5743609096453739 0.53022958488982963 3.093336675330105 0.91668509031270995 -0.22530451459525161 0.78629473398679828 -0.39830088791296026 0.77492711925168045 2.2165915809703778 2.5556178903051849 0.21416280625181 0.79279633123569571 0.062429594143603453 2.9032287708390196
leaf_weight=125869 6501 20 32 40 20 21 13832 20 44 21 23 27 26 6730 23 56463 22 34 378 75 63 41 23 29 23 23 302 22 23030 23899 47 50 59 28 379 88 71 21 50 7586 13630 338 28 80 24 25 157 23 22 33 35 23 45 229 73 2414 71 27 653 139 79 30
leaf_count=125869 6501 20 32 40 20 21 13832 20 44 21 23 27 26 6730 23 56463 22 34 378 75 63 41 23 29 23 23 302 22 23030 23899 47 50 59 28 379 88 71 21 50 7586 13630 338 28 80 24 25 157 23 22 33 35 23 45 229 73 2414 71 27 653 139 79 30
internal_value=0.000481059 0.635679 -0.0298975 0.493266 1.77972 3.10727 0.0963783 1.55336 2.12239 4.40447 2.47143 1.75806 1.20468 0.185129 2.99799 -0.0704177 0.319294 0.921645 1.28356 1.06063 1.17017 2.08437 0.977011 4.47779 0.592335 1.8179 0.558223 1.85942 -0.0325014 0.0296164 0.934801 1.99409 1.36197 1.43643 1.37468 2.56884 0.134521 0.778744 1.6811 0.130246 0.0277084 0.522635 1.15373 2.03346 1.17127 1.89757 0.910274 2.67197 -0.458478 0.986787 1.61699 2.2333 0.793204 0.97511 0.427897 0.792111 1.80632 3.38597 0.323894 0.382448 0.785003 1.16894
internal_weight=284233 12973 271260 11537 1436 209 65898 1227 466 64 44 402 761 28290 129 205362 8205 3332 878 714 666 116 550 52 1704 46 1658 44 79493 37608 79 77 844 785 757 189 21560 142 71 21418 37529 1614 487 101 273 72 201 48 48 388 91 58 297 252 1276 2454 99 47 974 901 248 169
internal_count=284233 12973 271260 11537 1436 209 65898 1227 466 64 44 402 761 28290 129 205362 8205 3332 878 714 666 116 550 52 1704 46 1658 44 79493 37608 79 77 844 785 757 189 21560 142 71 21418 37529 1614 487 101 273 72 201 48 48 388 91 58 297 252 1276 2454 99 47 974 901 248 169
cat_boundaries=0 1
cat_threshold=8
is_linear=0
shrinkage=0.03


Tree=28
num_leaves=63
num_cat=7
split_feature=9 12 5 9 3 3 10 10 2 9 3 9 3 5 12 12 9 10 12 5 5 12 5 9 3 2 1 9 9 5 12 3 5 5 3 5 9 10 4 5 3 3 3 9 5 9 5 10 1 12 9 12 9 12 12 3 5 12 1 3 12 1
split_gain=5.74033e+06 1.70709e+06 1.44819e+06 1.39038e+06 1.02227e+06 393904 354952 342508 245291 221456 207032 189069 155089 150444 186312 114169 119829 104847 327753 132334 97512.4 551178 158498 141112 137269 97393.8 97709.1 92742.4 85848.6 184898 317683 471915 83130.3 178515 82390.2 81025.4 95916.1 95759.4 80911.4 80798.9 80760.4 80660.8 79098.2 87346.9 78487.2 70374.8 67292.3 71134.3 66685.2 65848.1 56617.2 55164.8 138874 66562.5 65876.5 115648 53400.8 53196.7 53155.5 78783.3 65403.2 50405.7
threshold=223.62500000000003 124.00000000000003 1.5000000000000002 79.291666666666686 4.5000000000000009 3.5000000000000004 583.00000000000011 479.62500000000006 0 124.62500000000001 4.5000000000000009 37.775000000000013 1.0000000180025095e-35 9.5000000000000018 269.87500000000006 35.250000000000021 473.87500000000006 754.56250000000011 269.87500000000006 7.5000000000000009 10.500000000000002 -82.499999999999972 9.5000000000000018 473.87500000000006 3.5000000000000004 1 2 679.87500000000011 339.87500000000006 10.500000000000002 -50.499999999999986 2.5000000000000004 8.5000000000000018 9.5000000000000018 4.5000000000000009 8.5000000000000018 893.62500000000011 583.00000000000011 3 7.5000000000000009 3.5000000000000004 4.5000000000000009 5.5000000000000009 356.62500000000006 4.5000000000000009 893.62500000000011 4.5000000000000009 265.18750000000006 4 -260.62499999999994 679.87500000000011 171.87500000000006 679.87500000000011 451.12500000000006 269.87500000000006 2.5000000000000004 10.500000000000002 269.87500000000006 5 4.5000000000000009 124.00000000000003 6
decision_type=2 2 2 2 2 2 2 2 1 2 2 2 2 2 2 2 2 2 2 2 2 2 2 2 2 1 1 2 2 2 2 2 2 2 2 2 2 2 1 2 2 2 2 2 2 2 2 2 1 2 2 2 2 2 2 2 2 2 1 2 2 1
left_child=3 4 41 11 6 48 28 25 15 -7 12 -1 32 35 -15 16 -9 19 -19 46 22 -22 23 -8 -25 26 42 -20 -2 38 31 -31 39 -34 -13 36 -12 -37 40 -4 -30 -3 -6 -44 -10 -26 47 -14 -5 -18 -17 -48 54 -54 55 -53 -21 -39 -11 -60 -61 -27
right_child=1 2 10 5 7 9 20 8 44 58 13 34 17 14 -16 50 49 18 27 56 21 -23 -24 24 45 61 -28 -29 29 30 -32 -33 33 -35 -36 37 -38 57 -40 -41 -42 -43 43 -45 -46 -47 51 -49 -50 -51 -52 52 53 -55 -56 -57 -58 -59 59 60 -62 -63
leaf_value=-0.094555821542248938 0.20718784466555959 5.1400380282586555 1.9995338442523356 0.050382736205309989 0.86527925623071655 0.10611584073260941 2.9537439506795828 3.8878501463904152 -0.60206924696409825 0.18847512702235533 1.7234898873305515 -0.054772228459129761 1.3720048141479491 -1.5094323321880323 2.4321966465565952 2.5602415370601772 0.59412376826489732 3.5634605895672093 -1.0101690217963886 -0.44813207581066805 5.9156022764269194 -0.3690605399539616 -0.024676877264819711 0.71645767929819715 1.3047145373941935 0.82682727549419277 0.60285064053336879 1.1475821292961546 0.32600073785413558 5.3011540531133843 0.14728205488699572 0.16132810327195629 4.1427719095630904 0.63892526825862139 0.0073617435969876863 4.9966090284591598 3.5300596315911168 1.3649678278681054 -0.14477049093315567 -0.1028477660994724 0.80965242775072876 7.3402823143500768 1.114594051962732 1.8817080347078159 1.0734604594473092 2.8488664098023802 0.63782595158927913 -0.97044669337656286 -0.041757217841084021 2.0268382359209802 4.4716138192304618 3.2185481759229027 1.4161860678842306 -0.47927094724989422 3.3769641406645348 0.43531949289066268 0.69823145034465384 3.4003394388473756 0.18638807398652035 0.38868136624275318 2.1037355741813997 0.39412567616982636
leaf_weight=112119 5866 49 65 27627 669 16584 33 27 28 4005 135 66183 21 21 22 28 36 52 24 91 21 31 155 479 73 434 660 70 1577 36 75 29 38 20 27060 21 33 20 259 22 387 23 484 185 243 42 73 26 9492 148 29 25 39 29 37 29 61 28 2412 4902 20 721
leaf_count=112119 5866 49 65 27627 669 16584 33 27 28 4005 135 66183 21 21 22 28 36 52 24 91 21 31 155 479 73 434 660 70 1577 36 75 29 38 20 27060 21 33 20 259 22 387 23 484 185 243 42 73 26 9492 148 29 25 39 29 37 29 61 28 2412 4902 20 721
internal_value=0.000467876 0.596627 1.74524 -0.0300211 0.499898 0.0908561 0.328472 0.920687 1.61956 0.175977 1.44958 -0.0683052 1.18072 2.14215 0.50811 2.262 2.02269 0.960001 1.65473 0.724325 0.918182 2.1754 0.834311 1.04663 0.9402 0.801168 0.931635 0.596147 0.268695 0.421366 1.47847 3.01182 2.05777 2.93778 -0.0367403 2.43827 2.08026 3.30564 0.354727 1.46835 0.419206 5.85214 1.08808 1.32698 0.86815 1.87068 1.11222 0.0768077 0.0268231 1.74702 3.53887 1.32184 1.63527 0.608269 2.40115 1.72747 0.0120586 2.55693 0.278151 0.326416 0.395694 0.562477
internal_weight=284233 13829 1074 270404 12755 65042 9063 3692 539 27923 1002 205362 722 280 43 268 211 577 146 431 834 52 782 627 594 3153 1998 94 8229 2363 140 65 145 58 93243 237 168 69 2223 87 1964 72 1338 669 271 115 279 47 37119 184 57 232 159 68 91 54 152 48 11339 7334 4922 1155
internal_count=284233 13829 1074 270404 12755 65042 9063 3692 539 27923 1002 205362 722 280 43 268 211 577 146 431 834 52 782 627 594 3153 1998 94 8229 2363 140 65 145 58 93243 237 168 69 2223 87 1964 72 1338 669 271 115 279 47 37119 184 57 232 159 68 91 54 152 48 11339 7334 4922 1155
cat_boundaries=0 1 2 4 5 7 9 11
cat_threshold=4 6 2164424722 520 10 2366802422 138 75500513 130 2148532230 520
is_linear=0
shrinkage=0.03


Tree=29
num_leaves=63
num_cat=2
split_feature=9 10 9 5 7 3 3 3 9 9 7 7 9 9 9 7 7 3 5 5 7 5 7 3 9 3 9 7 7 9 10 3 9 7 5 1 5 9 10 7 3 5 7 5 9 7 3 3 10 9 3 9 10 7 5 3 3 7 2 7 7 7
split_gain=5.40207e+06 1.53443e+06 1.30906e+06 941141 3.01177e+06 830997 416165 373847 327860 280193 257468 225881 380458 302474 215133 196516 511755 437751 1.13676e+06 181948 176219 154960 142812 122221 120477 104368 101419 88531 80869.3 74257.2 72205.8 65447.9 108570 92851.1 63194.4 86286.1 101913 64208.6 64577.1 64149.9 63101.1 57895 56779.1 195857 210955 126063 117963 108594 56621.6 150523 81173.2 89159.1 73474.6 101824 54934 53071.9 55951.2 224723 55432.5 75504 57326.7 88756.5
threshold=223.62500000000003 583.00000000000011 69.604166666666686 1.5000000000000002 1839.5000000000002 4.5000000000000009 5.5000000000000009 3.5000000000000004 416.87500000000006 124.62500000000001 290.50000000000006 1778.5000000000002 339.87500000000006 547.12500000000011 356.62500000000006 994.50000000000011 979.50000000000011 1.5000000000000002 11.500000000000002 10.500000000000002 1833.5000000000002 9.5000000000000018 260.50000000000006 2.5000000000000004 35.259615384615394 3.5000000000000004 381.12500000000006 1002.5000000000001 173.50000000000003 117.87500000000001 162.81250000000003 4.5000000000000009 893.62500000000011 244.50000000000003 9.5000000000000018 0 5.5000000000000009 297.62500000000006 215.56250000000003 614.50000000000011 4.5000000000000009 7.5000000000000009 910.50000000000011 7.5000000000000009 547.12500000000011 933.50000000000011 3.5000000000000004 2.5000000000000004 479.62500000000006 679.87500000000011 5.5000000000000009 416.87500000000006 419.18750000000006 772.50000000000011 11.500000000000002 3.5000000000000004 1.0000000180025095e-35 1714.5000000000002 1 858.50000000000011 574.50000000000011 559.50000000000011
decision_type=2 2 2 2 2 2 2 2 2 2 2 2 2 2 2 2 2 2 2 2 2 2 2 2 2 2 2 2 2 2 2 2 2 2 2 1 2 2 2 2 2 2 2 2 2 2 2 2 2 2 2 2 2 2 2 2 2 2 1 2 2 2
left_child=2 5 24 4 20 11 15 29 -8 -9 -10 26 -13 -14 34 16 22 18 -17 27 -3 48 31 -18 -1 -6 30 41 -28 -4 -2 33 -33 -5 35 36 37 38 -7 -38 -26 -12 46 45 47 -44 -24 -45 49 50 -16 -52 53 -53 -19 56 57 -30 59 -58 61 -60
right_child=1 3 7 6 25 14 8 9 10 -11 19 12 13 -15 21 17 23 54 -20 -21 -22 -23 42 -25 40 -27 28 -29 55 -31 -32 32 -34 -35 -36 -37 39 -39 -40 -41 -42 -43 43 44 -46 -47 -48 -49 -50 -51 51 52 -54 -55 -56 -57 58 -59 60 -61 -62 -63
leaf_value=-0.093786519353967729 1.6082709884923225 11.367815605811085 -0.013356589401838545 1.1408931779082485 -1.3075963258611198 2.3053976929922237 5.8687874514376945 0.087434250330832436 3.3498389892715843 0.26981225276402759 2.1965175580978396 0.10945403391663007 5.859290531443361 1.5985741173418382 1.0186388306203018 -0.038659676272428174 2.7375260093379286 -0.28207126327961751 7.9026000662410958 3.7251253090077392 7.6032799215452354 0.28219475919294323 0.30009946671323495 5.6971238936428206 -0.062216875238475557 1.1826264199443246 1.3615557215949183 -0.91001638424860953 0.47551396004341884 0.065588812156403414 0.22425553315556057 1.2058268757456356 3.8531939616326469 2.5662839308678493 0.42543920375369831 0.67990783402956767 2.0196383859668643 -0.55539735850996497 0.03003381830033424 1.1333986600663948 -0.0061077448393156855 0.61631257406288698 1.5871562487597135 3.5888004041646981 -0.40615883557922894 4.2436494423937505 1.3162945333819449 0.67292052665314106 1.8993760859203155 -0.79251615492608452 1.2552285192981787 1.8825945061662772 1.4641081617764315 4.0765054679511321 -1.54918434238196 0.79234953297794486 0.26406527700212601 3.5570603635713649 0.28123899109978984 1.8725390989962807 -0.066495143337108806 1.8433750582401771
leaf_weight=103092 34 27 28231 257 36 21 22 22879 83 11339 32 81 24 40 277 61 27 133 22 22 21 127 322 24 62157 26 91 23 274 17291 6787 29 27 49 545 1678 124 40 24 182 25415 60 49 23 81 24 151 23 169 30 157 41 54 36 40 312 63 23 352 45 468 36
leaf_count=103092 34 27 28231 257 36 21 22 22879 83 11339 32 81 24 40 277 61 27 133 22 22 21 127 322 24 62157 26 91 23 274 17291 6787 29 27 49 545 1678 124 40 24 182 25415 60 49 23 81 24 151 23 169 30 157 41 54 36 40 312 63 23 352 45 468 36
internal_value=0.000456788 0.578784 -0.0291202 1.42455 4.10683 0.460707 1.23803 0.072948 2.38304 0.147871 2.03194 0.302488 1.47619 3.20304 0.850252 1.03139 1.20764 0.283524 2.07319 1.23162 9.74012 1.25285 1.06282 4.13876 -0.0718075 -0.263038 0.282413 0.751757 0.492406 0.0166299 0.231178 1.54335 2.48688 1.36992 0.712978 0.788694 1.20701 0.318405 1.09469 1.49308 -0.045933 1.16777 0.804151 1.22795 0.515392 2.46518 0.624724 2.13555 1.41414 1.27602 1.38598 1.73881 2.31694 2.91231 -0.575788 0.442039 0.355306 0.715279 0.244335 0.856198 0.155229 0.426625
internal_weight=284233 13829 270404 1694 110 12135 1584 79740 242 34218 220 8630 145 64 3505 1342 1086 256 83 137 48 891 1035 51 190664 62 8485 115 1664 45522 6821 362 56 306 2614 2069 391 85 45 306 87572 92 673 200 127 73 473 46 764 595 565 288 131 77 173 1573 1261 297 964 108 856 388
internal_count=284233 13829 270404 1694 110 12135 1584 79740 242 34218 220 8630 145 64 3505 1342 1086 256 83 137 48 891 1035 51 190664 62 8485 115 1664 45522 6821 362 56 306 2614 2069 391 85 45 306 87572 92 673 200 127 73 473 46 764 595 565 288 131 77 173 1573 1261 297 964 108 856 388
cat_boundaries=0 2 3
cat_threshold=16777216 520 2
is_linear=0
shrinkage=0.03


Tree=30
num_leaves=63
num_cat=3
split_feature=8 8 7 7 8 3 3 7 7 3 8 9 5 11 3 7 7 9 8 9 7 8 7 7 8 5 7 7 8 9 7 3 10 10 11 7 3 3 5 11 8 3 2 9 11 10 11 7 10 10 5 9 11 8 9 11 11 4 4 11 11 7
split_gain=4.91211e+06 1.87369e+06 1.1712e+06 2.29675e+06 1.14495e+06 798236 298182 242921 452979 274532 208377 173745 170086 167888 163234 138233 204595 336267 133963 129993 131638 109679 107153 215023 94266.1 94184.2 93067.9 92180.8 80486.4 78750.1 119943 72872.8 70399.3 93751.6 117513 69497.9 87926.3 113450 72979.1 68809.7 68517.7 64686.1 63219.3 71054.2 66340 59083.1 61666.3 55686.7 87911.6 54435.7 118382 56340.8 54426.6 48883 76384.3 46427.7 73472.1 45700.3 43719.8 42799.5 48776.7 74716.4
threshold=207.25000000000003 652.50000000000011 1821.5000000000002 1839.5000000000002 73.055555555555571 4.5000000000000009 3.5000000000000004 994.50000000000011 979.50000000000011 4.5000000000000009 412.75000000000006 113.45 11.500000000000002 23.522727272727277 3.5000000000000004 1778.5000000000002 1815.5000000000002 339.87500000000006 36.625000000000007 893.62500000000011 267.50000000000006 489.25000000000006 941.50000000000011 925.50000000000011 1126.2500000000002 8.5000000000000018 987.50000000000011 1845.5000000000002 269.25000000000006 356.62500000000006 964.50000000000011 3.5000000000000004 754.56250000000011 419.18750000000006 307.75000000000006 267.50000000000006 1.0000000180025095e-35 2.5000000000000004 8.5000000000000018 32.583333333333343 1126.2500000000002 4.5000000000000009 0 153.37500000000003 64.137365350767141 197.68750000000003 46.005122405159327 979.50000000000011 583.00000000000011 583.00000000000011 9.5000000000000018 547.12500000000011 180.25000000000003 117.55000000000003 82.317307692307708 133.25000000000003 43.038461538461547 1 2 911.25000000000011 344.75000000000006 780.50000000000011
decision_type=2 2 2 2 2 2 2 2 2 2 2 2 2 2 2 2 2 2 2 2 2 2 2 2 2 2 2 2 2 2 2 2 2 2 2 2 2 2 2 2 2 2 1 2 2 2 2 2 2 2 2 2 2 2 2 2 2 1 1 2 2 2
left_child=4 5 7 12 18 15 29 8 9 22 28 -8 39 14 -9 21 17 -17 -1 25 24 31 23 32 -21 59 -10 -5 -7 53 -31 42 33 34 -3 36 -34 -38 -39 -4 -35 -20 43 -2 -44 -23 -47 48 -30 -46 51 -51 -13 -6 -55 56 -15 -49 -43 60 61 -11
right_child=1 2 3 27 6 10 11 13 26 19 -12 52 -14 55 -16 16 -18 -19 41 20 -22 45 -24 -25 -26 -27 -28 -29 47 30 -32 -33 35 40 -36 -37 37 38 -40 -41 -42 58 44 -45 49 46 -48 57 -50 50 -52 -53 -54 54 -56 -57 -58 -59 -60 -61 -62 -63
leaf_value=-0.089722723205540866 1.8943919758276007 0.91791267388043429 9.8655388669865829 -1.9580795891605207 -0.0087693937746999347 0.54252345991812845 0.081658951933524279 3.6322804550535648 5.3437496338705142 2.5681379989686368 1.3001194491869177 0.19202616560641655 5.6184996346866374 -0.45423813808354874 -0.00054211175263817624 0.086668818145990367 0.054400013551790152 4.4815019020796516 -0.056470526859429153 2.7320666560168578 1.5582601893179304 2.0530534110506213 -0.25969393589968259 3.438988026202249 5.1326798975934329 0.26559897240509278 2.8301101842419851 0.60340559257440196 0.92242644187753575 0.16449091732066912 2.9940607190487989 0.39466442352418685 3.0664985808755594 0.6831999218958994 3.4129841983367792 0.64907781821361232 0.48209935489337502 1.5024897832171931 3.5128948163036329 7.4588614939287359 -0.62934705525419132 0.083615858521410208 -0.69106924640462586 0.31771617882695247 0.1346977429464345 -0.95360897163292024 0.62529975438903929 0.74834252001911694 2.9268776355305715 2.8919351964337485 -0.219370317135827 0.97824806792104346 0.33584232018941373 1.7825144673632336 0.056145921006335024 -0.80133268413429493 0.9660555621657394 0.13802762504018148 -0.018212500767861382 3.0294249849641872 0.86526519810196256 0.7017931515046919
leaf_weight=109670 26 58 28 20 24553 1920 17508 25 28 76 555 9976 22 64 20 29 64 34 61929 32 36 25 55 34 28 36 26 34 1034 41 20 1877 35 278 24 79 66 47 25 21 41 4631 86 1815 5455 23 623 492 20 23 53 35 3106 23 15961 50 67 165 20799 28 41 26
leaf_count=109670 26 58 28 20 24553 1920 17508 25 28 76 555 9976 22 64 20 29 64 34 61929 32 36 25 55 34 28 36 26 34 1034 41 20 1877 35 278 24 79 66 47 25 21 41 4631 86 1815 5455 23 623 492 20 23 53 35 3106 23 15961 50 67 165 20799 28 41 26
internal_value=-0.00010309 0.513867 1.54159 4.31652 -0.0303877 0.41004 0.0727297 1.27949 1.46369 1.32496 0.758709 0.143462 7.85905 0.383513 2.0212 0.266491 1.24968 2.46187 -0.0676448 2.08588 2.99882 0.254043 1.01398 1.11598 3.85908 1.66123 4.141 -0.347103 0.67592 0.0194334 1.09565 0.227505 0.994514 0.747241 1.65148 1.38753 1.72415 1.38171 2.20449 8.85146 0.514349 -0.0399281 0.185626 0.338249 0.13507 0.624538 0.568941 0.825569 0.960738 0.14809 0.805505 1.74085 0.226174 0.0178111 0.0586414 -0.0245229 0.272332 0.608605 0.000357089 1.95471 1.74228 2.09359
internal_weight=284021 15804 1450 125 268217 14354 71188 1325 1099 1045 4186 30590 71 226 45 10168 127 63 197029 303 96 10041 742 687 60 207 54 54 3631 40598 61 9370 653 401 82 252 173 138 72 49 319 87359 7493 1841 5652 671 646 1711 1054 5566 111 58 13082 40537 15984 181 131 657 25430 171 143 102
internal_count=284021 15804 1450 125 268217 14354 71188 1325 1099 1045 4186 30590 71 226 45 10168 127 63 197029 303 96 10041 742 687 60 207 54 54 3631 40598 61 9370 653 401 82 252 173 138 72 49 319 87359 7493 1841 5652 671 646 1711 1054 5566 111 58 13082 40537 15984 181 131 657 25430 171 143 102
cat_boundaries=0 1 2 3
cat_threshold=10 8 16
is_linear=0
shrinkage=0.03


Tree=31
num_leaves=63
num_cat=6
split_feature=9 9 7 7 9 6 12 7 11 12 6 5 6 9 9 9 7 9 10 6 12 7 10 4 9 5 5 7 1 9 5 12 5 7 7 7 7 11 10 1 2 11 11 9 6 7 7 9 4 10 12 7 12 10 10 12 12 2 10 5 12 11
split_gain=4.53468e+06 1.34732e+06 1.10777e+06 2.69927e+06 1.03245e+06 727301 616208 1.51918e+06 378341 362308 271480 186542 177545 158963 156415 155299 154421 145650 127596 123516 115745 128080 102451 101972 98745 95427.8 94993.5 97982.8 90190.1 87802.7 85509.9 85449.5 80542.7 74279 321028 100399 266620 76406.3 72152.7 61190.5 60653.8 58633.8 124121 77040 58405.7 55039.3 54775.3 54634.9 54478.7 54224.5 50379.5 47780.9 125023 47573.6 68742 70756.1 106009 47345 46436.9 134399 41273.7 41227.8
threshold=201.62500000000003 473.87500000000006 1809.5000000000002 1839.5000000000002 68.045454545454561 1.0000000180025095e-35 28.500000000000011 1821.5000000000002 54.550000000000004 44.874999999999993 1.0000000180025095e-35 11.500000000000002 1.0000000180025095e-35 123.37500000000001 356.62500000000006 547.12500000000011 622.50000000000011 547.12500000000011 583.00000000000011 1.0000000180025095e-35 171.87500000000006 1714.5000000000002 33.752777777777787 0 893.62500000000011 6.5000000000000009 7.5000000000000009 902.50000000000011 1 114.8068181818182 4.5000000000000009 -260.62499999999994 9.5000000000000018 994.50000000000011 979.50000000000011 941.50000000000011 925.50000000000011 455.25000000000006 479.62500000000006 2 3 425.75000000000006 344.75000000000006 893.62500000000011 1.0000000180025095e-35 1833.5000000000002 1721.5000000000002 339.87500000000006 4 91.259615384615401 -22.999999999999993 1746.5000000000002 -50.499999999999986 374.56250000000006 754.56250000000011 124.00000000000003 269.87500000000006 5 583.00000000000011 9.5000000000000018 451.12500000000006 187.75000000000003
decision_type=2 2 2 2 2 2 2 2 2 2 2 2 2 2 2 2 2 2 2 2 2 2 2 1 2 2 2 2 1 2 2 2 2 2 2 2 2 2 2 1 1 2 2 2 2 2 2 2 1 2 2 2 2 2 2 2 2 1 2 2 2 2
left_child=4 5 8 6 22 20 -4 -8 17 16 29 45 33 48 18 25 19 -3 28 -10 47 26 -1 -18 -21 -14 27 30 -7 -6 -22 -5 38 34 35 36 37 53 -16 -15 -31 42 60 -43 -24 -9 -35 57 -12 -41 -40 58 -53 -11 61 -56 -57 -2 -49 -60 -17 -55
right_child=1 2 3 31 10 14 7 11 9 12 13 -13 15 39 32 41 23 -19 -20 24 21 -23 44 -25 -26 -27 -28 -29 -30 40 -32 -33 -34 46 -36 -37 -38 -39 50 49 -42 43 -44 -45 -46 -47 -48 51 -50 -51 -52 52 -54 54 55 56 -58 -59 59 -61 -62 -63
leaf_value=-0.090131598900693555 0.3304256684096315 1.688112529479896 10.823294336741863 0.19561999072618641 -0.0031476767082206508 0.72297134543284236 -0.92212793405028581 9.8598020260706889 0.73447290585037128 2.3329310339484874 0.16388090098028163 5.1436981007590212 2.2167228681191631 0.14369593533075309 1.1781792342239401 2.9877749143579591 0.58931065862030685 -0.34539386385589871 2.6350738785699592 1.2480738362281458 0.72608127094874864 3.2096180821821019 -0.061117614739557617 -0.35068348713624042 2.8072526678098297 -0.19445915103657851 -0.42793446606384411 -0.46672993092515341 0.39111780923331407 0.16431972270209927 2.8883735671281112 -1.7303694847894306 0.38454182536016962 -0.42332617936536782 4.2746022308206992 -0.39297837153907389 4.0769985781133791 0.50865513805157259 3.402401392618557 1.6237944466182865 0.045198457197318118 2.4429675764634138 0.19433413344544248 4.3718085212351001 -0.0087143911184790045 7.64830650943449 1.2638154636088677 0.30709207520754439 0.049901644074905806 0.32446510033634091 1.5539465069993634 2.7614899594280349 -0.26580479160384024 2.0250437510698691 0.76199780550509977 4.1860942289084866 1.4933894978315088 0.13988898423723589 2.8808205485653566 -0.39384621697853045 1.4379500110113796 0.74246248665326864
leaf_weight=95419 1447 36 22 79 35559 2183 26 21 624 40 6288 20 26 2434 437 73 300 260 28 217 32 21 65699 150 44 34 45 22 1258 5092 34 28 103 39 32 34 29 133 23 29 15759 46 23 32 27012 26 31 1712 9496 4536 32 25 24 26 30 22 33 6502 23 22 20 169
leaf_count=95419 1447 36 22 79 35559 2183 26 21 624 40 6288 20 26 2434 437 73 300 260 28 217 32 21 65699 150 44 34 45 22 1258 5092 34 28 103 39 32 34 29 133 23 29 15759 46 23 32 27012 26 31 1712 9496 4536 32 25 24 26 30 22 33 6502 23 22 20 169
internal_value=-9.80207e-05 0.479529 1.08974 3.12037 -0.0300575 0.360519 6.30916 5.23079 0.909518 1.04459 0.0608131 7.61635 1.52019 0.148215 0.69848 2.18808 0.733839 -0.0975788 0.621365 0.963899 0.221905 1.0377 -0.0683094 0.281266 1.51191 0.852286 0.692586 1.26545 0.604902 0.0255129 1.84272 -0.309494 1.1479 1.24537 1.36291 1.18154 1.29267 1.11356 1.30759 0.267216 0.0743902 2.60055 2.16886 3.23891 -0.0458496 8.65532 0.324531 0.209015 0.0954449 0.332028 2.33176 0.357966 1.28115 1.36473 1.22562 1.93756 2.57617 0.175169 0.332147 1.28248 2.65641 0.914439
internal_weight=284021 16698 2725 222 267323 13973 115 93 2503 2207 79193 67 872 22783 4064 254 1335 296 3469 885 9909 154 188130 450 261 60 133 88 3441 56410 66 107 595 618 548 516 482 453 492 6999 20851 194 116 78 92711 47 70 9755 15784 4565 55 1806 49 320 280 85 55 7949 1757 45 93 195
internal_count=284021 16698 2725 222 267323 13973 115 93 2503 2207 79193 67 872 22783 4064 254 1335 296 3469 885 9909 154 188130 450 261 60 133 88 3441 56410 66 107 595 618 548 516 482 453 492 6999 20851 194 116 78 92711 47 70 9755 15784 4565 55 1806 49 320 280 85 55 7949 1757 45 93 195
cat_boundaries=0 1 3 5 6 7 8
cat_threshold=8 2147910678 520 67111393 130 2 24 2
is_linear=0
shrinkage=0.03


Tree=32
num_leaves=63
num_cat=8
split_feature=11 12 7 7 3 11 12 11 7 3 2 7 11 2 11 12 5 5 7 7 12 5 3 11 12 4 7 3 11 7 11 3 7 7 11 3 11 11 1 7 7 5 12 11 3 12 1 5 5 7 3 12 5 5 7 7 7 1 12 1 1 11
split_gain=2.88502e+06 1.16307e+06 1.24159e+06 1.50906e+06 834057 686664 514999 383429 234410 228351 194727 338256 196095 188944 184574 153503 208251 394860 198868 296513 147896 946458 1.72732e+06 136709 134973 116463 255319 253940 140956 120933 107064 104579 102540 107022 97316.7 94196.9 79362.3 78469.7 74766.6 68673.8 89997.3 146120 67068.8 69486.8 65132.6 98856.7 64682.6 61577.8 80294.4 105048 60447.2 59602.6 59507.2 57238.1 55201.9 139258 52519.9 51202.1 50548.7 49126.1 47487.6 47316.8
threshold=177.25000000000003 99.125000000000014 1821.5000000000002 1839.5000000000002 4.5000000000000009 67.909348638041976 99.125000000000014 390.25000000000006 1002.5000000000001 3.5000000000000004 0 236.50000000000003 271.83706736797149 1 15.874960601557929 451.12500000000006 10.500000000000002 4.5000000000000009 874.50000000000011 1714.5000000000002 -122.49999999999999 10.500000000000002 1.5000000000000002 307.75000000000006 44.874999999999993 2 933.50000000000011 2.5000000000000004 455.25000000000006 987.50000000000011 32.041666666666671 3.5000000000000004 488.50000000000006 933.50000000000011 105.75000000000001 2.5000000000000004 31.879688155029726 35.519230769230774 3 220.50000000000003 267.50000000000006 7.5000000000000009 56.875000000000007 911.25000000000011 1.0000000180025095e-35 -260.62499999999994 4 9.5000000000000018 5.5000000000000009 527.50000000000011 4.5000000000000009 84.875000000000014 6.5000000000000009 6.5000000000000009 559.50000000000011 574.50000000000011 120.50000000000001 5 124.00000000000003 6 7 425.75000000000006
decision_type=2 2 2 2 2 2 2 2 2 2 1 2 2 1 2 2 2 2 2 2 2 2 2 2 2 1 2 2 2 2 2 2 2 2 2 2 2 2 1 2 2 2 2 2 2 2 1 2 2 2 2 2 2 2 2 2 2 1 2 1 1 2
left_child=1 5 13 36 6 20 31 10 24 57 11 12 -6 15 -15 16 17 -3 -19 -20 21 -1 -23 -8 47 26 28 -28 39 -27 -22 44 -26 42 -11 -18 -4 -16 -12 -25 -41 -42 -34 58 45 -2 61 48 -9 -50 -32 -47 -14 -39 -51 -56 -40 -7 -44 -46 -10 -33
right_child=4 2 3 -5 7 9 23 8 60 34 38 -13 52 14 37 -17 35 18 19 -21 30 22 -24 25 32 29 27 -29 -30 -31 50 46 33 -35 -36 -37 -38 53 56 40 41 -43 43 -45 59 51 -48 -49 49 54 -52 -53 -54 -55 55 -57 -58 -59 -60 -61 -62 -63
leaf_value=-0.13536215590692377 1.8140811193550723 -0.15351595423372849 8.0560717383187139 -1.7901801498214918 1.2175296086791676 0.035326527241867231 0.38792276169562984 0.45274712751321639 0.049511087076644839 0.063715515952815785 0.20173152140733253 0.57771026349472998 1.7777346266855614 2.6760337780776178 -0.94236151828167747 0.21621397571828962 -0.85244713549087892 6.2537425286170985 0.29152013976544267 4.6726155042504249 -0.086965573250846778 10.418563573267551 -0.15045143143743531 0.96941868217804605 4.1658248138427734 0.99380695597787017 5.2625050852934985 1.4368550353689291 0.085328418542890971 -1.2638742808781223 -0.056542537711786287 0.38991215472728435 2.7176609774206164 3.3110316473068893 0.17059003737298156 1.4504259390201208 5.6903208317688847 1.2929282620540463 0.077127741526051036 4.1330058017387206 3.2741147665198578 -0.16223359093737247 1.1276028390038553 2.4578743844203261 0.13497785134126009 0.22273496586932109 0.17207925177700795 0.36682647565462112 3.3824049505627012 0.72406439958598079 -0.0043035826785398834 1.6907879245043751 3.5251094112835548 -0.25552661395524329 3.6280597851989014 1.3550792833628771 0.54101882475579799 -0.030645777858571588 -0.61356504000758672 -0.02194242948761788 0.80094096671516857 0.84529544893656883
leaf_weight=297 36 33 39 23 252 19846 200 79 155 19275 1432 1674 27 21 86 79 28 21 24 33 89009 23 35 43 20 188 34 29 59 24 68663 1499 30 37 12734 37 21 34 248 21 25 20 52 25 6908 3021 1408 70 25 89 28092 25 52 58 27 236 1925 22673 21 2428 155 238
leaf_count=297 36 33 39 23 252 19846 200 79 155 19275 1432 1674 27 21 86 79 28 21 24 33 89009 23 35 43 20 188 34 29 59 24 68663 1499 30 37 12734 37 21 34 248 21 25 20 52 25 6908 3021 1408 70 25 89 28092 25 52 58 27 236 1925 22673 21 2428 155 238
internal_value=-9.15302e-05 -0.0283643 1.36624 4.73773 0.323259 -0.031238 0.207285 0.606689 1.14142 0.0457108 0.50935 0.747322 1.62724 0.748948 0.02184 1.26566 1.80819 2.59734 3.75991 2.83174 -0.0620508 0.549608 4.05138 1.03923 1.44155 1.33311 1.80102 3.50661 1.26685 0.704515 -0.0632201 0.172906 2.13872 1.89062 0.106233 0.458587 7.23895 -0.291379 0.373869 1.90569 2.51325 1.74981 1.47774 1.09576 0.133767 0.253346 0.327434 1.19599 1.32316 1.50537 -0.0413754 0.23484 2.93095 0.317478 1.37113 1.58973 0.485848 0.000148235 0.626524 0.0942888 0.452798 0.449765
internal_weight=284021 261184 537 83 22837 260647 16206 6631 1021 74528 5610 2005 331 454 199 255 176 111 78 57 186119 355 58 643 711 443 231 63 168 212 185764 15563 185 165 32009 65 60 178 3605 109 66 45 128 98 12418 3082 3145 526 456 377 96755 3046 79 92 352 263 2173 42519 73 9336 310 1737
internal_count=284021 261184 537 83 22837 260647 16206 6631 1021 74528 5610 2005 331 454 199 255 176 111 78 57 186119 355 58 643 711 443 231 63 168 212 185764 15563 185 165 32009 65 60 178 3605 109 66 45 128 98 12418 3082 3145 526 456 377 96755 3046 79 92 352 263 2173 42519 73 9336 310 1737
cat_boundaries=0 1 2 3 5 6 8 10 11
cat_threshold=4 3 7 83913184 128 1212534 2231503330 130 85100914 128 16777216
is_linear=0
shrinkage=0.03


Tree=33
num_leaves=63
num_cat=5
split_feature=8 8 7 7 8 3 3 7 7 3 8 11 3 9 7 4 9 7 7 12 12 12 8 11 7 7 8 1 9 11 7 7 12 7 9 7 7 7 7 3 1 12 11 7 3 3 12 8 9 9 7 7 11 11 11 11 1 3 3 2 11 9
split_gain=4.1638e+06 1.57657e+06 991645 1.9144e+06 967219 674780 252640 212521 399415 230157 178674 155576 149377 145012 143339 126177 168916 121764 180565 320929 117732 113523 113211 98873.1 97968.2 183701 95385.9 90644.6 92444.3 159443 89738.4 80856.6 139965 73370.4 69391.5 108678 64004.3 111727 152305 62714.2 57592.8 56863.3 77572.3 55574 54588.7 54151.7 118433 53268.4 70336.7 50162.9 110824 104121 49515.7 45719.8 45066 65116.8 44145.3 46138.5 43974.5 43238.1 77631.6 59611.4
threshold=207.25000000000003 652.50000000000011 1821.5000000000002 1839.5000000000002 73.055555555555571 4.5000000000000009 3.5000000000000004 994.50000000000011 979.50000000000011 4.5000000000000009 412.75000000000006 23.522727272727277 3.5000000000000004 113.45 1827.5000000000002 0 893.62500000000011 1778.5000000000002 1815.5000000000002 -50.499999999999986 -260.62499999999994 56.875000000000007 36.625000000000007 645.25000000000011 941.50000000000011 925.50000000000011 355.75000000000006 1 163.37500000000003 43.038461538461547 987.50000000000011 874.50000000000011 269.87500000000006 228.50000000000003 356.62500000000006 964.50000000000011 574.50000000000011 866.50000000000011 874.50000000000011 3.5000000000000004 2 124.00000000000003 271.83706736797149 1833.5000000000002 3.5000000000000004 1.5000000000000002 171.87500000000006 269.25000000000006 223.62500000000003 679.87500000000011 267.50000000000006 252.50000000000003 321.25000000000006 59.634615384615394 133.25000000000003 43.038461538461547 3 4.5000000000000009 3.5000000000000004 4 34.750000000000007 153.37500000000003
decision_type=2 2 2 2 2 2 2 2 2 2 2 2 2 2 2 1 2 2 2 2 2 2 2 2 2 2 2 1 2 2 2 2 2 2 2 2 2 2 2 2 1 2 2 2 2 2 2 2 2 2 2 2 2 2 2 2 1 2 2 1 2 2
left_child=4 5 7 14 22 17 34 8 9 24 27 12 -9 -8 -4 16 -11 26 19 -19 -5 -18 -1 31 25 36 58 -7 -29 -30 -10 32 33 -17 40 -36 41 52 -39 45 -6 -3 -43 -16 -24 46 53 -31 -49 -44 51 -51 -38 -28 55 -13 -15 -58 59 60 -2 -62
right_child=1 2 3 20 6 10 13 11 30 15 -12 54 -14 56 43 23 21 18 -20 -21 -22 -23 44 -25 -26 -27 39 28 29 47 -32 -33 -34 -35 35 -37 37 38 -40 -41 -42 42 49 -45 -46 -47 -48 48 -50 50 -52 -53 -54 -55 -56 -57 57 -59 -60 -61 61 -63
leaf_value=-0.082508531302157753 2.0481574905188373 0.85251547144053941 5.3324967377499268 1.1626964836559075 0.057880903637184775 0.27590331964800036 0.075452848115117946 3.4543202579543881 5.0412096747130253 1.9455298547439499 1.1997927526594379 -0.44763601784215146 -0.020788893628476267 0.13514441128745819 9.4519514573509991 1.3074524859771186 2.9748130905859353 4.4776914439247344 0.045771547744687009 0.19752063607222564 -1.6356926110970167 5.8100688740744513 -0.057461893668969276 2.8760520915241985 -0.28586207850226036 3.1766398970192826 -0.99860514512702592 2.1417366055454439 -0.9410149879596591 0.57391509922523398 2.5753865849286659 -0.71212249108346182 2.5823989398267391 -0.84181740691981355 0.14168048959578911 2.8350485679284851 -1.1385398805921321 3.586181211329218 0.52571353728581705 0.71326357373828886 -0.014460390194516034 0.54571474638973871 2.9101683839977297 7.2156924142508663 -0.0096021995373508206 0.16462268069876784 2.0835855769278697 -0.36423414283451511 0.8665088260425885 1.3353339926685606 -0.33467110850799703 3.9043746849710903 0.25111517573644415 0.44925922134528246 -0.82145081881277582 0.88945120176153292 0.14902206347757316 0.30045215977669582 0.32689110217043321 0.09964973227461292 1.7386509720022747 0.23517104721699389
leaf_weight=109670 22 294 25 26 17190 620 17508 25 28 103 555 64 20 4890 20 28 36 31 64 32 28 20 49522 23 55 34 20 39 54 1451 26 27 37 29 41 20 32 20 54 468 23347 50 35 26 37837 939 40 43 1424 44 21 21 82 850 50 67 2703 5489 1542 4556 24 1580
leaf_count=109670 22 294 25 26 17190 620 17508 25 28 103 555 64 20 4890 20 28 36 31 64 32 28 20 49522 23 55 34 20 39 54 1451 26 27 37 29 41 20 32 20 54 468 23347 50 35 26 37837 939 40 43 1424 44 21 21 82 850 50 67 2703 5489 1542 4556 24 1580
internal_value=-8.64156e-05 0.473118 1.41584 3.96922 -0.027969 0.377878 0.0668078 1.17467 1.34696 1.21669 0.698453 0.336637 1.91314 0.131915 7.20345 1.91341 2.51191 0.245897 1.16866 2.30744 -0.288606 3.99601 -0.0622125 1.00706 0.931951 1.02948 0.234213 0.621792 0.689794 0.67299 3.86097 0.732849 1.14824 0.214353 0.01775 1.028 0.917208 0.449738 1.35663 0.403037 0.0162271 1.10606 1.54122 8.20644 -0.0367329 0.32448 0.489391 0.702891 0.830409 1.95177 1.55876 2.1701 -0.139593 0.415861 -0.0561346 0.236352 0.207479 0.250184 0.183566 0.14781 0.280402 0.257776
internal_weight=284021 15804 1450 125 268217 14354 71188 1325 1099 1045 4186 226 45 30590 71 303 159 10168 127 63 54 56 197029 144 742 687 10041 3631 3011 2972 54 121 94 57 40598 61 653 188 74 2317 40537 465 171 46 87359 1849 910 2918 1467 121 86 65 114 870 181 131 13082 8192 7724 6182 1626 1604
internal_count=284021 15804 1450 125 268217 14354 71188 1325 1099 1045 4186 226 45 30590 71 303 159 10168 127 63 54 56 197029 144 742 687 10041 3631 3011 2972 54 121 94 57 40598 61 653 188 74 2317 40537 465 171 46 87359 1849 910 2918 1467 121 86 65 114 870 181 131 13082 8192 7724 6182 1626 1604
cat_boundaries=0 1 3 5 7 8
cat_threshold=8 67185088 128 84019682 128 75504609 195 10
is_linear=0
shrinkage=0.03


Tree=34
num_leaves=63
num_cat=0
split_feature=8 8 7 7 8 8 7 7 7 7 5 9 8 5 7 12 12 5 12 11 7 8 10 10 10 7 9 7 7 11 5 5 10 7 7 7 7 8 9 11 7 7 5 9 10 12 12 11 9 9 7 7 10 11 12 11 9 11 10 11 11 11
split_gain=3.91807e+06 1.48679e+06 969060 1.85731e+06 910379 182293 177744 408691 181237 178036 439449 170556 159696 141156 134603 136430 118537 106966 100927 90024.7 162498 89279.5 80530.2 78262 271741 76503.2 75773.4 69816.9 64940.1 60503.6 59927.3 59046.1 55930.8 100335 308054 244393 222270 95286.9 96339.7 59849.8 53563.9 75767.9 51505.5 49734.7 176908 233296 46236.5 45517.2 39899.9 44527.9 326794 39701.2 45831.5 102558 96582.1 53010.3 39595.3 52311.8 59811.4 38712 38676.5 37722.9
threshold=207.25000000000003 552.75000000000011 1821.5000000000002 1839.5000000000002 69.250000000000014 117.55000000000003 994.50000000000011 979.50000000000011 949.50000000000011 933.50000000000011 7.5000000000000009 893.62500000000011 355.75000000000006 11.500000000000002 267.50000000000006 124.00000000000003 -122.49999999999999 11.500000000000002 -260.62499999999994 133.25000000000003 1727.5000000000002 36.625000000000007 419.18750000000006 102.41477272727273 85.02500000000002 1778.5000000000002 473.87500000000006 1784.5000000000002 987.50000000000011 32.583333333333343 8.5000000000000018 9.5000000000000018 419.18750000000006 874.50000000000011 858.50000000000011 780.50000000000011 559.50000000000011 1126.2500000000002 547.12500000000011 151.96305368090029 173.50000000000003 159.50000000000003 1.5000000000000002 250.37500000000003 197.68750000000003 171.87500000000006 124.00000000000003 44.050000000000004 893.62500000000011 339.87500000000006 1759.5000000000002 173.50000000000003 583.00000000000011 911.25000000000011 10.750000000000004 232.97789477648504 679.87500000000011 425.75000000000006 583.00000000000011 321.25000000000006 20.338980070082723 52.634615384615394
decision_type=2 2 2 2 2 2 2 2 2 2 2 2 2 2 2 2 2 2 2 2 2 2 2 2 2 2 2 2 2 2 2 2 2 2 2 2 2 2 2 2 2 2 2 2 2 2 2 2 2 2 2 2 2 2 2 2 2 2 2 2 2 2
left_child=4 12 6 13 21 22 7 8 9 11 -11 32 23 29 15 -13 -8 19 -5 20 -18 -1 -6 24 -2 42 -24 47 -9 -4 -10 -16 33 34 35 36 40 38 -34 -38 41 -3 -14 -44 45 -45 -40 -22 49 -25 -51 -46 61 54 55 -54 59 58 -58 -48 -7 -53
right_child=1 2 3 18 5 60 16 28 30 10 -12 14 25 -15 31 -17 17 -19 -20 -21 27 -23 26 48 -26 -27 -28 -29 -30 -31 -32 -33 37 -35 -36 -37 39 -39 46 -41 -42 -43 43 44 51 -47 56 -49 -50 50 -52 52 53 -55 -56 -57 57 -59 -60 -61 -62 -63
leaf_value=-0.080033277386593549 -0.53921497755443926 0.63885399445690549 8.8382888550266241 0.95596999687656381 0.023687906017269868 1.3750696708025973 2.0186635142921379 4.5225282534227622 0.28304842635683297 4.7318716866159063 -0.14128902710590166 1.6433464112016809 -0.76463455193157115 4.9492289897866915 -0.30794792126386589 3.3476402580132625 2.8233580865890646 -0.98561792452155805 -1.5867964500888811 -0.45345578532671871 -0.86813522175907176 -0.038496233676000163 2.4398273110191853 0.27811627298531022 3.7225595648117746 2.2712510002433479 -0.025101236912876506 1.4563381361350034 2.498420963506589 6.5936872171338692 -1.6488450476657821 1.5034138078943042 0.091720346810957018 -0.16293828490930748 4.9740202814255845 -1.8940432160725527 1.8370964173231079 -0.34071542123984988 0.88671600475886492 3.888424168919538 0.25282142633383492 2.8311292504645014 -0.25101702807758347 0.36333209063672361 1.0593700600899372 4.8363040104197035 1.0076331882690315 0.64363609244816256 -0.52736532049663998 0.40124485746553012 3.8694429284476661 -0.56661058198984016 -0.81746663066970393 2.900458230429916 2.270001346605 0.65702380373299563 0.63912686779679517 0.027882582674671318 2.760118570761247 2.6311505089852578 0.11952205602757257 0.48569128742813139
leaf_weight=109670 29 37 28 28 49448 22 35 33 34 39 29 165 27 22 35 57 31 57 28 63 39 80947 24 9960 25 23 21 35 26 21 25 30 118 37 21 21 21 63 465 34 68 23 68 22 126 20 20 33 53 950 25 31 25 21 31 175 25 28 23 40 28085 2256
leaf_count=109670 29 37 28 28 49448 22 35 33 34 39 29 165 27 22 35 57 31 57 28 63 39 80947 24 9960 25 23 21 35 26 21 25 30 118 37 21 21 21 63 465 34 68 23 68 22 126 20 20 33 53 950 25 31 25 21 31 175 25 28 23 40 28085 2256
internal_value=-8.2358e-05 0.458947 1.23748 3.76979 -0.0271297 0.0594945 1.0596 1.19025 1.09103 1.15972 2.65641 1.08305 0.35019 6.98828 1.7308 2.08226 0.382966 0.160362 -0.315922 0.485684 0.914462 -0.0623943 0.0248437 0.298689 1.43701 0.551469 1.29196 0.359269 3.63634 7.89177 -0.536905 0.529044 0.904834 1.28435 1.52232 1.16473 1.51659 0.77753 0.875551 3.11 0.830006 1.48259 0.537271 0.549966 0.570096 2.49982 1.0294 -0.175267 0.293082 0.297063 0.490564 0.53959 0.513754 0.897763 0.714511 0.472381 1.51623 1.05901 1.65912 2.09261 0.12051 0.471402
internal_weight=284021 15804 1937 127 268217 77600 1810 1517 1458 1399 68 1331 13867 71 287 222 293 258 56 201 138 190617 49493 11042 54 2825 45 107 59 49 59 65 1044 262 225 204 183 782 719 55 128 60 2802 2775 2707 42 601 72 10988 10935 975 2665 2539 252 231 200 136 76 48 60 28107 2287
internal_count=284021 15804 1937 127 268217 77600 1810 1517 1458 1399 68 1331 13867 71 287 222 293 258 56 201 138 190617 49493 11042 54 2825 45 107 59 49 59 65 1044 262 225 204 183 782 719 55 128 60 2802 2775 2707 42 601 72 10988 10935 975 2665 2539 252 231 200 136 76 48 60 28107 2287
is_linear=0
shrinkage=0.03


Tree=35
num_leaves=63
num_cat=5
split_feature=9 9 10 12 5 3 3 9 11 9 5 12 3 11 9 11 3 1 12 9 3 3 12 11 9 2 12 10 11 3 12 11 11 11 3 5 12 9 3 3 5 5 1 10 1 1 11 3 10 5 3 11 9 5 12 11 3 11 10 11 5 5
split_gain=3.49305e+06 1.136e+06 897643 643785 731185 550388 303962 252556 191180 174962 333607 1.01866e+06 154571 142505 139534 133390 124883 111677 105586 100438 82804.4 80635.1 78001.5 73711 72089.3 71423.8 63570.9 86314.1 67055.1 63574.1 57679.9 164698 94732.4 86118.1 69565.7 73591.1 56535 56131.6 53865.7 52876.6 56949.8 52395.9 59147.5 86759.3 48841.5 48766.3 56978.8 169106 46732.7 82855.2 45164 52664.2 160565 45047.7 77605.4 60807.8 43259.2 41281 40776.3 47925.2 42435.7 38594.9
threshold=267.37500000000006 101.30500000000002 754.56250000000011 3.7499999999999987 6.5000000000000009 4.5000000000000009 4.5000000000000009 55.333333333333343 271.83706736797149 473.87500000000006 10.500000000000002 -122.49999999999999 2.5000000000000004 911.25000000000011 181.37500000000003 67.909348638041976 5.5000000000000009 0 84.875000000000014 547.12500000000011 1.0000000180025095e-35 3.5000000000000004 99.125000000000014 390.25000000000006 547.12500000000011 1 269.87500000000006 374.56250000000006 29.527777777777782 5.5000000000000009 269.87500000000006 344.75000000000006 335.42068539401879 911.25000000000011 3.5000000000000004 8.5000000000000018 67.875 21.519230769230774 4.5000000000000009 5.5000000000000009 8.5000000000000018 9.5000000000000018 2 137.31250000000003 3 4 29.527777777777782 1.5000000000000002 112.18750000000001 6.5000000000000009 3.5000000000000004 33.472222222222229 356.62500000000006 3.5000000000000004 -56.749999999999979 114.59686144692273 3.5000000000000004 193.25000000000003 290.06250000000006 46.005122405159327 9.5000000000000018 7.5000000000000009
decision_type=2 2 2 2 2 2 2 2 2 2 2 2 2 2 2 2 2 1 2 2 2 2 2 2 2 1 2 2 2 2 2 2 2 2 2 2 2 2 2 2 2 2 1 2 1 1 2 2 2 2 2 2 2 2 2 2 2 2 2 2 2 2
left_child=1 7 5 16 12 9 25 37 -6 50 15 -12 -5 17 18 -11 -4 19 44 39 22 -9 -17 -18 -13 -3 28 -28 -19 -29 32 -32 -10 -34 35 -33 -15 -1 -39 -7 -41 42 43 -16 -8 46 47 -27 57 -50 51 52 -2 -45 -55 -56 61 -40 -30 -60 -61 -22
right_child=2 6 3 4 8 13 14 21 30 10 11 24 -14 36 41 20 23 26 -20 -21 56 -23 -24 -25 -26 45 27 29 58 -31 31 34 33 -35 -36 -37 -38 38 48 40 -42 -43 -44 53 -46 -47 -48 -49 49 -51 -52 -53 -54 54 55 -57 -58 -59 59 60 -62 -63
leaf_value=-0.095263865750683865 -0.030235525545039374 0.14755045170242534 0.41616913071768902 3.1075474392564471 0.077976036022534265 0.73090226074851095 0.098048873791766147 -0.026665374785622295 1.1352378897240987 -0.40892646181249176 6.5175722847096722 2.0785161799815164 5.614052832671514 1.5945320450457989 -1.1448732310075025 0.7704626182850296 1.1100542008615757 -0.46692203594274262 1.7401585814166252 1.902887239979707 0.52569230024166802 0.040019753237904077 2.0980454027454427 3.2643267753221328 0.058100207619535472 2.5364764623177374 2.3959393436702214 -0.30810868137393177 0.2889503221295312 1.5112288600562984 3.2485209861576045 1.3121219079203195 3.331953608748651 1.5781349029695249 1.6612378470988789 -1.0404381876978379 3.4490521555896256 -0.069536399759249662 -0.028910534571871382 1.3054047835413412 0.70992638529656316 0.20137876220352585 0.36907717167702619 -0.23049763881946764 0.23431734736319712 0.0055512649895506447 0.084539223008432945 -0.22748042378596914 -0.15963556211685465 2.1688776481992473 0.41686142631433265 0.17367198092967842 3.2562883354300878 2.5668071623625259 2.1287041205146555 0.7037135714664341 0.80515916663683051 0.37689956395612489 1.9637865772466552 0.79144348051628099 0.13200004681668168 0.063691485709139323
leaf_weight=46447 40 7693 350 37 58 659 4098 38003 43 139 34 20 57 46 22 152 41 63 39 101 383 28602 54 22 76 33 38 34 340 35 35 22 81 37 47 26 22 81548 34239 444 215 781 1553 39 5771 13860 10753 50 32 24 970 3774 20 22 28 678 232 227 26 395 113 283
leaf_count=46447 40 7693 350 37 58 659 4098 38003 43 139 34 20 57 46 22 152 41 63 39 101 383 28602 54 22 76 33 38 34 340 35 35 22 81 37 47 26 22 81548 34239 444 215 781 1553 39 5771 13860 10753 50 32 24 970 3774 20 22 28 678 232 227 26 395 113 283
internal_value=-0.000424623 -0.0200583 0.563168 1.49011 2.28439 0.472033 0.117003 -0.0472287 1.65097 0.319353 0.618002 2.06345 4.63183 0.844625 0.239357 0.466672 0.637791 0.80715 0.184238 0.984231 0.576945 0.00197101 1.11933 1.86637 0.480776 0.0677764 0.551679 1.24951 0.477749 0.615552 1.96435 1.49203 2.34454 2.78385 0.842132 0.0382424 2.19875 -0.0673925 -0.0562392 0.921159 1.11127 0.414212 0.485173 0.700059 0.178072 0.0428485 0.0905044 0.873136 -0.0248284 0.840332 0.233987 0.187709 1.06882 0.76225 0.815461 0.760526 0.452408 -0.0262366 0.545892 0.709398 0.644817 0.32942
internal_weight=284106 274542 9564 856 443 8708 45420 229122 349 6177 1373 130 94 2531 13031 1243 413 2463 9908 1419 1104 66605 206 63 96 32389 1044 107 937 69 291 130 161 118 95 48 68 162517 116070 1318 659 3123 2342 789 9869 24696 10836 83 34522 56 4804 3834 60 767 728 706 898 34466 874 534 508 666
internal_count=284106 274542 9564 856 443 8708 45420 229122 349 6177 1373 130 94 2531 13031 1243 413 2463 9908 1419 1104 66605 206 63 96 32389 1044 107 937 69 291 130 161 118 95 48 68 162517 116070 1318 659 3123 2342 789 9869 24696 10836 83 34522 56 4804 3834 60 767 728 706 898 34466 874 534 508 666
cat_boundaries=0 2 3 5 7 9
cat_threshold=2147647506 520 2 17040390 520 68164577 194 85068256 128
is_linear=0
shrinkage=0.03


Tree=36
num_leaves=63
num_cat=3
split_feature=8 8 8 5 12 9 4 8 11 9 9 8 11 10 10 10 5 10 8 11 5 10 11 5 9 11 11 10 8 10 11 9 9 11 9 5 8 11 11 10 11 9 12 12 11 8 10 5 11 11 10 1 8 12 10 11 5 9 1 5 8 9
split_gain=3.33225e+06 1.16678e+06 790248 746968 411854 216627 189088 165169 117839 100895 151462 134415 100644 84762.9 93499.6 83085.2 79322.9 79192.4 77185.7 202078 73894 97566.7 66211.1 115168 107567 65246.3 73832.4 107926 61130.7 71992.2 88336.7 57357.4 53529.3 52807.6 243288 52273.3 241274 109094 54281.7 49898.3 47659.1 42500.4 67375 42236.3 42033.3 39924.3 60300.2 75264.8 113052 39205 128100 39743.3 39099.9 35017.5 34051.1 34222 76148.8 33993.9 33789.4 58788.5 141350 32696.1
threshold=207.25000000000003 652.50000000000011 69.250000000000014 1.5000000000000002 -20.499999999999993 339.87500000000006 0 113.52777777777779 262.25000000000006 381.12500000000006 679.87500000000011 34.02934996804332 911.25000000000011 102.41477272727273 85.02500000000002 222.18750000000003 2.5000000000000004 33.752777777777787 1126.2500000000002 344.75000000000006 7.5000000000000009 754.56250000000011 199.63533621766706 7.5000000000000009 547.12500000000011 18.950000000000006 23.522727272727277 479.62500000000006 1126.2500000000002 754.56250000000011 25.583333333333336 146.62500000000003 473.87500000000006 30.050000000000001 297.62500000000006 10.500000000000002 294.25000000000006 30.522727272727273 33.972920839098585 583.00000000000011 455.25000000000006 893.62500000000011 9.2500000000000036 75.125000000000014 27.062500000000004 164.25000000000003 374.56250000000006 9.5000000000000018 50.527777777777786 645.25000000000011 203.31250000000003 1 489.25000000000006 -82.499999999999972 180.81250000000003 211.34570069662362 8.5000000000000018 679.87500000000011 2 8.5000000000000018 311.75000000000006 679.87500000000011
decision_type=2 2 2 2 2 2 1 2 2 2 2 2 2 2 2 2 2 2 2 2 2 2 2 2 2 2 2 2 2 2 2 2 2 2 2 2 2 2 2 2 2 2 2 2 2 2 2 2 2 2 2 1 2 2 2 2 2 2 1 2 2 2
left_child=2 5 9 4 -3 13 8 54 22 17 11 -11 15 14 -2 -7 -17 -1 32 -20 21 -21 24 -24 -5 -26 -27 -28 29 30 -8 -15 -10 34 -33 38 -37 -38 -18 61 -30 -34 -43 -23 -6 46 -9 -48 -49 51 -51 -35 57 -39 -4 -56 -57 58 59 60 -40 -32
right_child=1 3 7 6 44 12 28 45 18 10 -12 -13 -14 31 -16 16 35 -19 19 20 -22 43 23 -25 25 26 27 -29 40 -31 39 33 41 49 -36 36 37 53 52 -41 -42 42 -44 -45 -46 -47 47 48 -50 50 -52 -53 -54 -55 55 56 -58 -59 -60 -61 -62 -63
leaf_value=-0.078082144259435951 0.15786284128824868 0.65143546145619735 0.018270481680339751 2.9824827907096205 4.096846295877584 -1.326501668179197 1.870826023534401 0.085249077524674977 2.7328423134862527 3.8293101756065675 -0.20558077362681051 0.6438634219114806 1.3766930966858513 1.6183114112738612 2.6548685585731286 -0.40297018290437248 -0.51132859401744257 -0.039392327982992047 3.7796283737101062 0.46173158757826849 0.82840728125234853 1.8078671197529652 0.69411665378910137 -1.7982182012285504 -0.65589506719216872 2.4864144675570179 2.6553214965147127 0.37916671956574888 -0.71763525430326425 1.8655230696588498 0.91993960316514367 3.2315482757012339 1.0298364926463672 0.013848536724228883 -0.68804061141917072 3.5867892135759263 2.6859699397300605 1.3988546764009722 3.2359260937531067 -0.74054464072938186 0.75091435279710428 1.2091684680763601 2.592632009174237 3.5774251035519216 5.5403857154537715 0.16466718327623053 -0.2069388212667447 3.3814988383962143 0.40798915803212515 -0.45896353230375531 2.0362333300730957 0.26561151213704681 0.717184706201764 0.15992456292009113 0.15758236386258359 2.496403125364389 0.28208340129986759 -0.13948831893978045 0.40756993491911658 0.3324810007549141 0.7720566411045241 -0.25193539594992609
leaf_weight=95476 26 30 46969 22 40 22 29 21816 21 22 54 26 124 28 28 82 46 94982 42 22 84 21 60 23 25 25 22 124 68 35 55 27 406 611 30 28 20 24 22 47 28 108 45 30 37 8558 32 20 27 33 42 9854 740 139 180 20 46 80 1710 268 410 35
leaf_count=95476 26 30 46969 22 40 22 29 21816 21 22 54 26 124 28 28 82 46 94982 42 22 84 21 60 23 25 25 22 124 68 35 55 27 406 611 30 28 20 24 22 47 28 108 45 30 37 8558 32 20 27 33 42 9854 740 139 180 20 46 80 1710 268 410 35
internal_value=-0.000410246 0.421872 -0.0254078 1.22277 3.63628 0.339292 1.03498 0.0552499 1.21654 -0.0582821 0.884532 2.10885 0.536614 0.270643 1.45518 0.507567 0.51891 -0.0587875 1.42262 1.93287 1.43672 2.13457 0.72328 0.00210073 0.997717 0.773515 0.982771 0.723752 0.322751 0.630965 0.369682 0.264609 1.24725 0.261017 1.17096 0.540601 0.998312 0.600502 0.51109 0.0507665 -0.288941 1.19095 1.61752 2.85381 4.79682 0.109724 0.0882475 0.915068 1.67787 0.256085 0.939158 0.25118 0.525667 0.343108 0.0201147 0.372078 0.955896 0.468723 0.488919 0.672129 0.898258 0.464403
internal_weight=284106 15878 268228 1484 107 14394 1377 77668 1080 190560 102 48 3715 10679 54 3591 3569 190458 779 199 157 73 301 83 218 196 171 146 297 201 166 10625 580 10597 57 3487 211 183 3276 137 96 559 153 51 77 30453 21895 79 47 10540 75 10465 3230 163 47215 246 66 2490 2410 700 432 90
internal_count=284106 15878 268228 1484 107 14394 1377 77668 1080 190560 102 48 3715 10679 54 3591 3569 190458 779 199 157 73 301 83 218 196 171 146 297 201 166 10625 580 10597 57 3487 211 183 3276 137 96 559 153 51 77 30453 21895 79 47 10540 75 10465 3230 163 47215 246 66 2490 2410 700 432 90
cat_boundaries=0 1 3 4
cat_threshold=14 92283008 256 16908288
is_linear=0
shrinkage=0.03


Tree=37
num_leaves=63
num_cat=3
split_feature=9 10 9 5 7 3 7 12 3 3 3 7 7 3 7 9 9 9 9 7 9 9 5 7 3 7 9 9 12 5 12 3 12 3 1 9 9 7 3 3 1 10 5 3 9 12 7 10 3 12 3 10 10 9 3 12 9 7 12 7 10 1
split_gain=3.10503e+06 929177 744468 536429 2.27611e+06 526630 308226 930138 247793 227964 200014 171623 446718 320376 683213 160307 156857 155718 121825 195461 106409 104500 101561 86340.3 87163.5 85752.8 90417.8 87531.5 86020.8 81427.4 75967.6 75258.8 74849.1 78312 70785 69212.8 68281.2 66718.2 64636.6 64497.3 63602 60688.4 58663.5 59443.4 74026.4 125373 322662 54393.2 54656.6 53316.9 62256.1 51457.9 49314.5 49062.2 48146.7 65393.4 47324.6 46238.9 41420.9 76201.3 97246.1 38375.8
threshold=206.37500000000003 583.00000000000011 65.77500000000002 1.5000000000000002 1839.5000000000002 4.5000000000000009 1778.5000000000002 -122.49999999999999 5.5000000000000009 3.5000000000000004 2.5000000000000004 994.50000000000011 979.50000000000011 1.5000000000000002 1809.5000000000002 679.87500000000011 113.45 339.87500000000006 416.87500000000006 290.50000000000006 893.62500000000011 339.87500000000006 11.500000000000002 173.50000000000003 3.5000000000000004 267.50000000000006 893.62500000000011 381.12500000000006 84.875000000000014 9.5000000000000018 124.00000000000003 3.5000000000000004 3.4999999999999996 2.5000000000000004 0 21.519230769230774 356.62500000000006 910.50000000000011 4.5000000000000009 3.5000000000000004 1 754.56250000000011 2.5000000000000004 5.5000000000000009 679.87500000000011 84.875000000000014 622.50000000000011 754.56250000000011 4.5000000000000009 -260.62499999999994 4.5000000000000009 419.18750000000006 305.18750000000006 416.87500000000006 1.0000000180025095e-35 269.87500000000006 679.87500000000011 244.50000000000003 56.875000000000007 917.50000000000011 102.41477272727273 2
decision_type=2 2 2 2 2 2 2 2 2 2 2 2 2 2 2 2 2 2 2 2 2 2 2 2 2 2 2 2 2 2 2 2 2 2 1 2 2 2 2 2 1 2 2 2 2 2 2 2 2 2 2 2 2 2 2 2 2 2 2 2 2 1
left_child=2 5 35 4 10 6 23 -8 11 40 -3 12 25 14 56 -14 -11 34 -10 41 37 -9 47 36 54 26 -5 -27 57 42 -18 -30 33 -6 -7 -1 -2 -21 -37 -24 58 -20 -19 51 45 52 -47 48 -15 -29 -51 -44 -45 -26 55 -25 -13 -28 -4 60 -60 -40
right_child=1 3 9 8 32 17 7 21 18 16 -12 13 15 22 -16 -17 30 29 19 20 -22 -23 39 24 53 27 28 49 31 -31 -32 -33 -34 -35 -36 38 -38 -39 61 -41 -42 -43 43 44 -46 46 -48 -49 -50 50 -52 -53 -54 -55 -56 -57 -58 -59 59 -61 -62 -63
leaf_value=-0.090067896474643722 0.37937486729813619 5.2333767387760215 0.050132503972676469 0.68567757507517246 -1.1910199112010793 0.62750989751823305 6.2507341737208559 0.023421265765776456 3.7013337020768451 0.058685951449048909 9.0888457195132144 0.51959602945858663 1.5333050314441525 -0.1571659908164926 5.0942449430661778 4.8278636102312813 0.18530571920856034 -0.27932275163770909 1.6818278222663381 0.67152214261576559 -0.65983346992563974 1.8382713185708353 -0.81063138467857077 0.22876257302429912 0.28778624714716267 2.3584074128020354 0.85572752547312225 -0.11231596845370899 1.7645988403696591 0.30197480149698003 1.8712262705450731 3.9195280252862301 -1.9222020894692713 1.3371258455747133 0.3240193444202783 -0.061052615668628414 1.1946665261358562 2.2533356035886891 0.21318599035807653 -3.0978942627693287 -0.017680370380980082 3.3641158468851784 0.58662914665012222 2.2598664323363717 0.10803599810940069 0.86446142551510818 5.7800898201785866 -0.71066746501378308 1.6997028320660523 0.49197691892607537 1.3650116258203375 1.2604636720056692 1.1175536285115291 0.74040845154995205 0.075940520954383806 1.5948735802195897 -1.1772612496309502 2.323306725707786 2.5506887652101886 -0.07005772998532836 0.50149429737566142 -0.019713495203361537
leaf_weight=46447 455 20 15424 189 21 1722 30 114 27 22890 33 29 22 44 32 34 13230 30 32 58 32 38 25 1808 1646 24 99 102 44 165 24 22 25 23 1300 96874 116 41 637 20 32211 50 292 38 42 30 20 84 21 446 88 157 328 248 5656 32 30 24 28 118 81 40134
leaf_count=46447 455 20 15424 189 21 1722 30 114 27 22890 33 29 22 44 32 34 13230 30 32 58 32 38 25 1808 1646 24 99 102 44 165 24 22 25 23 1300 96874 116 41 637 20 32211 50 292 38 42 30 20 84 21 446 88 157 328 248 5656 32 30 24 28 118 81 40134
internal_value=-0.000396455 0.405477 -0.0246311 1.05975 2.97741 0.325629 0.209404 1.43253 0.915066 0.0493736 7.6466 0.760126 0.930934 0.104356 1.57201 3.53867 0.106243 0.611472 1.80463 1.56256 0.842463 0.478064 -0.584518 0.187042 0.165257 0.789917 1.15025 0.583399 1.61419 0.916757 0.188373 2.4878 -0.614909 0.130478 0.500119 -0.0584014 0.545189 1.32826 -0.0477158 -1.83187 0.00642762 2.7105 1.02497 1.06814 1.30873 1.4299 2.83839 -0.206804 0.444389 0.516052 0.636082 0.822481 1.23675 0.34709 0.119309 0.252608 -0.343694 1.14376 0.0560193 0.458264 1.02978 -0.0160267
internal_weight=284106 16008 268098 1741 122 14267 10143 182 1619 84006 53 1379 1094 285 91 56 36144 4124 240 213 131 152 194 9961 9390 1038 378 660 189 1102 13254 66 69 44 3022 184092 571 99 137645 45 47862 82 937 907 458 416 50 149 65 636 534 449 366 1894 7496 1840 59 123 15651 227 109 40771
internal_count=284106 16008 268098 1741 122 14267 10143 182 1619 84006 53 1379 1094 285 91 56 36144 4124 240 213 131 152 194 9961 9390 1038 378 660 189 1102 13254 66 69 44 3022 184092 571 99 137645 45 47862 82 937 907 458 416 50 149 65 636 534 449 366 1894 7496 1840 59 123 15651 227 109 40771
cat_boundaries=0 2 4 5
cat_threshold=2147877910 520 83888608 128 16777216
is_linear=0
shrinkage=0.03


end of trees

feature_importances:
Days_Since_Start=435
yoy_avg=325
Day_of_Week=298
lag_14d_avg=282
lag_28d_avg=248
Month=220
trend=219
lag_56d_avg=184
Neighborhood=61
Is_Weekend=39
Time_Bucket=26
Season=19

parameters:
[boosting: gbdt]
[objective: regression]
[metric: rmse]
[tree_learner: serial]
[device_type: cpu]
[data_sample_strategy: bagging]
[data: ]
[valid: ]
[num_iterations: 1000]
[learning_rate: 0.03]
[num_leaves: 63]
[num_threads: -1]
[seed: 42]
[deterministic: 0]
[force_col_wise: 0]
[force_row_wise: 0]
[histogram_pool_size: -1]
[max_depth: -1]
[min_data_in_leaf: 20]
[min_sum_hessian_in_leaf: 0.001]
[bagging_fraction: 0.8]
[pos_bagging_fraction: 1]
[neg_bagging_fraction: 1]
[bagging_freq: 5]
[bagging_seed: 400]
[bagging_by_query: 0]
[feature_fraction: 0.8]
[feature_fraction_bynode: 1]
[feature_fraction_seed: 30056]
[extra_trees: 0]
[extra_seed: 12879]
[early_stopping_round: 0]
[early_stopping_min_delta: 0]
[first_metric_only: 0]
[max_delta_step: 0]
[lambda_l1: 0.1]
[lambda_l2: 0.1]
[linear_lambda: 0]
[min_gain_to_split: 0]
[drop_rate: 0.1]
[max_drop: 50]
[skip_drop: 0.5]
[xgboost_dart_mode: 0]
[uniform_drop: 0]
[drop_seed: 17869]
[top_rate: 0.2]
[other_rate: 0.1]
[min_data_per_group: 100]
[max_cat_threshold: 32]
[cat_l2: 10]
[cat_smooth: 10]
[max_cat_to_onehot: 4]
[top_k: 20]
[monotone_constraints: ]
[monotone_constraints_method: basic]
[monotone_penalty: 0]
[feature_contri: ]
[forcedsplits_filename: ]
[refit_decay_rate: 0.9]
[cegb_tradeoff: 1]
[cegb_penalty_split: 0]
[cegb_penalty_feature_lazy: ]
[cegb_penalty_feature_coupled: ]
[path_smooth: 0]
[interaction_constraints: ]
[verbosity: -1]
[saved_feature_importance_type: 0]
[use_quantized_grad: 0]
[num_grad_quant_bins: 4]
[quant_train_renew_leaf: 0]
[stochastic_rounding: 1]
[linear_tree: 0]
[max_bin: 255]
[max_bin_by_feature: ]
[min_data_in_bin: 3]
[bin_construct_sample_cnt: 200000]
[data_random_seed: 175]
[is_enable_sparse: 1]
[enable_bundle: 1]
[use_missing: 1]
[zero_as_missing: 0]
[feature_pre_filter: 1]
[pre_partition: 0]
[two_round: 0]
[header: 0]
[label_column: ]
[weight_column: ]
[group_column: ]
[ignore_column: ]
[categorical_feature: 0,1,2,4]
[forcedbins_filename: ]
[precise_float_parser: 0]
[parser_config_file: ]
[objective_seed: 16083]
[num_class: 1]
[is_unbalance: 0]
[scale_pos_weight: 1]
[sigmoid: 1]
[boost_from_average: 1]
[reg_sqrt: 0]
[alpha: 0.9]
[fair_c: 1]
[poisson_max_delta_step: 0.7]
[tweedie_variance_power: 1.5]
[lambdarank_truncation_level: 30]
[lambdarank_norm: 1]
[label_gain: ]
[lambdarank_position_bias_regularization: 0]
[eval_at: ]
[multi_error_top_k: 1]
[auc_mu_weights: ]
[num_machines: 1]
[local_listen_port: 12400]
[time_out: 120]
[machine_list_filename: ]
[machines: ]
[gpu_platform_id: -1]
[gpu_device_id: -1]
[gpu_use_dp: 0]
[num_gpu: 1]

end of parameters

pandas_categorical:[["BRONX", "BROOKLYN", "MANHATTAN", "QUEENS", "STATEN ISLAND"], ["Borough Park", "Bronx Park and Fordham", "Bushwick and Williamsburg", "Canarsie and Flatlands", "Central Bronx", "Central Brooklyn", "Central Harlem", "Central Queens", "Chelsea and Clinton", "East Harlem", "East New York and New Lots", "Flatbush", "Gramercy Park and Murray Hill", "Greenpoint", "Greenwich Village and Soho", "High Bridge and Morrisania", "Hunts Point and Mott Haven", "Inwood and Washington Heights", "Jamaica", "Kingsbridge and Riverdale", "Lower East Side", "Lower Manhattan", "Mid-Island", "North Queens", "Northeast Bronx", "Northeast Queens", "Northwest Brooklyn", "Northwest Queens", "Port Richmond", "Rockaways", "South Shore", "Southeast Bronx", "Southeast Queens", "Southern Brooklyn", "Southwest Brooklyn", "Southwest Queens", "Stapleton and St. George", "Sunset Park", "Upper East Side", "Upper West Side", "West Central Queens", "West Queens"], ["Fall", "Spring", "Summer", "Winter"], ["afternoon", "evening", "morning", "night", "overnight"]]
